ID,Company_Name,Industry_Vertical,Sub_Category,City,State,Estimated_Employees,Estimated_Revenue_Range,AI_Automation_Use_Case,Estimated_Deal_Size,Decision_Maker_Title,Website,Priority_Score,Notes,Contact_Email,Alt_Emails,Contact_Phone,Alt_Phones,Email_Source
1,Ascension Medical Group,Healthcare / Medical Practices,Multi-Specialty,Chicago,IL,5000,$1B+,Patient scheduling AI,$25K-$50K,VP of Operations,www.ascension.org,5,Largest physician group with 1104 locations,info@ascension.org,contact@ascension.org,10331260218,7251741428; 17723590696,pattern
2,MDVIP,Healthcare / Medical Practices,Concierge Primary Care,Boca Raton,FL,2000,$500M-$1B,Patient engagement automation,$15K-$30K,Chief Technology Officer,www.mdvip.com,4,910 locations nationwide; concierge model,info@mdvip.com,contact@mdvip.com,2147483647,866.696.3847; 1107799841,pattern
3,Duly Health and Care,Healthcare / Medical Practices,Multi-Specialty,Downers Grove,IL,6000,$1B+,EHR integration AI,$25K-$50K,Chief Digital Officer,www.dulyhealthandcare.com,5,Largest independent multi-specialty group,info@dulyhealthandcare.com,contact@dulyhealthandcare.com,4740292990,509-3860840; +1-630-469-9200,pattern
4,Select Physical Therapy,Healthcare / Medical Practices,Physical Therapy,Mechanicsburg,PA,7000,$500M-$1B,Patient scheduling AI,$20K-$40K,VP of IT,www.selectphysicaltherapy.com,4,2000+ outpatient centers,info@selectphysicaltherapy.com,contact@selectphysicaltherapy.com,7947739205,6132909528; 2043315674,pattern
5,Concentra,Healthcare / Medical Practices,Urgent Care/Occupational,Addison,TX,10000,$1B+,Patient triage AI,$30K-$50K,Chief Information Officer,www.concentra.com,5,559 locations in 41 states,username@domain.com,,6356727118,2022050700; 4641744488,scraped
6,American Family Care,Healthcare / Medical Practices,Urgent Care,Birmingham,AL,4000,$500M-$1B,Patient check-in automation,$15K-$30K,VP of Technology,www.afcurgentcare.com,4,369 locations; franchise model,info@afcurgentcare.com,contact@afcurgentcare.com,3786737273,785978-1416; 1.8571428571,pattern
7,NextCare Holdings,Healthcare / Medical Practices,Urgent Care,Mesa,AZ,2000,$200M-$500M,Medical billing automation,$10K-$25K,Director of Operations,www.nextcare.com,4,174 locations,info@nextcare.com,contact@nextcare.com,,,pattern
8,MD Now Urgent Care,Healthcare / Medical Practices,Urgent Care,West Palm Beach,FL,1500,$100M-$200M,Patient follow-up automation,$10K-$20K,Chief Operating Officer,www.mdnow.com,3,110 locations in Florida,info@mdnow.com,contact@mdnow.com,,,pattern
9,MedExpress Urgent Care,Healthcare / Medical Practices,Urgent Care,Morgantown,WV,3000,$200M-$500M,Scheduling AI,$15K-$30K,VP of Operations,www.medexpress.com,4,110 locations; Optum subsidiary,info@medexpress.com,contact@medexpress.com,2878280618,1021205884; 1-800-367-1500,pattern
10,GoHealth Urgent Care,Healthcare / Medical Practices,Urgent Care,Atlanta,GA,2500,$200M-$500M,Patient triage AI,$15K-$30K,CTO,www.gohealthuc.com,4,Multi-health-system partnership model,unsubscribe@gohealthuc.com,ccpa@gohealthuc.com; legalaffairs@gohealthuc.com,1507349-5641,406.7708865; 1428165647,scraped
11,Forefront Dermatology,Healthcare / Medical Practices,Dermatology,Manitowoc,WI,2500,$200M-$500M,Patient scheduling AI,$15K-$25K,VP of IT,www.forefrontdermatology.com,4,339 physicians; 190+ clinics in 26 states,info@forefrontdermatology.com,contact@forefrontdermatology.com,1772141162,9999999999; 1757447290,pattern
12,Schweiger Dermatology Group,Healthcare / Medical Practices,Dermatology,New York,NY,1500,$100M-$200M,EHR integration AI,$10K-$20K,Director of Technology,www.schweigerderm.com,3,264 physicians,info@schweigerderm.com,contact@schweigerderm.com,9999999999,607417.1854; +1-844-337-6362,pattern
13,Epiphany Dermatology,Healthcare / Medical Practices,Dermatology,Austin,TX,800,$50M-$100M,Patient engagement automation,$10K-$20K,Chief Operating Officer,www.epiphanydermatology.com,3,169 physicians; growing network,info@epiphanydermatology.com,contact@epiphanydermatology.com,(371.551 2411,2063506169; 2032987295,pattern
14,U.S. Dermatology Partners,Healthcare / Medical Practices,Dermatology,Dallas,TX,2000,$200M-$500M,Medical billing automation,$15K-$25K,VP of Operations,www.usdermatologypartners.com,4,100+ locations in 8 states; 2M patients/year,info@usdermatologypartners.com,contact@usdermatologypartners.com,9999999999,1028350621; 17138791864,pattern
15,Integrated Dermatology,Healthcare / Medical Practices,Dermatology,Jacksonville,FL,1200,$100M-$200M,Appointment scheduling AI,$10K-$20K,Director of Operations,www.mydermgroup.com,3,Largest independent derm practice; 25+ states,info@mydermgroup.com,contact@mydermgroup.com,1724162637,1724780450; 17226257390,pattern
16,Rothman Orthopaedics,Healthcare / Medical Practices,Orthopedics,Philadelphia,PA,1500,$200M-$500M,Patient intake automation,$15K-$30K,Chief Information Officer,www.rothmanortho.com,4,Largest ortho group; est. 1970,info@rothmanortho.com,contact@rothmanortho.com,2026022820,18003219999; 12674791321,pattern
17,OrthoCarolina,Healthcare / Medical Practices,Orthopedics,Charlotte,NC,1200,$200M-$500M,Surgical scheduling AI,$15K-$30K,VP of Technology,www.orthocarolina.com,4,30+ locations in NC,info@orthocarolina.com,contact@orthocarolina.com,13776197044,2773035410; 10309335721,pattern
18,The Centers for Advanced Orthopaedics,Healthcare / Medical Practices,Orthopedics,Bethesda,MD,800,$100M-$200M,Patient follow-up automation,$10K-$25K,Director of IT,www.cfaortho.com,3,Large DC-area ortho group,info@cfaortho.com,contact@cfaortho.com,1768507599,1635527360; 1768507598,pattern
19,Illinois Bone & Joint Institute,Healthcare / Medical Practices,Orthopedics,Morton Grove,IL,700,$100M-$200M,EHR integration AI,$10K-$20K,Chief Operating Officer,www.ibji.com,3,100+ physicians; Chicago area,info@ibji.com,contact@ibji.com,1713870716,1763090158; 1718252774,pattern
20,Midwest Orthopaedics at Rush,Healthcare / Medical Practices,Orthopedics,Chicago,IL,500,$50M-$100M,Patient scheduling AI,$10K-$20K,Practice Administrator,www.rushortho.com,3,Top-ranked ortho practice,contact@rushortho.com,,6615346724,3053256444; 0323766903,pattern
21,WellNow Urgent Care,Healthcare / Medical Practices,Urgent Care,Syracuse,NY,1800,$100M-$200M,Patient triage AI,$10K-$25K,VP of Operations,www.wellnow.com,3,Expanding in Northeast US,info@wellnow.com,contact@wellnow.com,,,pattern
22,Fast Pace Health,Healthcare / Medical Practices,Urgent Care,Franklin,TN,2500,$200M-$500M,Clinical documentation AI,$15K-$30K,Chief Technology Officer,www.fastpacehealth.com,4,Rapid growth; rural-focused,info@fastpacehealth.com,contact@fastpacehealth.com,1734062602,1753407932; 1741727681,pattern
23,CityMD,Healthcare / Medical Practices,Urgent Care,New York,NY,3000,$500M-$1B,Patient check-in automation,$20K-$40K,VP of Technology,www.citymd.com,5,Part of VillageMD/Walgreens,info@citymd.com,contact@citymd.com,,,pattern
24,MinuteClinic (CVS Health),Healthcare / Medical Practices,Retail Health,Woonsocket,RI,4000,$500M-$1B,Patient scheduling AI,$25K-$50K,Director of Digital Health,www.cvs.com/minuteclinic,4,1100+ locations inside CVS,info@cvs.com,contact@cvs.com,6845098009,4243658649; 2072710835,pattern
25,Oak Street Health,Healthcare / Medical Practices,Primary Care,Chicago,IL,6000,$1B+,Care coordination AI,$30K-$50K,Chief Digital Officer,www.oakstreethealth.com,5,Now part of CVS; Medicare-focused,info@oakstreethealth.com,contact@oakstreethealth.com,8297009583,1686079937; 8888986762,pattern
26,agilon health,Healthcare / Medical Practices,Primary Care Platform,Long Beach,CA,800,$500M-$1B,Population health AI,$25K-$50K,VP of Technology,www.agilonhealth.com,5,Value-based care platform,info@agilonhealth.com,contact@agilonhealth.com,172.3954126,441276.5425; 774054.6648,pattern
27,One Medical,Healthcare / Medical Practices,Primary Care,San Francisco,CA,3000,$500M-$1B,Patient engagement AI,$20K-$40K,CTO,www.onemedical.com,4,Amazon subsidiary; tech-forward,techsupport@onemedical.com,feedback@onemedical.com; press@onemedical.com; strategicsourcing@onemedical.com,0156225786,1-888-663-6331; 888-663-6331,scraped
28,ChenMed,Healthcare / Medical Practices,Primary Care,Miami,FL,3500,$500M-$1B,Care management AI,$20K-$40K,Chief Information Officer,www.chenmed.com,4,Senior-focused primary care,info@chenmed.com,contact@chenmed.com,1124488044,1012052024; 1012045612,pattern
29,Privia Health,Healthcare / Medical Practices,Multi-Specialty,Arlington,VA,4000,$1B+,Revenue cycle AI,$25K-$50K,Chief Technology Officer,www.priviahealth.com,5,700+ provider groups,priviapress@priviahealth.com,compliance@priviahealth.com; physicians@priviahealth.com,1090060840,1439942037; 3651432023,scraped
30,Marathon Health,Healthcare / Medical Practices,Employer Health,Burlington,VT,1500,$200M-$500M,Patient scheduling AI,$15K-$25K,VP of Operations,www.marathon-health.com,3,Employer-sponsored health centers,hello@marathon.health,patient@marathon.health; press@marathon.health,16930780880,17714422102; 16932711066,scraped
31,VillageMD,Healthcare / Medical Practices,Primary Care,Chicago,IL,8000,$1B+,Clinical AI assistants,$30K-$50K,Chief Digital Officer,www.villagemd.com,5,Walgreens-backed; 680+ locations,patient-relations@villagemd.com,,6517503933,17721980090; 6517503932,scraped
32,Carbon Health,Healthcare / Medical Practices,Primary Care/Urgent,San Francisco,CA,2000,$200M-$500M,AI-powered diagnostics,$15K-$30K,CTO,www.carbonhealth.com,4,Tech-first healthcare,support@carbonhealth.com,billing@carbonhealth.com; u003ecarbonfap@carbonhealth.com; u003creferralteam@carbonhealth.com,1152807572,17594764037; +1-415-612-3256,scraped
33,Iora Health,Healthcare / Medical Practices,Primary Care,Boston,MA,1200,$100M-$200M,Care coordination AI,$15K-$25K,VP of Technology,www.iorahealth.com,3,Now part of One Medical,info@iorahealth.com,contact@iorahealth.com,,,pattern
34,PhyNet Dermatology,Healthcare / Medical Practices,Dermatology,Fort Worth,TX,600,$50M-$100M,Patient engagement automation,$10K-$20K,Director of Operations,www.phynetderm.com,3,Growing PE-backed derm platform,info@phynetderm.com,contact@phynetderm.com,,,pattern
35,Anne Arundel Dermatology,Healthcare / Medical Practices,Dermatology,Annapolis,MD,500,$50M-$100M,Scheduling and billing AI,$10K-$20K,Practice Manager,www.aadermatology.com,3,Mid-Atlantic derm leader,info@aadermatology.com,contact@aadermatology.com,1772479321,17302377673; 1772478798,pattern
36,Sanova Dermatology,Healthcare / Medical Practices,Dermatology,Austin,TX,400,$25M-$50M,Patient follow-up AI,$8K-$15K,Operations Director,www.sanovadermatology.com,3,Texas-based growing network,info@sanovadermatology.com,contact@sanovadermatology.com,,,pattern
37,Resurgens Orthopaedics,Healthcare / Medical Practices,Orthopedics,Atlanta,GA,600,$100M-$200M,Surgical scheduling AI,$10K-$25K,Director of IT,www.resurgens.com,3,Largest ortho in Atlanta,info@resurgens.com,,10000000000,9842590724; 2486714329,pattern
38,Optum Care,Healthcare / Medical Practices,Multi-Specialty,Eden Prairie,MN,50000,$10B+,AI clinical decision support,$40K-$50K,SVP of Innovation,www.optum.com,5,UnitedHealth subsidiary; massive network,info@optum.com,contact@optum.com,2878280618,17646923670; 17616083908,pattern
39,TeamHealth,Healthcare / Medical Practices,Hospital-Based,Knoxville,TN,20000,$5B+,Clinical documentation AI,$30K-$50K,Chief Digital Officer,www.teamhealth.com,5,16000+ clinicians,business_development@teamhealth.com,physicianjobs@teamhealth.com; patientbillinginquiries@teamhealth.com; media@teamhealth.com,1542740174,1023690 7292; 10974483231,scraped
40,Sound Physicians,Healthcare / Medical Practices,Hospital-Based,Tacoma,WA,4000,$500M-$1B,Revenue cycle AI,$20K-$40K,VP of Technology,www.soundphysicians.com,4,Multi-state hospitalist group,info@soundphysicians.com,contact@soundphysicians.com,17619418322,1770742473; 1770744814,pattern
41,Kirkland & Ellis,Legal / Law Firms,BigLaw,Chicago,IL,3828,$5B+,Document review AI,$40K-$50K,Chief Innovation Officer,www.kirkland.com,5,Am Law #1; $8.8B gross revenue,info@kirkland.com,contact@kirkland.com,,,pattern
42,Latham & Watkins,Legal / Law Firms,BigLaw,Los Angeles,CA,3584,$5B+,Contract analysis AI,$40K-$50K,Chief Technology Officer,www.lw.com,5,Am Law #2; $7B revenue,pr@lw.com,,1166821258,7972708479; 7599005028,scraped
43,DLA Piper,Legal / Law Firms,BigLaw,Chicago,IL,4827,$1B+,Intake automation,$30K-$50K,CIO,www.dlapiper.com,5,4827 attorneys; global reach,info@dlapiper.com,contact@dlapiper.com,,,pattern
44,Baker McKenzie,Legal / Law Firms,BigLaw,Chicago,IL,4700,$1B+,Contract lifecycle AI,$30K-$50K,Chief Innovation Officer,www.bakermckenzie.com,5,Global firm with AI appetite,info@bakermckenzie.com,contact@bakermckenzie.com,,,pattern
45,Gibson Dunn,Legal / Law Firms,BigLaw,Los Angeles,CA,1940,$1B+,Litigation analytics AI,$30K-$50K,Director of Innovation,www.gibsondunn.com,5,Am Law top 5; $3.5B revenue,inquiriesmedia@gibsondunn.com,inquiries@gibsondunn.com; media@gibsondunn.com; kmarquart@gibsondunn.com,1772316500,1772316503; 7078932045,scraped
46,Sidley Austin,Legal / Law Firms,BigLaw,Chicago,IL,1979,$1B+,Document review AI,$30K-$50K,CTO,www.sidley.com,4,Am Law top 10,info@sidley.com,contact@sidley.com,,,pattern
47,Ropes & Gray,Legal / Law Firms,BigLaw,Boston,MA,1466,$1B+,Due diligence AI,$30K-$50K,Chief Knowledge Officer,www.ropesgray.com,4,Am Law top 10; $3.4B revenue,info@ropesgray.com,contact@ropesgray.com,1250168159,17685124579; 081125-1430,pattern
48,Morgan Lewis,Legal / Law Firms,BigLaw,Philadelphia,PA,2200,$1B+,Contract analysis AI,$25K-$50K,Director of Legal Tech,www.morganlewis.com,4,2200+ lawyers,info@morganlewis.com,contact@morganlewis.com,,,pattern
49,Greenberg Traurig,Legal / Law Firms,BigLaw,Miami,FL,2750,$1B+,Client intake AI,$25K-$50K,CIO,www.gtlaw.com,4,Global reach; 45 offices,info@gtlaw.com,contact@gtlaw.com,,,pattern
50,Hogan Lovells,Legal / Law Firms,BigLaw,Washington,DC,2800,$1B+,Regulatory compliance AI,$25K-$50K,Chief Innovation Officer,www.hoganlovells.com,4,Strong regulatory practice,graduate.recruitment@hoganlovells.com,bdoperations@hoganlovells.com; accounts.payable@hoganlovells.com; informationsecurity@hoganlovells.com,13844977769,0000000029; 5118022188,scraped
51,Dorsey & Whitney,Legal / Law Firms,Mid-Size,Minneapolis,MN,550,$500M-$1B,Document review AI,$15K-$30K,Director of IT,www.dorsey.com,3,Am Law 101; $513M revenue,info@dorsey.com,contact@dorsey.com,,,pattern
52,Williams Mullen,Legal / Law Firms,Mid-Size,Richmond,VA,300,$100M-$200M,Contract analysis AI,$10K-$25K,Director of Technology,www.williamsmullen.com,3,Am Law 173; $195M revenue,ask@williamsmullen.com,acctsdisb@williamsmullen.com; mediainquiry@williamsmullen.com,+1-804-420-6000,+1-804-420-6507; 3153600000,scraped
53,Freeman Mathis & Gary,Legal / Law Firms,Mid-Size,Atlanta,GA,350,$100M-$200M,Litigation support AI,$10K-$25K,Chief Operating Officer,www.fmglaw.com,3,Am Law 185; fast growing,info@fmglaw.com,contact@fmglaw.com,1769517429,1705596436; 1054343634,pattern
54,Corboy & Demetrio,Legal / Law Firms,Personal Injury,Chicago,IL,50,$50M-$100M,Case intake AI,$10K-$20K,Managing Partner,www.corboydemetrio.com,3,$5B+ in verdicts,info@corboydemetrio.com,contact@corboydemetrio.com,1772144773,7944887913; 800.356.3191,pattern
55,Thomas J. Henry,Legal / Law Firms,Personal Injury,San Antonio,TX,200,$100M-$200M,Lead intake automation,$15K-$25K,Director of Operations,www.thomasjhenrylaw.com,4,Major PI firm; national reach,info@tjhlaw.com,,+1-361-254-7873,(210) 941-2939; (512) 520-0221,scraped
56,Lubin & Meyer,Legal / Law Firms,Personal Injury,Boston,MA,30,$25M-$50M,Case assessment AI,$8K-$15K,Managing Partner,www.lubinandmeyer.com,3,36 million-dollar verdicts in 2024,info@lubinandmeyer.com,contact@lubinandmeyer.com,(617) 720-4447,1029697315; 10936253773,pattern
57,Reeves Law Group,Legal / Law Firms,Personal Injury,Los Angeles,CA,40,$25M-$50M,Client intake automation,$8K-$15K,Office Manager,www.reaborneslaw.com,3,30+ years; $250M+ recovered,info@reaborneslaw.com,contact@reaborneslaw.com,,,pattern
58,Levin & Perconti,Legal / Law Firms,Personal Injury,Chicago,IL,25,$10M-$25M,Case management AI,$8K-$15K,Managing Partner,www.levinperconti.com,3,200+ years combined experience,info@levinperconti.com,contact@levinperconti.com,2147483630,4537203526; 3852306660,pattern
59,Goldberg Persky & White,Legal / Law Firms,Personal Injury,Pittsburgh,PA,80,$25M-$50M,Document review AI,$10K-$20K,Director of IT,www.gpwlaw.com,3,35+ years; asbestos focus,info@gpwlaw.com,contact@gpwlaw.com,1745953746,1768317983; 11482029215,pattern
60,Nelson Mullins,Legal / Law Firms,Mid-Size,Columbia,SC,900,$500M-$1B,Contract lifecycle AI,$20K-$35K,Chief Innovation Officer,www.nelsonmullins.com,4,Am Law 100; 30+ offices,gc@nelsonmullins.com,,+1-800-237-2000,1765986385; 1764949613,scraped
61,Polsinelli,Legal / Law Firms,Mid-Size,Kansas City,MO,1000,$500M-$1B,Healthcare regulatory AI,$20K-$35K,CIO,www.polsinelli.com,4,Am Law 100; health law focus,info@polsinelli.com,contact@polsinelli.com,,,pattern
62,Husch Blackwell,Legal / Law Firms,Mid-Size,Kansas City,MO,750,$500M-$1B,Contract analysis AI,$15K-$30K,Director of Innovation,www.huschblackwell.com,4,18 offices; diverse practice,info@huschblackwell.com,contact@huschblackwell.com,,,pattern
63,Littler Mendelson,Legal / Law Firms,Employment Law,San Francisco,CA,1800,$1B+,Employment compliance AI,$20K-$40K,Chief Technology Officer,www.littler.com,4,Largest employment law firm,info@littler.com,contact@littler.com,,,pattern
64,Fisher Phillips,Legal / Law Firms,Employment Law,Atlanta,GA,600,$200M-$500M,HR compliance AI,$15K-$25K,Director of IT,www.fisherphillips.com,3,37 offices; labor law focus,fpcontactus@fisherphillips.com,,1439760884,1318970872; 500.0000000,scraped
65,Ogletree Deakins,Legal / Law Firms,Employment Law,Greenville,SC,950,$500M-$1B,Document automation,$15K-$30K,CIO,www.ogletree.com,4,56 offices; employment law,info@ogletree.com,contact@ogletree.com,1999999999,591748-1024; 591748-1536,pattern
66,Jackson Lewis,Legal / Law Firms,Employment Law,White Plains,NY,950,$500M-$1B,Intake automation,$15K-$30K,Director of Technology,www.jacksonlewis.com,4,58 offices nationwide,info@jacksonlewis.com,contact@jacksonlewis.com,133178.1687,034092.1687; 273611.1687,pattern
67,Ice Miller,Legal / Law Firms,Mid-Size,Indianapolis,IN,350,$200M-$500M,Contract review AI,$10K-$25K,Director of IT,www.icemiller.com,3,Strong Midwest presence,info@icemiller.com,contact@icemiller.com,12417176891,,pattern
68,Ballard Spahr,Legal / Law Firms,Mid-Size,Philadelphia,PA,600,$500M-$1B,eDiscovery AI,$15K-$30K,Chief Innovation Officer,www.ballardspahr.com,4,15 offices; diverse practice,info@ballardspahr.com,contact@ballardspahr.com,,,pattern
69,Blank Rome,Legal / Law Firms,Mid-Size,Philadelphia,PA,600,$500M-$1B,Document review AI,$15K-$30K,Director of Technology,www.blankrome.com,4,14 offices nationwide,webmaster@blankrome.com,,1187609169,1499331632; 1465854239,scraped
70,Stoel Rives,Legal / Law Firms,Mid-Size,Portland,OR,400,$200M-$500M,Contract analysis AI,$10K-$25K,Director of IT,www.stoel.com,3,West Coast focused,info@stoel.com,contact@stoel.com,,,pattern
71,Sheppard Mullin,Legal / Law Firms,Mid-Size,Los Angeles,CA,1000,$500M-$1B,Legal research AI,$20K-$35K,CIO,www.sheppardmullin.com,4,Am Law 100; 16 offices,info@sheppardmullin.com,contact@sheppardmullin.com,,,pattern
72,Seyfarth Shaw,Legal / Law Firms,Mid-Size,Chicago,IL,900,$500M-$1B,Process automation AI,$20K-$35K,Chief Innovation Officer,www.seyfarth.com,4,Known for legal innovation,info@seyfarth.com,contact@seyfarth.com,,,pattern
73,Lewis Brisbois,Legal / Law Firms,Mid-Size,Los Angeles,CA,1500,$500M-$1B,Litigation analytics AI,$15K-$30K,Director of Technology,www.lewisbrisbois.com,4,50+ offices; rapid growth,info@lewisbrisbois.com,contact@lewisbrisbois.com,2401994693,1768417779; 128.172 3228,pattern
74,Buchanan Ingersoll & Rooney,Legal / Law Firms,Mid-Size,Pittsburgh,PA,400,$200M-$500M,Client intake AI,$10K-$25K,Director of IT,www.bipc.com,3,15 offices,info@bipc.com,contact@bipc.com,,,pattern
75,Burns & Levinson,Legal / Law Firms,Mid-Size,Boston,MA,125,$50M-$100M,Contract review AI,$8K-$20K,Managing Partner,www.burnslev.com,3,Founded 1960; Boston-based,info@burnslev.com,contact@burnslev.com,,,pattern
76,Davis Wright Tremaine,Legal / Law Firms,Mid-Size,Seattle,WA,550,$500M-$1B,Document review AI,$15K-$30K,CIO,www.dwt.com,4,9 offices; NW focus,info@dwt.com,contact@dwt.com,,,pattern
77,Dentons,Legal / Law Firms,BigLaw,Washington,DC,12000,$1B+,Knowledge management AI,$30K-$50K,Chief Innovation Officer,www.dentons.com,5,World largest law firm,info@dentons.com,contact@dentons.com,,,pattern
78,Jones Day,Legal / Law Firms,BigLaw,Cleveland,OH,2400,$1B+,Document review AI,$30K-$50K,CTO,www.jonesday.com,5,42 offices globally,info@jonesday.com,contact@jonesday.com,,,pattern
79,Quinn Emanuel,Legal / Law Firms,Litigation,Los Angeles,CA,900,$1B+,Litigation analytics AI,$25K-$50K,Director of Innovation,www.quinnemanuel.com,5,Top litigation firm,publicrelations@quinnemanuel.com,,6390804786,,scraped
80,Paul Weiss,Legal / Law Firms,BigLaw,New York,NY,1100,$1B+,Due diligence AI,$30K-$50K,Chief Knowledge Officer,www.paulweiss.com,5,Am Law top 10; NY-based,pdavidson@paulweiss.com,dprice@paulweiss.com; lvandrie@paulweiss.com; probono@paulweiss.com,0526554893,5173676587; 0000036555,scraped
81,Greystar,Real Estate / Property Management,Multifamily PM,Charleston,SC,25000,$1B+,Lead qualification AI,$25K-$50K,Chief Technology Officer,www.greystar.com,5,980K+ units; largest multifamily manager,bob@greystar.com,,0000000031,17722627784; 17722626614,scraped
82,Asset Living,Real Estate / Property Management,Multifamily PM,Houston,TX,8000,$500M-$1B,Tenant screening AI,$20K-$40K,VP of Technology,www.assetliving.com,4,289K units managed,info@assetliving.com,,5331610730,4166666666; 8126951092,pattern
83,RPM Living,Real Estate / Property Management,Multifamily PM,Austin,TX,5000,$200M-$500M,Listing automation,$15K-$30K,Director of Innovation,www.rpmliving.com,4,219K units managed,info@rpmliving.com,contact@rpmliving.com,5124809886,(999) 999-9999; 17659054576,pattern
84,Willow Bridge Property Co,Real Estate / Property Management,Multifamily PM,Dallas,TX,4500,$200M-$500M,Tenant communication AI,$15K-$30K,CTO,www.willowbridgepc.com,4,220K units; 75 markets,info@willowbridgepc.com,contact@willowbridgepc.com,1696362820,1696362819; 1696346450,pattern
85,Cushman & Wakefield,Real Estate / Property Management,Commercial RE,Chicago,IL,52000,$5B+,Lead qualification AI,$30K-$50K,Chief Digital Officer,www.cushmanwakefield.com,5,7.1B sq ft managed,info@cushmanwakefield.com,contact@cushmanwakefield.com,6390724524,6390807666; 2811466965,pattern
86,CBRE,Real Estate / Property Management,Commercial RE,Dallas,TX,130000,$10B+,Property analytics AI,$40K-$50K,CTO,www.cbre.com,5,7.3B sq ft; #1 commercial PM,info@cbre.com,contact@cbre.com,842.672 1226,1-8592614110,pattern
87,JLL,Real Estate / Property Management,Commercial RE,Chicago,IL,106000,$10B+,Tenant engagement AI,$30K-$50K,Chief Technology Officer,www.jll.com,5,4.6B sq ft managed,info@jll.com,contact@jll.com,0000000025,1210745285; 17710734191,pattern
88,Lincoln Property Company,Real Estate / Property Management,Commercial RE,Dallas,TX,8000,$500M-$1B,Lease management AI,$20K-$40K,VP of Technology,www.lpc.com,4,557M sq ft managed,info@lpc.com,contact@lpc.com,17909881724,17037769522; 17037772233,pattern
89,Colliers International,Real Estate / Property Management,Commercial RE,Seattle,WA,19000,$1B+,Market analytics AI,$25K-$50K,Chief Innovation Officer,www.colliers.com,4,2.5B sq ft managed,info@colliers.com,contact@colliers.com,4914414348,827834-5199; 694716-5237,pattern
90,Hines,Real Estate / Property Management,Commercial RE,Houston,TX,5000,$1B+,Building operations AI,$25K-$50K,CTO,www.hines.com,5,274M sq ft; 112% growth,info@hines.com,contact@hines.com,,,pattern
91,Evernest,Real Estate / Property Management,Residential PM,Birmingham,AL,1500,$100M-$200M,Tenant screening AI,$10K-$25K,Chief Technology Officer,www.evernest.co,4,47K+ doors; largest residential PM,support@evernest.co,,+1-205-940-6363,6883388256; 19788873410,scraped
92,BH Management Services,Real Estate / Property Management,Multifamily PM,Des Moines,IA,3500,$200M-$500M,Leasing AI chatbot,$15K-$25K,VP of Operations,www.bhmanagement.com,4,107K units; 37 states,info@bhmanagement.com,contact@bhmanagement.com,2614222333,3495073498; 515.244.2622,pattern
93,WinnResidential,Real Estate / Property Management,Affordable Housing,Boston,MA,4000,$200M-$500M,Compliance automation,$15K-$30K,Director of IT,www.winncompanies.com,4,116K units; largest affordable manager,info@winnco.com,residenthotline@winnco.com; tmustacato@winnco.com; vendorrelations@winnco.com,1661439729,1657508106; 1657125430,scraped
94,Keller Williams Realty,Real Estate / Property Management,Brokerage,Austin,TX,180000,$1B+,Lead nurturing AI,$25K-$50K,Chief Innovation Officer,www.kw.com,5,Largest RE brokerage; tech focus,info@kw.com,contact@kw.com,2147483647,1-1308866042; 0171818182,pattern
95,RE/MAX,Real Estate / Property Management,Brokerage,Denver,CO,140000,$300M-$500M,Listing automation,$20K-$40K,CTO,www.remax.com,5,Global brand; franchise model,matt@remaxcentralia.com,uebelrealty@gmail.com; remaxmuscatine@gmail.com; soldbyremaxres@gmail.com,372-4984848,641-236-6683; 7777103317,scraped
96,Coldwell Banker,Real Estate / Property Management,Brokerage,Madison,NJ,100000,$500M-$1B,Lead qualification AI,$20K-$40K,VP of Technology,www.coldwellbanker.com,4,Realogy subsidiary,info@coldwellbanker.com,contact@coldwellbanker.com,7499999999,8196721311; 2026100985,pattern
97,Compass,Real Estate / Property Management,Brokerage,New York,NY,28000,$5B+,Market analytics AI,$25K-$50K,Chief Technology Officer,www.compass.com,5,Tech-first brokerage,press@compass.com,,212-913-9058,+1-212-913-9058; +1-646-982-0353,scraped
98,eXp Realty,Real Estate / Property Management,Virtual Brokerage,Bellingham,WA,85000,$1B+,Agent productivity AI,$20K-$40K,CTO,www.exprealty.com,4,Cloud-based; rapid growth,info@exprealty.net,info@zoocasa.com; privacy@expworldholdings.com,1 833-303-0610,1075134436; 1103229253,scraped
99,Marcus & Millichap,Real Estate / Property Management,Commercial Brokerage,Calabasas,CA,2000,$500M-$1B,Deal matching AI,$15K-$30K,Director of Technology,www.marcusmillichap.com,4,Leading investment brokerage,michael.glass@marcusmillichap.com,,6390452731,6390807666; 884777-3208,scraped
100,Newmark,Real Estate / Property Management,Commercial RE,New York,NY,7200,$1B+,Lease analytics AI,20K-$40K,Chief Innovation Officer,www.nmrk.com,4,Full-service commercial RE,digital@nmrk.com,hello@happycog.com,16598885229,1757969226; 6353476349,scraped
101,Sentral,Real Estate / Property Management,Multifamily PM,Denver,CO,800,$50M-$100M,Tenant engagement AI,$10K-$20K,CTO,www.sentral.com,3,160% growth; flexible living,info@sentral.com,contact@sentral.com,1684781907,1768408723; 1681832555,pattern
102,Tishman Speyer,Real Estate / Property Management,Commercial RE,New York,NY,4000,$1B+,Building operations AI,$25K-$50K,Chief Digital Officer,www.tishmanspeyer.com,5,207% unit growth,tsleasing@tishmanspeyer.com,invest@tishmanspeyer.com; media@tishmanspeyer.com; name@company.com,4785007273,627-3982018; 503-2093358,scraped
103,Related Companies,Real Estate / Property Management,Mixed-Use,New York,NY,4000,$1B+,Tenant experience AI,$25K-$50K,VP of Technology,www.related.com,5,Hudson Yards developer,communications@related.com,,(212) 801-1000,1133586195; 1161934198,scraped
104,Brookfield Properties,Real Estate / Property Management,Commercial RE,New York,NY,18000,$5B+,Property analytics AI,$30K-$50K,CTO,www.brookfieldproperties.com,5,800+ properties globally,michelle.snyder@bpretail.com,jennifer.thatcher@bpretail.com; marin.parkinson@bpretail.com; camie.delbarba@bpretail.com,17086458750,1772479870; 0712294963,scraped
105,AvalonBay Communities,Real Estate / Property Management,Multifamily REIT,Arlington,VA,3100,$1B+,Leasing AI chatbot,$20K-$40K,VP of Digital,www.avaloncommunities.com,4,300+ apartment communities,info@avaloncommunities.com,contact@avaloncommunities.com,0000000005,10265230425; 16867489617,pattern
106,Equity Residential,Real Estate / Property Management,Multifamily REIT,Chicago,IL,2500,$1B+,Tenant screening AI,$20K-$40K,Chief Technology Officer,www.equityapartments.com,4,310+ properties,info@equityapartments.com,contact@equityapartments.com,1659643218,1660136661; 1676413062,pattern
107,Camden Property Trust,Real Estate / Property Management,Multifamily REIT,Houston,TX,1700,$1B+,Maintenance request AI,$15K-$30K,VP of Technology,www.camdenliving.com,4,58K apartments,info@camdenliving.com,contact@camdenliving.com,7597568519,1224211768; 1222778179,pattern
108,MAA (Mid-America Apartment),Real Estate / Property Management,Multifamily REIT,Germantown,TN,2500,$1B+,Lead nurturing AI,$15K-$30K,Director of IT,www.maac.com,4,100K units; Sunbelt focus,info@maac.com,contact@maac.com,2147483647,3073884032; 3497962453,pattern
109,UDR Inc,Real Estate / Property Management,Multifamily REIT,Highlands Ranch,CO,1400,$1B+,Resident experience AI,$15K-$25K,CTO,www.udr.com,3,60K apartments,info@udr.com,contact@udr.com,2026021714,2626610705; 17691015640,pattern
110,AppFolio,Real Estate / Property Management,PropTech,Santa Barbara,CA,1800,$500M-$1B,Property management AI,$15K-$30K,Chief Product Officer,www.appfolio.com,4,PM software + AI features,info@appfolio.com,contact@appfolio.com,7523393392,17724703013; 866.648.1536,pattern
111,RealPage,Real Estate / Property Management,PropTech,Richardson,TX,3500,$1B+,Revenue management AI,$20K-$40K,CTO,www.realpage.com,4,PM analytics platform,media@realpage.com,,17721899375,17721899670; +1-877-325-7243,scraped
112,Entrata,Real Estate / Property Management,PropTech,Lehi,UT,2500,$200M-$500M,Leasing automation AI,$15K-$30K,Chief Technology Officer,www.entrata.com,4,PM software platform,sales@entrata.com,you@website.com,+1-800-700-2097,2147483647; 3641352803,scraped
113,Prologis,Real Estate / Property Management,Industrial REIT,San Francisco,CA,2500,$5B+,Logistics space AI,$25K-$50K,Chief Innovation Officer,www.prologis.com,5,Largest industrial REIT,info@prologis.com,contact@prologis.com,+1 415-394-9000,4193719876; 6408868295,pattern
114,Simon Property Group,Real Estate / Property Management,Retail REIT,Indianapolis,IN,3400,$5B+,Tenant analytics AI,$25K-$50K,CTO,www.simon.com,5,Largest retail REIT,customercare@simon.com,onlinesupport@shopsimon.com,1766078725,2026020610; 2023050114,scraped
115,Boston Properties,Real Estate / Property Management,Office REIT,Boston,MA,800,$1B+,Building automation AI,$20K-$40K,VP of Technology,www.bxp.com,4,Premier office REIT,info@bxp.com,contact@bxp.com,1251467683,617.236.3300; 424.330.3530,pattern
116,Invitation Homes,Real Estate / Property Management,SFR REIT,Dallas,TX,1700,$1B+,Tenant screening AI,$15K-$30K,Chief Technology Officer,www.invitationhomes.com,4,80K+ single-family rentals,info@invitationhomes.com,contact@invitationhomes.com,1474804967,1696517617; 1707249390,pattern
117,American Homes 4 Rent,Real Estate / Property Management,SFR REIT,Calabasas,CA,1300,$1B+,Maintenance AI chatbot,$15K-$25K,Director of IT,www.americanhomes4rent.com,4,60K+ homes,info@americanhomes4rent.com,contact@americanhomes4rent.com,,,pattern
118,Progress Residential,Real Estate / Property Management,SFR PM,Tempe,AZ,2000,$500M-$1B,Lead qualification AI,$15K-$25K,CTO,www.rentprogress.com,4,85K+ homes managed,info@rentprogress.com,contact@rentprogress.com,7842899024,1770334769; 0123456789,pattern
119,Tricon Residential,Real Estate / Property Management,SFR REIT,Toronto,ON,1200,$500M-$1B,Tenant engagement AI,$15K-$25K,VP of Technology,www.triconresidential.com,3,38K+ homes; US operations,info@triconresidential.com,contact@triconresidential.com,1120368760,3200135497; 1763481097,pattern
120,FirstService Residential,Real Estate / Property Management,HOA/Condo PM,Dania Beach,FL,9000,$1B+,Community management AI,$20K-$40K,Chief Technology Officer,www.fsresidential.com,4,9000+ communities managed,info@fsresidential.com,contact@fsresidential.com,0000000015,17298996119; 4577596797,pattern
121,RSM US,Accounting / CPA Firms,Top 10 CPA,Chicago,IL,13000,$5B+,Tax automation AI,$25K-$50K,Chief Innovation Officer,www.rsmus.com,5,5th largest US accounting firm,info@rsmus.com,contact@rsmus.com,17724676486,16481426686; +1 800-274-3978,pattern
122,BDO USA,Accounting / CPA Firms,Top 10 CPA,Chicago,IL,11000,$1B+,Audit AI analytics,$25K-$50K,CTO,www.bdo.com,5,6th largest US firm,cpe@bdo.com,u003ecpe@bdo.com,8825975779,368536-9643; 0596468128,scraped
123,Grant Thornton,Accounting / CPA Firms,Top 10 CPA,Chicago,IL,9000,$1B+,Client onboarding AI,$25K-$50K,Chief Digital Officer,www.grantthornton.com,5,7th largest US firm,info@grantthornton.com,contact@grantthornton.com,7842899024,17691462975; 17719266333,pattern
124,Forvis Mazars,Accounting / CPA Firms,Top 10 CPA,Springfield,MO,6000,$1B+,Tax automation AI,$20K-$40K,CTO,www.forvismazars.us,5,Merger of BKD + DHG + Mazars,info@forvismazars.us,contact@forvismazars.us,,,pattern
125,CLA (CliftonLarsonAllen),Accounting / CPA Firms,Top 15 CPA,Minneapolis,MN,7500,$1B+,Audit workflow AI,$20K-$40K,Chief Innovation Officer,www.claconnect.com,5,9th largest US firm,info@claconnect.com,contact@claconnect.com,,,pattern
126,Baker Tilly,Accounting / CPA Firms,Top 15 CPA,Chicago,IL,6500,$1B+,Client onboarding AI,$20K-$40K,CTO,www.bakertilly.com,5,10th largest US firm,info@bakertilly.com,contact@bakertilly.com,5285074366,121-4064999; 9701760543,pattern
127,Crowe,Accounting / CPA Firms,Top 15 CPA,Chicago,IL,5000,$1B+,Tax preparation AI,$20K-$40K,Chief Digital Officer,www.crowe.com,4,11th largest US firm,info@crowe.com,contact@crowe.com,7508899453,1193761093; 1200412206,pattern
128,CBIZ,Accounting / CPA Firms,Top 15 CPA,Cleveland,OH,6500,$1B+,Compliance automation,$20K-$35K,VP of Technology,www.cbiz.com,4,Business services + accounting,info@cbiz.com,contact@cbiz.com,,,pattern
129,Sikich,Accounting / CPA Firms,Mid-Size CPA,Naperville,IL,1500,$200M-$500M,Audit AI,$15K-$25K,Chief Technology Officer,www.sikich.com,4,Growing through acquisitions,info@sikich.com,stefanie.murphy@sikich.com,18772791900,1193037585; 1194216029,pattern
130,Marcum,Accounting / CPA Firms,Mid-Size CPA,New York,NY,3000,$500M-$1B,Tax automation AI,$15K-$30K,CIO,www.marcumllp.com,4,Top 15 US firm,info@marcumllp.com,contact@marcumllp.com,,,pattern
131,Plante Moran,Accounting / CPA Firms,Mid-Size CPA,Southfield,MI,3500,$500M-$1B,Client onboarding AI,$15K-$30K,Chief Innovation Officer,www.plantemoran.com,4,One of largest private CPA firms,info@plantemoran.com,contact@plantemoran.com,6390770877,6390807667; 4687435632,pattern
132,PKF O'Connor Davies,Accounting / CPA Firms,Mid-Size CPA,New York,NY,1000,$200M-$500M,Audit analytics AI,$10K-$25K,Director of IT,www.pkfod.com,3,Top 30 US firm,info@pkfod.com,contact@pkfod.com,1772471986,9121161989; 11956200224,pattern
133,Cherry Bekaert,Accounting / CPA Firms,Mid-Size CPA,Richmond,VA,2000,$200M-$500M,Tax preparation AI,$10K-$25K,CTO,www.cbh.com,3,Southeast focused,info@cbh.com,contact@cbh.com,5014499393,800.279.9469; 2165995588,pattern
134,Moss Adams,Accounting / CPA Firms,Mid-Size CPA,Seattle,WA,4000,$500M-$1B,Audit workflow AI,$15K-$30K,Chief Innovation Officer,www.mossadams.com,4,Largest West Coast firm,info@mossadams.com,contact@mossadams.com,1211548657,10160751617; 4160751617,pattern
135,Armanino,Accounting / CPA Firms,Mid-Size CPA,San Ramon,CA,1500,$200M-$500M,Client portal AI,$10K-$25K,Chief Digital Officer,www.armanino.com,4,Tech-forward firm,info@armanino.com,contact@armanino.com,6390807667,+1-844-582-8883; 844-582-8883,pattern
136,Wipfli,Accounting / CPA Firms,Mid-Size CPA,Milwaukee,WI,3000,$500M-$1B,Tax automation AI,$15K-$25K,CTO,www.wipfli.com,4,Midwest and Mountain West,info@wipfli.com,contact@wipfli.com,6390710527,17000380362; 6390807667,pattern
137,Eide Bailly,Accounting / CPA Firms,Mid-Size CPA,Fargo,ND,3500,$500M-$1B,Audit AI,$15K-$25K,Director of Innovation,www.eidebailly.com,4,Great Plains focus,chad.martin@eidebailly.com,,2341121460,7480888352; 5672547002,scraped
138,Rehmann,Accounting / CPA Firms,Mid-Size CPA,Troy,MI,800,$100M-$200M,Client onboarding AI,$10K-$20K,VP of Technology,www.rehmann.com,3,Michigan and Ohio,info@rehmann.com,contact@rehmann.com,1771615394,8168425281; 2025091510,pattern
139,Schneider Downs,Accounting / CPA Firms,Mid-Size CPA,Pittsburgh,PA,500,$100M-$200M,Tax prep automation,$8K-$20K,Director of IT,www.schneiderdowns.com,3,Western PA leader,contactsd@schneiderdowns.com,janesmith@yourcompany.com,412.261.3644,0734329282; 1771957329,scraped
140,Citrin Cooperman,Accounting / CPA Firms,Mid-Size CPA,New York,NY,1800,$200M-$500M,Compliance AI,$10K-$25K,CTO,www.citrincooperman.com,3,Northeast focused,info@citrincooperman.com,contact@citrincooperman.com,8732728364,9725197852; (212) 697-1000,pattern
141,WithumSmith+Brown,Accounting / CPA Firms,Mid-Size CPA,Princeton,NJ,1800,$200M-$500M,Audit analytics AI,$10K-$25K,Chief Innovation Officer,www.withum.com,3,Mid-Atlantic focus,info@withum.com,contact@withum.com,2147483647,15416884381; 9999999999,pattern
142,EisnerAmper,Accounting / CPA Firms,Mid-Size CPA,Iselin,NJ,2500,$500M-$1B,Tax automation AI,$15K-$25K,CTO,www.eisneramper.com,4,Top 20 US firm,contact@eisneramper.com,experiencedhires@eisneramper.com; entryhires@eisneramper.com,1-212-949-8700,1405279677; 1459600228,pattern
143,KraftCPAs,Accounting / CPA Firms,Regional CPA,Nashville,TN,200,$25M-$50M,Client onboarding AI,$8K-$15K,Managing Partner,www.kraftcpas.com,3,Tennessee leader,info@kraftcpas.com,contact@kraftcpas.com,5285074366,121-4064999; 9701760543,pattern
144,BPM,Accounting / CPA Firms,Regional CPA,San Francisco,CA,800,$100M-$200M,Audit workflow AI,$10K-$20K,Director of Technology,www.bpmcpa.com,3,Bay Area focused,info@bpmcpa.com,contact@bpmcpa.com,1769319699,1772046161; 1035930138,pattern
145,Aprio,Accounting / CPA Firms,Mid-Size CPA,Atlanta,GA,1500,$200M-$500M,Tax automation AI,$10K-$25K,CTO,www.aprio.com,4,Growing Southeast firm,info@aprio.com,contact@aprio.com,2147483647,2053851375; 1492278257,pattern
146,Carr Riggs & Ingram,Accounting / CPA Firms,Regional CPA,Enterprise,AL,2000,$200M-$500M,Audit AI,$10K-$25K,Director of IT,www.cricpa.com,3,Southeast focus,info@cricpa.com,contact@cricpa.com,1769530947,1771877799; 1771877803,pattern
147,Windham Brannon,Accounting / CPA Firms,Regional CPA,Atlanta,GA,200,$25M-$50M,Client portal AI,$8K-$15K,Managing Partner,www.windhambrannon.com,3,Atlanta-based boutique,info@windhambrannon.com,contact@windhambrannon.com,3652120452,1732206578; 2365933645,pattern
148,LBMC,Accounting / CPA Firms,Regional CPA,Brentwood,TN,600,$100M-$200M,Tax prep automation,$10K-$20K,VP of Technology,www.lbmc.com,3,Tennessee's largest,info@lbmc.com,contact@lbmc.com,1.1333333333,6666666666; 13333333333,pattern
149,Mayer Hoffman McCann,Accounting / CPA Firms,Mid-Size CPA,Leawood,KS,800,$100M-$200M,Audit analytics AI,$10K-$20K,CTO,www.mhmcpa.com,3,Global affiliation; 30 offices,info@mhmcpa.com,contact@mhmcpa.com,2127905700,,pattern
150,Freed Maxick,Accounting / CPA Firms,Regional CPA,Buffalo,NY,300,$25M-$50M,Tax automation AI,$8K-$15K,Director of IT,www.freedmaxick.com,3,Western NY leader,info@freedmaxick.com,,12891096669,17428355059; 17446519533,pattern
151,Clark Nuber,Accounting / CPA Firms,Regional CPA,Bellevue,WA,150,$25M-$50M,Client onboarding AI,$8K-$15K,Managing Partner,www.clarknuber.com,3,Pacific NW focused,info@clarknuber.com,contact@clarknuber.com,1772479881,1772479882; 1772479883,pattern
152,Henry & Horne,Accounting / CPA Firms,Regional CPA,Tempe,AZ,150,$25M-$50M,Tax prep AI,$8K-$15K,Director of Operations,www.hhcpa.com,3,Arizona focused,info@hhcpa.com,contact@hhcpa.com,5285074366,121-4064999; 9701760543,pattern
153,Kaufman Rossin,Accounting / CPA Firms,Regional CPA,Miami,FL,500,$50M-$100M,Audit workflow AI,$10K-$20K,CTO,www.kaufmanrossin.com,3,South Florida leader,info@kaufmanrossin.com,contact@kaufmanrossin.com,888.680.5726,6241397857; 3503189086,pattern
154,Friedman,Accounting / CPA Firms,Regional CPA,New York,NY,400,$50M-$100M,Tax automation AI,$8K-$20K,Director of IT,www.friedmanllp.com,3,NYC-based,info@friedmanllp.com,contact@friedmanllp.com,,,pattern
155,Grassi,Accounting / CPA Firms,Regional CPA,Jericho,NY,350,$50M-$100M,Client portal AI,$8K-$20K,Managing Partner,www.grassicpas.com,3,Long Island based,info@grassicpas.com,contact@grassicpas.com,,,pattern
156,Anchin,Accounting / CPA Firms,Regional CPA,New York,NY,350,$50M-$100M,Audit AI,$8K-$20K,Director of Technology,www.anchin.com,3,NYC boutique firm,daniel.parchment@anchin.com,,1764389035,17267670000; 0005208333,scraped
157,Lutz,Accounting / CPA Firms,Regional CPA,Omaha,NE,350,$25M-$50M,Tax prep automation,$8K-$15K,Director of IT,www.lutz.us,3,Nebraska leader,info@lutz.us,contact@lutz.us,11419383928,17707339037; 9992834540,pattern
158,Yeo & Yeo,Accounting / CPA Firms,Regional CPA,Saginaw,MI,300,$25M-$50M,Client onboarding AI,$8K-$15K,Managing Partner,www.yeoandyeo.com,3,Michigan focused,info@yeoandyeo.com,contact@yeoandyeo.com,1772443133,2230016224; 654602.1572,pattern
159,Berdon,Accounting / CPA Firms,Regional CPA,New York,NY,400,$50M-$100M,Tax automation AI,$8K-$20K,Director of IT,www.berdonllp.com,3,NYC real estate focus,info@berdonllp.com,contact@berdonllp.com,,,pattern
160,Dixon Hughes Goodman,Accounting / CPA Firms,Mid-Size CPA,Charlotte,NC,2000,$200M-$500M,Audit analytics AI,$10K-$25K,CTO,www.dhg.com,3,Now part of Forvis Mazars,info@dhg.com,contact@dhg.com,,,pattern
161,Turner Construction,Construction / General Contractors,General Contractor,New York,NY,10000,$10B+,Project management AI,$30K-$50K,Chief Technology Officer,www.turnerconstruction.com,5,Largest US GC by revenue,turner@tcco.com,cmcfadden@tcco.com,+1-212-229-6000,(212) 229-6000; +1-888-738-1924,scraped
162,DPR Construction,Construction / General Contractors,General Contractor,Redwood City,CA,9000,$5B+,Estimating automation AI,$25K-$50K,VP of Innovation,www.dpr.com,5,Self-perform leader,info@dpr.com,,6746849235,6572528968; (650) 474-1450,pattern
163,HITT Contracting,Construction / General Contractors,General Contractor,Falls Church,VA,1800,$1B+,Safety compliance AI,$20K-$35K,Director of Technology,www.hfrcontractor.com,4,DC area leader,info@hfrcontractor.com,contact@hfrcontractor.com,,,pattern
164,Gilbane Building Company,Construction / General Contractors,General Contractor,Providence,RI,3000,$5B+,Project management AI,$25K-$50K,CTO,www.gilbaneco.com,5,Family-owned since 1870,info@gilbaneco.com,contact@gilbaneco.com,1771940100,1725391528,pattern
165,Holder Construction,Construction / General Contractors,General Contractor,Atlanta,GA,1500,$1B+,Estimating automation,$15K-$30K,VP of Operations,www.holderconstruction.com,4,Southeast leader,info@holderconstruction.com,contact@holderconstruction.com,2545352419,3537389287; 3372578893,pattern
166,Clayco,Construction / General Contractors,Design-Build,St. Louis,MO,2500,$5B+,Project scheduling AI,$25K-$40K,Chief Innovation Officer,www.claycorp.com,5,Design-build leader,mediainquiries@claycorp.com,info@claycorp.com,0804597701,4210526315; 2025120907,scraped
167,Hensel Phelps,Construction / General Contractors,General Contractor,Greeley,CO,4000,$5B+,Safety compliance AI,$25K-$50K,Director of Innovation,www.henselphelps.com,5,Employee-owned,info@henselphelps.com,contact@henselphelps.com,,,pattern
168,McCarthy Building,Construction / General Contractors,General Contractor,St. Louis,MO,6000,$5B+,BIM AI integration,$25K-$50K,CTO,www.mccarthy.com,5,Employee-owned; 150+ years,info@mccarthy.com,contact@mccarthy.com,5758941877,1127939111; 1127983186,pattern
169,Skanska USA,Construction / General Contractors,General Contractor,New York,NY,7500,$5B+,Project management AI,$30K-$50K,VP of Digital,www.usa.skanska.com,5,Swedish parent; US operations,info@usa.skanska.com,contact@usa.skanska.com,2149551031,8584291270; 7044247780,pattern
170,Clark Construction,Construction / General Contractors,General Contractor,Bethesda,MD,4500,$5B+,Estimating AI,$25K-$50K,Chief Technology Officer,www.clarkconstruction.com,5,Mid-Atlantic leader,info@clarkconstruction.com,contact@clarkconstruction.com,0620945646,3422504208,pattern
171,Mortenson Construction,Construction / General Contractors,General Contractor,Minneapolis,MN,5000,$5B+,Safety analytics AI,$25K-$50K,VP of Innovation,www.mortenson.com,5,Employee-owned; energy focus,info@mortenson.com,contact@mortenson.com,17325616378,040004-1900; 7308432303,pattern
172,JE Dunn Construction,Construction / General Contractors,General Contractor,Kansas City,MO,4000,$5B+,Project management AI,$25K-$40K,CTO,www.jedunn.com,5,Employee-owned,ethics@jedunn.com,,1772371739,1772371740; 1769786767,scraped
173,Brasfield & Gorrie,Construction / General Contractors,General Contractor,Birmingham,AL,3500,$5B+,Estimating automation,$20K-$40K,Director of Technology,www.brasfieldgorrie.com,4,Southeast leader,info@brasfieldgorrie.com,contact@brasfieldgorrie.com,1.6719192717,7247986959; 17128607463,pattern
174,Robins & Morton,Construction / General Contractors,General Contractor,Birmingham,AL,2000,$1B+,Safety compliance AI,$15K-$30K,VP of IT,www.robinsmorton.com,4,Healthcare construction focus,builders@robinsmorton.com,charlottebuilders@robinsmorton.com; dallasbuilders@robinsmorton.com; huntsvillebuilders@robinsmorton.com,4838836556,1655403214; +12058701000,scraped
175,The Walsh Group,Construction / General Contractors,General Contractor,Chicago,IL,8000,$5B+,Project scheduling AI,$25K-$50K,Chief Innovation Officer,www.walshgroup.com,5,Infrastructure focused,hr@walshgroup.com,,6389015262,312.563.5400; 312.563.5466,scraped
176,Barton Malow,Construction / General Contractors,General Contractor,Southfield,MI,2500,$1B+,BIM integration AI,$15K-$30K,Director of Innovation,www.bartonmalow.com,4,Employee-owned,info@bartonmalow.com,contact@bartonmalow.com,17701423792,0200413174; 2147483647,pattern
177,Webcor Builders,Construction / General Contractors,General Contractor,San Francisco,CA,1500,$1B+,Estimating AI,$15K-$30K,VP of Technology,www.webcor.com,4,Bay Area leader,info@webcor.com,contact@webcor.com,5951303975,6986582877; 6406454097,pattern
178,Swinerton,Construction / General Contractors,General Contractor,San Francisco,CA,4000,$5B+,Project management AI,$25K-$40K,CTO,www.swinerton.com,5,Employee-owned; 135+ years,payroll@swinerton.com,,1772461415,1742304543; 1771333659,scraped
179,Sundt Construction,Construction / General Contractors,General Contractor,Tempe,AZ,2500,$1B+,Safety analytics AI,$15K-$30K,Director of IT,www.sundt.com,4,Employee-owned; Southwest,example@email.com,,1755270706,7855085899; 1679008466,scraped
180,Hunt Construction,Construction / General Contractors,General Contractor,Indianapolis,IN,1500,$1B+,Estimating automation,$15K-$25K,VP of Operations,www.huntconstructiongroup.com,4,Stadium specialist,info@huntconstructiongroup.com,contact@huntconstructiongroup.com,,,pattern
181,Ryan Companies,Construction / General Contractors,Design-Build,Minneapolis,MN,2000,$1B+,Project management AI,$15K-$30K,Chief Technology Officer,www.ryancompanies.com,4,Development + construction,contact@ryancompanies.com,,1772186508,11347078425; 8534627152,pattern
182,Structure Tone,Construction / General Contractors,Interiors/GC,New York,NY,3500,$5B+,Scheduling AI,$20K-$40K,CTO,www.structuretone.com,4,Interior construction leader,bd@stobuildinggroup.com,careers@stobuildinggroup.com; press@stobuildinggroup.com,120.0000047,9999999999; 16819135551,scraped
183,Balfour Beatty US,Construction / General Contractors,General Contractor,Dallas,TX,3000,$1B+,Safety compliance AI,$15K-$30K,VP of Innovation,www.balfourbeattyus.com,4,UK parent; US operations,corpservaccpayable@balfourbeattyus.com,bbtalent@balfourbeattyus.com; payrollemploymentverification@balfourbeattyus.com; media@balfourbeattyus.com,7071663277,13876259297; 3655008482,scraped
184,Lendlease US,Construction / General Contractors,General Contractor,New York,NY,2000,$1B+,BIM AI integration,$20K-$35K,Director of Digital,www.lendlease.com,4,Australian parent; US ops,info@lendlease.com,contact@lendlease.com,9195406280,923438-9127; 3756374488,pattern
185,Suffolk Construction,Construction / General Contractors,General Contractor,Boston,MA,3000,$5B+,Project management AI,$25K-$50K,Chief Technology Officer,www.suffolk.com,5,Tech-forward builder,info@suffolk.com,contact@suffolk.com,1112113867,1112113260; 2697556754,pattern
186,Consigli Construction,Construction / General Contractors,General Contractor,Milford,MA,1500,$1B+,Estimating AI,$15K-$25K,VP of IT,www.consigli.com,4,New England leader,info@consigli.com,contact@consigli.com,,,pattern
187,Messer Construction,Construction / General Contractors,General Contractor,Cincinnati,OH,1500,$1B+,Safety analytics AI,$15K-$25K,Director of Technology,www.messer.com,4,Employee-owned; Ohio Valley,info@messer.com,contact@messer.com,17332588211,1766013086; 1425333.0105,pattern
188,Shawmut Design and Construction,Construction / General Contractors,General Contractor,Boston,MA,1200,$1B+,Scheduling AI,$15K-$25K,CTO,www.shawmut.com,4,100% employee-owned,info@shawmut.com,contact@shawmut.com,,,pattern
189,Pepper Construction,Construction / General Contractors,General Contractor,Chicago,IL,1000,$500M-$1B,BIM integration AI,$10K-$25K,VP of Innovation,www.pepperconstruction.com,3,Midwest focused,media@pepperconstruction.com,,0000000032,1220002915; 17716046132,scraped
190,W.M. Jordan Company,Construction / General Contractors,General Contractor,Newport News,VA,600,$500M-$1B,Project management AI,$10K-$20K,Director of IT,www.wmjordan.com,3,Virginia focused,info@wmjordan.com,contact@wmjordan.com,2026021012,1772466339; 1772295696,pattern
191,Choate Construction,Construction / General Contractors,General Contractor,Atlanta,GA,800,$500M-$1B,Estimating automation,$10K-$20K,VP of Operations,www.choateco.com,3,Southeast focused,info@choateco.com,contact@choateco.com,1744229297,17497430134; 16588554446,pattern
192,Harvey-Cleary Builders,Construction / General Contractors,General Contractor,Houston,TX,300,$200M-$500M,Project scheduling AI,$8K-$20K,Director of Operations,www.harvey-cleary.com,3,Texas focused,info@harvey-cleary.com,contact@harvey-cleary.com,,,pattern
193,Alston Construction,Construction / General Contractors,General Contractor,Phoenix,AZ,400,$500M-$1B,Safety compliance AI,$10K-$20K,VP of IT,www.alstonconstruction.com,3,Industrial/distribution focus,info@alstonconstruction.com,contact@alstonconstruction.com,,,pattern
194,The Boldt Company,Construction / General Contractors,General Contractor,Appleton,WI,2500,$1B+,Prefab/modular AI,$15K-$30K,Chief Innovation Officer,www.boldt.com,4,Employee-owned,info@boldt.com,contact@boldt.com,0316410064,920.225.6225,pattern
195,Findorff,Construction / General Contractors,General Contractor,Madison,WI,500,$200M-$500M,Project management AI,$8K-$20K,Director of IT,www.findorff.com,3,Wisconsin focused,info@findorff.com,contact@findorff.com,,,pattern
196,CD Smith Construction,Construction / General Contractors,General Contractor,Fond du Lac,WI,300,$200M-$500M,Estimating AI,$8K-$15K,VP of Operations,www.cdsmith.com,3,Wisconsin focused,hbrenner@cdsmith.com,mkrolczyk@cdsmith.com; jvanhandel@cdsmith.com; dloest@cdsmith.com,8949371917,17419496514; 3074218753,scraped
197,Miron Construction,Construction / General Contractors,General Contractor,Neenah,WI,1500,$500M-$1B,Safety analytics AI,$10K-$25K,Director of Technology,www.miron-construction.com,3,Employee-owned; Wisconsin,info@miron-construction.com,contact@miron-construction.com,10156125962,3791373661; +18669691966,pattern
198,Charles Perry Partners,Construction / General Contractors,General Contractor,Gainesville,FL,200,$100M-$200M,Project management AI,$8K-$15K,VP of Operations,www.charlesperry.com,3,Florida focused,info@charlesperry.com,contact@charlesperry.com,,,pattern
199,Austin Commercial,Construction / General Contractors,General Contractor,Dallas,TX,1000,$500M-$1B,BIM integration AI,$10K-$25K,Director of IT,www.austin-ind.com,3,Part of Austin Industries,info@austin-ind.com,contact@austin-ind.com,717435-8680,2017374667; 1.6166666666,pattern
200,Batson-Cook Company,Construction / General Contractors,General Contractor,West Point,GA,400,$200M-$500M,Estimating automation,$8K-$20K,VP of Operations,www.bfrconstructors.com,3,Southeast focused,info@bfrconstructors.com,contact@bfrconstructors.com,,,pattern
201,OLIPOP,eCommerce / DTC Brands,Beverages,Oakland,CA,200,$200M-$500M,Customer service AI,$10K-$25K,VP of E-Commerce,www.drinkolipop.com,4,Functional soda DTC leader,info@drinkolipop.com,contact@drinkolipop.com,17440207683,1772479135; 2147483645,pattern
202,Death Wish Coffee,eCommerce / DTC Brands,Coffee,Saratoga Springs,NY,50,$25M-$50M,Customer support AI,$8K-$15K,Director of Operations,www.deathwishcoffee.com,3,Worlds strongest coffee brand,info@deathwishcoffee.com,contact@deathwishcoffee.com,1642685806,1625335264; 5825154475,pattern
203,Brooklinen,eCommerce / DTC Brands,Home/Bedding,Brooklyn,NY,200,$100M-$200M,Personalization engine AI,$10K-$25K,CTO,www.brooklinen.com,4,DTC bedding leader,hello@brooklinen.com,,2923255800,18048165408; 9945025441,scraped
204,Warby Parker,eCommerce / DTC Brands,Eyewear,New York,NY,3000,$500M-$1B,Virtual try-on AI,$20K-$40K,Chief Technology Officer,www.warbyparker.com,5,Public DTC brand; retail + online,info@warbyparker.com,contact@warbyparker.com,2634133934,7978071156; 4608933942,pattern
205,Allbirds,eCommerce / DTC Brands,Footwear,San Francisco,CA,800,$100M-$200M,Inventory automation AI,$10K-$25K,VP of Technology,www.allbirds.com,4,Sustainable footwear brand,info@allbirds.com,contact@allbirds.com,1753720776,1719584207; 7572770508,pattern
206,Glossier,eCommerce / DTC Brands,Beauty,New York,NY,500,$100M-$200M,Customer engagement AI,$10K-$25K,CTO,www.glossier.com,4,DTC beauty pioneer,gteam@glossier.com,press@glossier.com; brand@glossier.com,2291610153,1681821732; 1681821719,scraped
207,Dollar Shave Club,eCommerce / DTC Brands,Grooming,Marina del Rey,CA,500,$200M-$500M,Subscription AI,$15K-$25K,VP of Engineering,www.dollarshaveclub.com,4,Subscription grooming leader,info@dollarshaveclub.com,contact@dollarshaveclub.com,5683943838,1713388415; 16634659573,pattern
208,MVMT Watches,eCommerce / DTC Brands,Accessories,Los Angeles,CA,100,$50M-$100M,Customer retention AI,$8K-$20K,Director of E-Commerce,www.mvmt.com,3,Movado subsidiary,info@mvmt.com,contact@mvmt.com,17724529790,913 106.9661; 899 111.2456,pattern
209,Casper,eCommerce / DTC Brands,Mattress,New York,NY,400,$500M-$1B,Customer service AI,$15K-$25K,CTO,www.casper.com,4,DTC mattress pioneer,info@casper.com,contact@casper.com,200.0310135,200.0635208; 18794011070,pattern
210,Away,eCommerce / DTC Brands,Travel/Luggage,New York,NY,600,$200M-$500M,Customer engagement AI,$10K-$25K,VP of Technology,www.awaytravel.com,4,DTC luggage brand,hello@awaytravel.com,,6647418079,1741011796; 1740583733,scraped
211,Bombas,eCommerce / DTC Brands,Apparel/Socks,New York,NY,300,$200M-$500M,Inventory automation,$10K-$20K,Director of Technology,www.bombas.com,4,Social mission; $300M+ revenue,info@bombas.com,contact@bombas.com,1754002334,1503876604; 10471338148,pattern
212,Rothys,eCommerce / DTC Brands,Footwear,San Francisco,CA,500,$100M-$200M,Personalization AI,$10K-$25K,CTO,www.rothys.com,4,Sustainable footwear,info@rothys.com,contact@rothys.com,4421340952,3057066561; 16145158379,pattern
213,ThirdLove,eCommerce / DTC Brands,Apparel/Intimates,San Francisco,CA,200,$50M-$100M,Fit recommendation AI,$8K-$20K,VP of Engineering,www.thirdlove.com,3,AI-powered fit tech,info@thirdlove.com,contact@thirdlove.com,9558569057,8804302881; 7504229628,pattern
214,Quip,eCommerce / DTC Brands,Oral Care,Brooklyn,NY,100,$50M-$100M,Subscription management AI,$8K-$15K,CTO,www.getquip.com,3,Subscription oral care,info@getquip.com,contact@getquip.com,200.0310135,200.0635208; 12821702253,pattern
215,Hims & Hers Health,eCommerce / DTC Brands,Telehealth/DTC,San Francisco,CA,2000,$1B+,Customer service AI,$20K-$40K,Chief Technology Officer,www.forhims.com,5,Public company; $1B+ revenue,info@forhims.com,contact@forhims.com,160.2941176,2272727272; 0377358490,pattern
216,Native,eCommerce / DTC Brands,Personal Care,San Francisco,CA,100,$100M-$200M,Customer engagement AI,$8K-$20K,Director of E-Commerce,www.nativecos.com,3,P&G subsidiary,info@nativecos.com,contact@nativecos.com,5849378679,5807160894; 5859615395,pattern
217,Function of Beauty,eCommerce / DTC Brands,Hair Care,New York,NY,200,$100M-$200M,Personalization engine AI,$10K-$20K,CTO,www.functionofbeauty.com,4,Custom hair care,hello@functionofbeauty.com,,2147483647,8664884904; 4691068708,scraped
218,Prose,eCommerce / DTC Brands,Hair Care,New York,NY,150,$50M-$100M,Product customization AI,$8K-$20K,VP of Technology,www.prose.com,3,Custom hair care formulas,hello@prosehair.com,,6179669332,5989597356; 1478995994,scraped
219,Billie,eCommerce / DTC Brands,Personal Care,New York,NY,80,$50M-$100M,Subscription AI,$8K-$15K,Director of E-Commerce,www.mybillie.com,3,Womens razor brand,hello@mybillie.com,press@mybillie.com,2570558233,18123021441; +18888207422,scraped
220,Hubble Contacts,eCommerce / DTC Brands,Eye Care,New York,NY,100,$50M-$100M,Customer retention AI,$8K-$15K,CTO,www.hubblecontacts.com,3,Subscription contacts,info@hubblecontacts.com,contact@hubblecontacts.com,3057788945,6505142574; 6894319763,pattern
221,BarkBox,eCommerce / DTC Brands,Pet/Subscription,New York,NY,500,$200M-$500M,Customer engagement AI,$10K-$25K,VP of Engineering,www.barkbox.com,4,BARK Inc; public company,info@barkbox.com,contact@barkbox.com,7621323625,5699402090; 11627363639,pattern
222,Chewy,eCommerce / DTC Brands,Pet E-Commerce,Dania Beach,FL,20000,$10B+,Customer service AI,$30K-$50K,Chief Technology Officer,www.chewy.com,5,Largest online pet retailer,info@chewy.com,contact@chewy.com,,,pattern
223,FabFitFun,eCommerce / DTC Brands,Subscription Box,Los Angeles,CA,300,$200M-$500M,Personalization AI,$10K-$25K,CTO,www.fabfitfun.com,4,Seasonal subscription box,info@fabfitfun.com,contact@fabfitfun.com,,,pattern
224,Stitch Fix,eCommerce / DTC Brands,Fashion/AI,San Francisco,CA,5000,$1B+,Style recommendation AI,$20K-$40K,Chief Algorithm Officer,www.stitchfix.com,5,AI-powered fashion,info@stitchfix.com,contact@stitchfix.com,,,pattern
225,Italic,eCommerce / DTC Brands,Luxury DTC,Los Angeles,CA,50,$10M-$25M,Inventory management AI,$8K-$15K,CEO,www.italic.com,3,Direct-from-manufacturer,wholesale@italic.com,hello@italic.com,334843 1052,615232 1064; 257.131 1008,scraped
226,TRUFF,eCommerce / DTC Brands,Food/Condiments,Irvine,CA,50,$50M-$100M,Customer engagement AI,$8K-$15K,Director of E-Commerce,www.truff.com,3,Truffle hot sauce brand,support@truff.com,support@truffhotsauce.com; support@storefront.com,1699652007,1770875814; 1756838731,scraped
227,Fly By Jing,eCommerce / DTC Brands,Food/Condiments,Los Angeles,CA,30,$10M-$25M,Inventory automation,$8K-$12K,CEO,www.flybyjing.com,3,Sichuan-inspired sauces,info@flybyjing.com,contact@flybyjing.com,1741389583,14037518533; 5194536761,pattern
228,Brightland,eCommerce / DTC Brands,Food/Olive Oil,Los Angeles,CA,20,$5M-$10M,Customer retention AI,$5K-$10K,Founder,www.brightland.co,2,DTC olive oil brand,info@brightland.co,contact@brightland.co,13334144620,1614788804; 18041309697,pattern
229,Feat Clothing,eCommerce / DTC Brands,Athleisure,Henderson,NV,50,$10M-$25M,Customer service AI,$5K-$12K,Director of E-Commerce,www.featclothing.com,2,Growing DTC athleisure,info@featclothing.com,contact@featclothing.com,1656435291,7823523422; 6353326431,pattern
230,ASRV,eCommerce / DTC Brands,Athleisure,Carlsbad,CA,50,$10M-$25M,Inventory automation,$5K-$12K,CEO,www.asrv.com,2,Mens athletic brand,wes@topshelfbrandz.com,info@stagheaddesigns.com,11970328739,4746820017; 10758685839,scraped
231,Bylt Basics,eCommerce / DTC Brands,Apparel,Huntington Beach,CA,50,$10M-$25M,Customer engagement AI,$5K-$12K,Director of Marketing,www.byltbasics.com,2,Basics-focused apparel,info@byltbasics.com,contact@byltbasics.com,1739227096,1771308181; 1771308165,pattern
232,Lunya,eCommerce / DTC Brands,Sleepwear,Los Angeles,CA,100,$25M-$50M,Personalization AI,$8K-$15K,VP of E-Commerce,www.lunya.co,3,Premium sleepwear,support@glood.ai,,2328155278,6478849041; 1674695178,scraped
233,Thousand Fell,eCommerce / DTC Brands,Footwear,New York,NY,30,$5M-$10M,Customer retention AI,$5K-$10K,CEO,www.thousandfell.com,2,Recyclable sneakers,info@thousandfell.com,contact@thousandfell.com,200.0310135,200.0635208; 13844162159,pattern
234,Bite Toothpaste,eCommerce / DTC Brands,Personal Care,Los Angeles,CA,50,$10M-$25M,Subscription AI,$5K-$12K,Director of Operations,www.bitetoothpastebits.com,2,Sustainable oral care,hello@bitetoothpastebits.com,,13463460260,11665766023; 8917921101,scraped
235,Huron,eCommerce / DTC Brands,Mens Grooming,New York,NY,30,$5M-$10M,Customer engagement AI,$5K-$10K,CEO,www.usehuron.com,2,Mens personal care,help@usehuron.com,,5158928473,18605919473; 1682964811,scraped
236,Wild One,eCommerce / DTC Brands,Pet Products,New York,NY,40,$10M-$25M,Customer service AI,$5K-$12K,Director of E-Commerce,www.wildone.com,2,Modern pet brand,info@wildone.com,contact@wildone.com,1664883879,11063237065; 9974612881,pattern
237,Chippin,eCommerce / DTC Brands,Pet Food,New York,NY,20,$5M-$10M,Subscription management AI,$5K-$10K,CEO,www.chippin.com,2,Sustainable pet food,info@chippin.com,contact@chippin.com,6666666666,9999999999; 1.7543859649,pattern
238,The Farmers Dog,eCommerce / DTC Brands,Pet Food,New York,NY,500,$200M-$500M,Customer service AI,$10K-$25K,CTO,www.thefarmersdog.com,4,Fresh dog food subscription,info@thefarmersdog.com,contact@thefarmersdog.com,15780152491,1067880890; 716006-8596,pattern
239,MUSH,eCommerce / DTC Brands,Food/Oats,Los Angeles,CA,30,$10M-$25M,Inventory automation,$5K-$12K,Director of Operations,www.eatmush.com,2,Ready-to-eat oats,hello@eatmush.com,info@stagheaddesigns.com,1626905343,1629446388; 16207343553,scraped
240,ColourPop,eCommerce / DTC Brands,Beauty,Los Angeles,CA,400,$200M-$500M,Personalization engine AI,$10K-$25K,VP of E-Commerce,www.colourpop.com,4,Affordable DTC beauty,info@colourpop.com,contact@colourpop.com,4059582218,7560632071; 17303574505,pattern
241,Planet Fitness,Fitness / Gym Franchises,Value Gym,Hampton,NH,40000,$1B+,Member retention AI,$25K-$50K,Chief Digital Officer,www.planetfitness.com,5,2400+ locations; NYSE listed,info@planetfitness.com,contact@planetfitness.com,,,pattern
242,Anytime Fitness,Fitness / Gym Franchises,24-Hour Gym,Woodbury,MN,30000,$500M-$1B,Lead nurturing AI,$20K-$40K,VP of Technology,www.anytimefitness.com,5,5000+ locations worldwide,mediainquiries@sebrands.com,customercare@abcfitness.com; member.solutions@sebrands.com,6750786091,4395409186; 19438725055,scraped
243,Crunch Fitness,Fitness / Gym Franchises,Full-Service Gym,New York,NY,10000,$500M-$1B,Scheduling automation,$15K-$30K,CTO,www.crunch.com,4,450+ locations,info@crunch.com,contact@crunch.com,4729039075,9939498621; 4823136230,pattern
244,Golds Gym,Fitness / Gym Franchises,Full-Service Gym,Dallas,TX,5000,$200M-$500M,Member engagement AI,$15K-$30K,VP of Digital,www.goldsgym.com,4,Iconic brand; 700+ locations,websiteinquiries@goldsgym.com,,1589017372,1510349791; 1956804-9105,scraped
245,Orangetheory Fitness,Fitness / Gym Franchises,Boutique Fitness,Boca Raton,FL,15000,$1B+,Member retention AI,$20K-$40K,Chief Technology Officer,www.orangetheory.com,5,1500+ studios,info@orangetheory.com,contact@orangetheory.com,6629184900,6149520992; 6215926870,pattern
246,F45 Training,Fitness / Gym Franchises,Boutique Fitness,Austin,TX,5000,$200M-$500M,Scheduling AI,$10K-$25K,CTO,www.f45training.com,4,1750+ studios globally,info@f45training.com,contact@f45training.com,9343856500,1771911747; 1140853335,pattern
247,Club Pilates,Fitness / Gym Franchises,Boutique Fitness,Irvine,CA,8000,$200M-$500M,Lead nurturing AI,$10K-$25K,VP of Technology,www.clubpilates.com,4,Xponential brand; 800+ studios,operations@clubpilates.com,,16640894093,17364659659; 16641985216,scraped
248,HOTWORX,Fitness / Gym Franchises,Infrared Fitness,Baton Rouge,LA,3000,$100M-$200M,Member retention AI,$8K-$20K,Director of Technology,www.hotworx.net,3,700+ locations,manager.tx0198@hotworx.net,studio.tx0198@hotworx.net; studio.tx0057@hotworx.net; manager.tx0057@hotworx.net,5915109173,2942122015; 7428875613,scraped
249,Pure Barre,Fitness / Gym Franchises,Boutique Fitness,Irvine,CA,5000,$100M-$200M,Scheduling automation,$8K-$20K,VP of Operations,www.purebarre.com,3,Xponential brand; 600+ studios,info@purebarre.com,contact@purebarre.com,16744254712,17691244789; 17690383245,pattern
250,D1 Training,Fitness / Gym Franchises,Athletic Training,Nashville,TN,2000,$50M-$100M,Lead qualification AI,$8K-$15K,Director of Technology,www.d1training.com,3,100+ locations,info@d1training.com,contact@d1training.com,2565104887,7263817988; 6511237585,pattern
251,Burn Boot Camp,Fitness / Gym Franchises,Boutique Fitness,Cornelius,NC,3000,$100M-$200M,Member engagement AI,$8K-$20K,VP of Technology,www.burnbootcamp.com,3,350+ locations,info@burnbootcamp.com,contact@burnbootcamp.com,10217008361,1766170287; 5418185427,pattern
252,The Exercise Coach,Fitness / Gym Franchises,Personal Training,Lake Zurich,IL,1000,$25M-$50M,Scheduling AI,$5K-$15K,Director of Operations,www.exercisecoach.com,3,140+ studios,info@exercisecoach.com,contact@exercisecoach.com,1770067602,1770067726; 1770067604,pattern
253,StretchLab,Fitness / Gym Franchises,Recovery/Stretch,Irvine,CA,3000,$50M-$100M,Appointment scheduling AI,$8K-$15K,VP of Technology,www.stretchlab.com,3,Xponential brand; 300+ studios,info@stretchlab.com,contact@stretchlab.com,16744610524,17556272642; 16744525965,pattern
254,TITLE Boxing Club,Fitness / Gym Franchises,Boxing Fitness,Kansas City,MO,1500,$25M-$50M,Lead nurturing AI,$5K-$15K,Director of Marketing,www.titleboxingclub.com,3,150+ locations,info@titleboxingclub.com,,19115639424,17658461994; 19145948118,pattern
255,Row House,Fitness / Gym Franchises,Boutique Fitness,Irvine,CA,1500,$25M-$50M,Member retention AI,$5K-$15K,VP of Operations,www.therowhouse.com,3,Xponential brand; rowing focus,marketing@therowhouse.com,,15191678449,16744427858; 17369744058,scraped
256,Barrys,Fitness / Gym Franchises,Boutique Fitness,Los Angeles,CA,2000,$100M-$200M,Scheduling automation AI,$10K-$20K,CTO,www.barrys.com,3,80+ studios,info@barrys.com,contact@barrys.com,464308.6696,511589.6696; 964063.2232,pattern
257,SoulCycle,Fitness / Gym Franchises,Cycling,New York,NY,2000,$100M-$200M,Member engagement AI,$10K-$20K,VP of Technology,www.soul-cycle.com,3,Premium cycling studios,yoursoulmatters@soul-cycle.com,,2924861034,6475950959; +1-646-755-6872,scraped
258,Equinox,Fitness / Gym Franchises,Premium Fitness,New York,NY,10000,$1B+,Personalization AI,$20K-$40K,Chief Digital Officer,www.equinox.com,5,Premium fitness brand; 100+ clubs,concierge@equinox.com,pr@equinox.com,4533470681,2763769630; 4597263290,scraped
259,Life Time Fitness,Fitness / Gym Franchises,Premium Fitness,Chanhassen,MN,30000,$1B+,Member engagement AI,$25K-$50K,Chief Technology Officer,www.lifetime.life,5,170+ destinations; NYSE listed,info@lifetime.life,contact@lifetime.life,17018812414,19055901499,pattern
260,LA Fitness,Fitness / Gym Franchises,Full-Service Gym,Irvine,CA,10000,$1B+,Member retention AI,$20K-$35K,VP of Technology,www.lafitness.com,4,700+ clubs,info@lafitness.com,contact@lafitness.com,6389015197,1023351969; 1000000000,pattern
261,24 Hour Fitness,Fitness / Gym Franchises,Full-Service Gym,San Ramon,CA,8000,$500M-$1B,Scheduling automation AI,$15K-$30K,CTO,www.24hourfitness.com,4,300+ clubs,info@24hourfitness.com,contact@24hourfitness.com,12300866441,10331260218; 2120135750,pattern
262,YMCA of Greater New York,Fitness / Gym Franchises,Community Fitness,New York,NY,5000,$200M-$500M,Member engagement AI,$15K-$25K,CIO,www.ymcanyc.org,4,Largest US YMCA association,bedstuy@ymcanyc.org,mjhangir@ymcanyc.org; dodge_contact@ymcanyc.org; flatbush_contact@ymcanyc.org,212-630-9600,1289933359; 1530754645,scraped
263,UFC Gym,Fitness / Gym Franchises,MMA Fitness,Irvine,CA,3000,$100M-$200M,Lead nurturing AI,$10K-$20K,VP of Technology,www.ufcgym.com,3,150+ locations,contact@ufcgym.com,,175.176.3661,1159387112; 1610025918,pattern
264,Snap Fitness,Fitness / Gym Franchises,24-Hour Gym,Chanhassen,MN,5000,$100M-$200M,Member retention AI,$8K-$20K,Director of Technology,www.snapfitness.com,3,1000+ locations,info@snapfitness.com,contact@snapfitness.com,0484562807,1535108079,pattern
265,Blink Fitness,Fitness / Gym Franchises,Value Gym,New York,NY,3000,$100M-$200M,Scheduling AI,$8K-$20K,CTO,www.blinkfitness.com,3,100+ locations,info@blinkfitness.com,contact@blinkfitness.com,2109221049,1772479904; 8387096774,pattern
266,EOS Fitness,Fitness / Gym Franchises,Full-Service Gym,Phoenix,AZ,2000,$50M-$100M,Lead qualification AI,$8K-$15K,VP of Operations,www.eosfitness.com,3,Growing Southwest brand,info@eosfitness.com,contact@eosfitness.com,9788538365,2004653821; 406-2167793,pattern
267,Xponential Fitness,Fitness / Gym Franchises,Multi-Brand,Irvine,CA,5000,$200M-$500M,Multi-brand analytics AI,$20K-$40K,Chief Technology Officer,www.xponential.com,5,Parent of 10 fitness brands; NYSE,info@xponential.com,contact@xponential.com,11664574886,17428759417; 7998142403,pattern
268,CycleBar,Fitness / Gym Franchises,Cycling,Irvine,CA,2000,$50M-$100M,Member engagement AI,$8K-$15K,VP of Technology,www.cyclebar.com,3,Xponential brand; 200+ studios,info@cyclebar.com,contact@cyclebar.com,16744183330,17364673795; 16744155939,pattern
269,YogaSix,Fitness / Gym Franchises,Yoga,Irvine,CA,2000,$50M-$100M,Scheduling automation,$8K-$15K,Director of Operations,www.yogasix.com,3,Xponential brand; 200+ studios,contact@yogasix.com,,16711354561,17388772469; 17418247724,pattern
270,AKT,Fitness / Gym Franchises,Dance Fitness,Irvine,CA,500,$10M-$25M,Lead nurturing AI,$5K-$12K,VP of Operations,www.theakt.com,2,Xponential brand,aktbriercreek@theakt.com,,16707801988,17415318134; 16708358047,scraped
271,Rumble Boxing,Fitness / Gym Franchises,Boxing Fitness,New York,NY,1000,$25M-$50M,Member retention AI,$8K-$15K,Director of Technology,www.rumbleboxinggym.com,3,Xponential brand,info@rumbleboxinggym.com,contact@rumbleboxinggym.com,16744285956,17364677245; 16744503685,pattern
272,BFT (Body Fit Training),Fitness / Gym Franchises,Functional Training,Irvine,CA,1500,$25M-$50M,Scheduling AI,$5K-$15K,VP of Technology,www.bodyfittraining.com,3,Xponential brand; Australian origin,info@bodyfittraining.com,contact@bodyfittraining.com,16745887318,17364672349; 16754752453,pattern
273,Solidcore,Fitness / Gym Franchises,Pilates/Strength,Washington,DC,1500,$50M-$100M,Member engagement AI,$8K-$20K,CTO,www.solidcore.co,3,100+ studios,info@solidcore.co,contact@solidcore.co,1452460311,,pattern
274,CorePower Yoga,Fitness / Gym Franchises,Yoga,Denver,CO,3000,$100M-$200M,Scheduling automation AI,$10K-$20K,VP of Technology,www.corepoweryoga.com,3,200+ studios,mediainquiries@corepoweryoga.com,partnerships@corepoweryoga.com; corepoweryoga@azionepr.com,3243104517,2785247414; 8133031103,scraped
275,Club4 Fitness,Fitness / Gym Franchises,Value Gym,Flowood,MS,1000,$25M-$50M,Lead qualification AI,$5K-$15K,Director of Operations,www.club4fitness.com,2,Southeast value gym,info@club4fitness.com,contact@club4fitness.com,1770665344,1771640929; 1771640930,pattern
276,Workout Anytime,Fitness / Gym Franchises,24-Hour Gym,Alpharetta,GA,1500,$25M-$50M,Member retention AI,$5K-$15K,VP of Technology,www.workoutanytime.com,3,200+ locations,info@workoutanytime.com,contact@workoutanytime.com,7368123149,400-1680189; 400-1680724,pattern
277,Retro Fitness,Fitness / Gym Franchises,Value Gym,Colts Neck,NJ,2000,$50M-$100M,Lead nurturing AI,$8K-$15K,Director of Technology,www.retrofitness.com,3,140+ locations,info@retrofitness.com,contact@retrofitness.com,1772479916,1772479917,pattern
278,Basecamp Fitness,Fitness / Gym Franchises,HIIT,Irvine,CA,500,$10M-$25M,Scheduling automation,$5K-$12K,Director of Operations,www.basecampfitness.com,2,Xponential brand,info@basecampfitness.com,contact@basecampfitness.com,1460829662,947248-5305; 106.5680974,pattern
279,MADabolic,Fitness / Gym Franchises,Strength Training,Charlotte,NC,500,$10M-$25M,Member engagement AI,$5K-$12K,Director of Operations,www.madabolic.com,2,50+ studios,southpark@madabolic.com,coloradosprings@madabolic.com; iondistrict@madabolic.com; bend@madabolic.com,2252728365,17424354612; (463) 800-7824,scraped
280,CrossFit Mayhem,Fitness / Gym Franchises,CrossFit,Cookeville,TN,50,$5M-$10M,Member scheduling AI,$5K-$10K,Owner,www.crossfitmayhem.com,2,Top CrossFit affiliate; Rich Froning,shop@mayhemnation.com,,17182134731,2696842561; 8220251795,scraped
281,Lockton Companies,Insurance Agencies,Private Brokerage,Kansas City,MO,10500,$1B+,Claims processing AI,$25K-$50K,Chief Technology Officer,www.lockton.com,5,Largest privately held brokerage,missy.sullivan@lockton.com,,0000000032,869-7148073; 0056240306,scraped
282,USI Insurance Services,Insurance Agencies,Brokerage,Valhalla,NY,10500,$1B+,Lead scoring AI,$25K-$50K,CTO,www.usi.com,5,10500 professionals; 200 offices,kate.bang@usi.com,careerinfo@usi.com; ebsolutions@usi.com; benefits.servicecenter@usi.com,3605142025,412-0836920; 250522.0604,scraped
283,Marsh McLennan Agency,Insurance Agencies,Brokerage,New York,NY,15000,$1B+,Underwriting automation,$30K-$50K,Chief Digital Officer,www.marshmma.com,5,Part of Marsh McLennan,alexandra.oconnor@marshmma.com,,788538-2162,9222960274; 1554347084,scraped
284,Hub International,Insurance Agencies,Brokerage,Chicago,IL,18000,$1B+,Claims processing AI,$25K-$50K,VP of Technology,www.hubinternational.com,5,500+ offices,info@hubinternational.com,contact@hubinternational.com,7931924799,806448-4524; 11626912514,pattern
285,Acrisure,Insurance Agencies,Brokerage,Grand Rapids,MI,16000,$1B+,AI-powered quoting,$25K-$50K,CTO,www.acrisure.com,5,Fast growing; PE-backed,username@email.com,,7927492383,8142777667; 301877-7087,scraped
286,Gallagher,Insurance Agencies,Global Brokerage,Rolling Meadows,IL,52000,$5B+,Underwriting AI,$30K-$50K,Chief Innovation Officer,www.ajg.com,5,Acquired AssuredPartners,info@ajg.com,contact@ajg.com,,,pattern
287,Brown & Brown,Insurance Agencies,Brokerage,Daytona Beach,FL,16000,$1B+,Claims automation AI,$25K-$50K,Chief Technology Officer,www.bbinsurance.com,5,NYSE listed; acquisition-driven,info@bbinsurance.com,contact@bbinsurance.com,0211414300,17395401902; 17466424340,pattern
288,AssuredPartners,Insurance Agencies,Brokerage,Lake Mary,FL,11000,$1B+,Lead scoring AI,$20K-$40K,CTO,www.assuredpartners.com,4,Acquired by Gallagher,info@assuredpartners.com,contact@assuredpartners.com,190751-4478,992757-5988; 1327166847,pattern
289,NFP,Insurance Agencies,Brokerage,New York,NY,7000,$1B+,Client onboarding AI,$20K-$35K,VP of Innovation,www.nfp.com,4,Part of Aon,info@nfp.com,contact@nfp.com,1441231484,4739011417; 4535529090,pattern
290,Risk Strategies,Insurance Agencies,Specialty Brokerage,Boston,MA,5000,$500M-$1B,Underwriting automation,$15K-$30K,Director of Technology,www.risk-strategies.com,4,Top 20 brokerage,info@risk-strategies.com,contact@risk-strategies.com,8109772860,17719623407; 8109772859,pattern
291,Alliant Insurance Services,Insurance Agencies,Specialty Brokerage,Newport Beach,CA,3500,$500M-$1B,Claims processing AI,$15K-$30K,CTO,www.alliant.com,4,Employee-owned,info@alliant.com,contact@alliant.com,0000000004,2133341237; 1682355853,pattern
292,IMA Financial Group,Insurance Agencies,Brokerage,Denver,CO,2000,$200M-$500M,Lead scoring AI,$10K-$25K,VP of Technology,www.imacorp.com,3,Employee-owned,info@imacorp.com,contact@imacorp.com,9999999999,1759767217; 1764781342,pattern
293,EPIC Insurance Brokers,Insurance Agencies,Brokerage,San Francisco,CA,2800,$200M-$500M,Client engagement AI,$10K-$25K,Director of Technology,www.epicbrokers.com,3,Growth-focused,info@epicbrokers.com,contact@epicbrokers.com,1771606825,1731689794; 2118049149,pattern
294,Higginbotham,Insurance Agencies,Regional Brokerage,Fort Worth,TX,2500,$200M-$500M,Claims automation,$10K-$25K,VP of IT,www.higginbotham.com,3,Largest independent in TX,info@higginbotham.com,contact@higginbotham.com,17026835338,1763800968; 1763800678,pattern
295,Holmes Murphy,Insurance Agencies,Regional Brokerage,Waukee,IA,1800,$100M-$200M,Underwriting AI,$10K-$20K,Director of Innovation,www.holmesmurphy.com,3,Employee-owned; Midwest,info@holmesmurphy.com,contact@holmesmurphy.com,8779511776,4809514060; 8444847750,pattern
296,Hylant,Insurance Agencies,Regional Brokerage,Toledo,OH,1000,$100M-$200M,Claims processing AI,$8K-$20K,VP of Technology,www.hylant.com,3,Top 30 US brokerage,info@hylant.com,contact@hylant.com,1753888310,1116889596; 1673290694,pattern
297,Woodruff Sawyer,Insurance Agencies,Regional Brokerage,San Francisco,CA,500,$100M-$200M,Lead qualification AI,$8K-$20K,Director of IT,www.wsandco.com,3,West Coast focused,info@wsandco.com,contact@wsandco.com,,,pattern
298,CCIG,Insurance Agencies,Regional Agency,Greenwood Village,CO,200,$25M-$50M,Client onboarding AI,$5K-$15K,VP of Operations,www.thinkccig.com,3,Colorado leader; top 100,info@thinkccig.com,contact@thinkccig.com,,,pattern
299,Atlas Insurance Brokers,Insurance Agencies,Regional Brokerage,Overland Park,KS,300,$50M-$100M,Lead scoring AI,$8K-$15K,Director of Technology,www.aibme.com,3,Top 100 P&C agency; 8 yrs running,info@aibme.com,contact@aibme.com,1772479922,1772479923,pattern
300,Rate Insurance,Insurance Agencies,Personal Lines,Chicago,IL,500,$50M-$100M,AI-powered quoting,$8K-$20K,CTO,www.rate.com/insurance,3,Top 100; fastest growing,direct.quote@rate.com,,8669347283,2026022618; 9801338611,scraped
301,Patriot Growth Insurance,Insurance Agencies,Brokerage,Fort Lauderdale,FL,3000,$200M-$500M,Claims automation AI,$10K-$25K,VP of Technology,www.patriotgis.com,4,Fast-growing platform,info@patriotgis.com,payroll@patriotgis.com; yourname@emailaddress.com,0169708029,0867708079; 7904696683,pattern
302,Relation Insurance Services,Insurance Agencies,Brokerage,Scottsdale,AZ,2000,$100M-$200M,Client engagement AI,$10K-$20K,Director of IT,www.relationinsurance.com,3,PE-backed growth,info@relationinsurance.com,contact@relationinsurance.com,1772478889,1772381640; 1772381638,pattern
303,Insurity,Insurance Agencies,InsurTech,Hartford,CT,800,$100M-$200M,Underwriting automation AI,$15K-$30K,Chief Technology Officer,www.insurity.com,4,Cloud insurance platform,info@insurity.com,,9719639045,3068207739; 9895400592,pattern
304,Lemonade,Insurance Agencies,InsurTech,New York,NY,1500,$200M-$500M,AI claims processing,$15K-$30K,CTO,www.lemonade.com,4,AI-first insurance company,info@lemonade.com,contact@lemonade.com,9604137856,6058541301; 083 181.5074,pattern
305,Hippo Insurance,Insurance Agencies,InsurTech,Austin,TX,800,$100M-$200M,Home insurance AI,$10K-$25K,Chief Technology Officer,www.hippo.com,4,Smart home insurance,sales@hippo.com,u003esales@hippo.com; support@hippo.com; u003esupport@hippo.com,2186648773,1565212096; 4452614948,scraped
306,Kin Insurance,Insurance Agencies,InsurTech,Chicago,IL,500,$100M-$200M,Underwriting AI,$10K-$20K,CTO,www.kin.com,3,Direct-to-consumer home insurance,support@kin.com,marketing@kin.com,855-717-0022,855-216-7674; 654-9001842,scraped
307,Goosehead Insurance,Insurance Agencies,Franchise Agency,Westlake,TX,2500,$200M-$500M,Lead scoring AI,$10K-$25K,VP of Technology,www.gooseheadinsurance.com,4,NYSE listed; franchise model,info@gooseheadinsurance.com,contact@gooseheadinsurance.com,,,pattern
308,Brightway Insurance,Insurance Agencies,Franchise Agency,Jacksonville,FL,1500,$100M-$200M,Quote comparison AI,$8K-$20K,Director of Technology,www.brightway.com,3,300+ franchise locations,info@brightway.com,contact@brightway.com,6340580170,985-3647867; 9327063247,pattern
309,The Hartford,Insurance Agencies,Carrier/Agency,Hartford,CT,19000,$10B+,Claims AI automation,$30K-$50K,Chief Digital Officer,www.thehartford.com,5,Fortune 500 insurer,info@thehartford.com,contact@thehartford.com,,,pattern
310,Erie Insurance,Insurance Agencies,Regional Carrier,Erie,PA,6000,$5B+,Claims processing AI,$20K-$40K,VP of Innovation,www.erieinsurance.com,4,Top regional insurer,fraud.finders@erieinsurance.com,,12658530543,353119-6990; 1518263302,scraped
311,Selective Insurance,Insurance Agencies,Specialty Carrier,Branchville,NJ,2500,$1B+,Underwriting AI,$15K-$30K,CTO,www.selective.com,4,Commercial lines focus,itservicedesk@selective.com,,1014238-4731,114-0900145; 888-974-7400,scraped
312,Westfield Insurance,Insurance Agencies,Regional Carrier,Westfield Center,OH,2500,$1B+,Claims automation,$15K-$25K,VP of Technology,www.westfieldinsurance.com,3,Midwest focus,info@westfieldinsurance.com,contact@westfieldinsurance.com,1371529574,1304333576; 10844115879,pattern
313,Hanover Insurance Group,Insurance Agencies,Regional Carrier,Worcester,MA,4500,$5B+,Underwriting AI,$20K-$35K,Chief Digital Officer,www.hanover.com,4,Top 30 P&C insurer,info@hanover.com,contact@hanover.com,,,pattern
314,EMC Insurance,Insurance Agencies,Regional Carrier,Des Moines,IA,2500,$1B+,Claims processing AI,$15K-$25K,Director of IT,www.emcins.com,3,Midwest commercial lines,info@emcins.com,contact@emcins.com,,,pattern
315,Donegal Insurance Group,Insurance Agencies,Regional Carrier,Marietta,PA,1500,$500M-$1B,Underwriting automation,$10K-$20K,VP of Technology,www.donegalgroup.com,3,Mid-Atlantic focus,info@donegalgroup.com,contact@donegalgroup.com,6389420668,(800) 877-0600; (833) 908-1606,pattern
316,Cincinnati Financial,Insurance Agencies,Regional Carrier,Fairfield,OH,5000,$5B+,Claims AI,$20K-$35K,CTO,www.cinfin.com,4,Fortune 500; 35 years dividend growth,kerri_hinkel@cinfin.com,andrew_scheidt@cinfin.com; jennifer_baker@cinfin.com,10331260218,1064466553; 17721225229,scraped
317,Auto-Owners Insurance,Insurance Agencies,Regional Carrier,Lansing,MI,5500,$5B+,Claims automation AI,$20K-$35K,VP of Innovation,www.auto-owners.com,4,26 states; top 20 P&C,info@auto-owners.com,contact@auto-owners.com,17717674020,17717492438; 17717492203,pattern
318,State Auto Insurance,Insurance Agencies,Regional Carrier,Columbus,OH,1800,$1B+,Lead scoring AI,$10K-$25K,Director of Technology,www.stateauto.com,3,Now part of Liberty Mutual,info@stateauto.com,contact@stateauto.com,3344262066,,pattern
319,AMERITAS,Insurance Agencies,Life/Benefits,Lincoln,NE,2500,$1B+,Benefits enrollment AI,$15K-$25K,VP of Technology,www.ameritas.com,3,Dental/vision/life benefits,info@ameritas.com,contact@ameritas.com,0000000014,0270553408; 17715626551,pattern
320,Main Street America Insurance,Insurance Agencies,Regional Carrier,Jacksonville,FL,800,$500M-$1B,Underwriting AI,$10K-$20K,Director of IT,www.msagroup.com,3,Small business focus,brandmarketing@msagroup.com,,3499999999,2803275623; 0808043774,scraped
321,Robert Half,Staffing / Recruiting Firms,Professional Staffing,Menlo Park,CA,14000,$5B+,Resume screening AI,$25K-$50K,Chief Technology Officer,www.roberthalf.com,5,Worlds largest specialized staffing,info@roberthalf.com,contact@roberthalf.com,2192400593,1923577088; 1394347403,pattern
322,Randstad USA,Staffing / Recruiting Firms,General Staffing,Atlanta,GA,38000,$5B+,Candidate matching AI,$25K-$50K,VP of Innovation,www.randstadusa.com,5,AI-driven matching tools,info@randstadusa.com,contact@randstadusa.com,9224438568,844-906-2751; 6542698835,pattern
323,Insight Global,Staffing / Recruiting Firms,IT/Professional,Atlanta,GA,9000,$1B+,Resume screening AI,$20K-$40K,CTO,www.insightglobal.com,5,Fast-growing; high-volume recruiting,info@insightglobal.com,contact@insightglobal.com,0000000027,1673067696; 17722652900,pattern
324,Kforce,Staffing / Recruiting Firms,IT/Finance Staffing,Tampa,FL,4000,$1B+,Candidate matching AI,$20K-$35K,Chief Technology Officer,www.kforce.com,4,50+ US offices; NYSE listed,info@kforce.com,contact@kforce.com,2024120511,1066743644; 1-877-453-6723,pattern
325,TrueBlue,Staffing / Recruiting Firms,Industrial Staffing,Tacoma,WA,5000,$1B+,Worker matching AI,$15K-$30K,CTO,www.trueblue.com,4,NYSE listed; PeopleReady brand,recruitment@trueblue.com,hr-advice@trueblue.com,(800) 610-8920,(877) 338-1039; 9999999999,scraped
326,Aerotek,Staffing / Recruiting Firms,Engineering/Industrial,Hanover,MD,8000,$5B+,Interview scheduling AI,$20K-$40K,VP of Technology,www.aerotek.com,5,Allegis Group subsidiary,info@aerotek.com,contact@aerotek.com,1237232374,1386163234; 1770977278,pattern
327,TEKsystems,Staffing / Recruiting Firms,IT Staffing,Hanover,MD,5000,$5B+,Resume screening AI,$20K-$40K,Chief Digital Officer,www.teksystems.com,5,Allegis Group subsidiary,info@teksystems.com,contact@teksystems.com,,,pattern
328,Heidrick & Struggles,Staffing / Recruiting Firms,Executive Search,Chicago,IL,1700,$500M-$1B,Candidate assessment AI,$15K-$30K,CTO,www.heidrick.com,4,NYSE listed; executive search,info@heidrick.com,contact@heidrick.com,0000000026,6390772502; 6390807673,pattern
329,Korn Ferry,Staffing / Recruiting Firms,Executive Search,Los Angeles,CA,10000,$1B+,Leadership assessment AI,$25K-$50K,Chief Technology Officer,www.kornferry.com,5,Global organizational consulting,info@kornferry.com,,17393484323,+1-310-552-1834; 17385672428,pattern
330,LaSalle Network,Staffing / Recruiting Firms,IT/Professional,Chicago,IL,500,$100M-$200M,Candidate matching AI,$10K-$20K,VP of Technology,www.lasallenetwork.com,3,Midwest IT staffing leader,news@lasallenetwork.com,hello@thelasallenetwork.com,3046271932,(312)419-1700; 1772438686,scraped
331,TemPositions Group,Staffing / Recruiting Firms,Multi-Sector,New York,NY,600,$100M-$200M,Resume screening AI,$10K-$20K,Director of IT,www.tempositions.com,3,Top 1% staffing firm; Best of Staffing,info@tempositions.com,contact@tempositions.com,,,pattern
332,Frontline Source Group,Staffing / Recruiting Firms,IT/Finance,Dallas,TX,300,$50M-$100M,Interview scheduling AI,$8K-$15K,Director of Operations,www.frontlinesourcegroup.com,3,Quick-turnaround hiring,corporate@frtline.com,corporate@frtline.comaddress; payroll@frtline.com; mediarelations@frtline.com,(214) 760-7700,877-780-3822; 5913881700,scraped
333,Adecco USA,Staffing / Recruiting Firms,General Staffing,Jacksonville,FL,30000,$5B+,Worker matching AI,$25K-$50K,VP of Innovation,www.adeccousa.com,5,Global staffing leader,u003e@adeccogroup.com,,1359352103,2322925203; 2389300881,scraped
334,Express Employment,Staffing / Recruiting Firms,General Staffing,Oklahoma City,OK,5000,$1B+,Candidate screening AI,$15K-$30K,CTO,www.expresspros.com,4,900+ franchise locations,info@expresspros.com,contact@expresspros.com,6390644762,0013705164; 6389013922,pattern
335,Spherion Staffing,Staffing / Recruiting Firms,Light Industrial,Atlanta,GA,2000,$200M-$500M,Worker matching AI,$10K-$20K,VP of Technology,www.spherion.com,3,175+ offices,info@spherion.com,contact@spherion.com,1513878136,2044606952; 6542698835,pattern
336,AppleOne,Staffing / Recruiting Firms,Administrative,Glendale,CA,1500,$100M-$200M,Resume screening AI,$8K-$20K,Director of IT,www.appleone.com,3,50+ offices,info@appleone.com,contact@appleone.com,2533005574,,pattern
337,Beacon Hill Staffing,Staffing / Recruiting Firms,Professional,Boston,MA,1000,$200M-$500M,Candidate matching AI,$10K-$20K,VP of Technology,www.beaconhillstaffing.com,3,Multiple business lines,info@beaconhillstaffing.com,contact@beaconhillstaffing.com,1680013592,0000000031; 17721908415,pattern
338,Judge Group,Staffing / Recruiting Firms,IT/Engineering,Wayne,PA,2000,$200M-$500M,Interview scheduling AI,$10K-$25K,Chief Technology Officer,www.judge.com,3,Learning + consulting too,info@judge.com,customerservice@judge.com,1385999476,1203682136; 800-301-0110,pattern
339,Vaco,Staffing / Recruiting Firms,Professional Staffing,Nashville,TN,1500,$200M-$500M,Candidate assessment AI,$10K-$25K,CTO,www.vaco.com,3,Finance/tech staffing leader,info@vaco.com,contact@vaco.com,,,pattern
340,Motion Recruitment,Staffing / Recruiting Firms,Tech Staffing,New York,NY,500,$100M-$200M,Resume screening AI,$8K-$20K,VP of Technology,www.motionrecruitment.com,3,Tech talent specialists,accessibility@motionrp.com,,9447973685,17700537336; 9448702132,scraped
341,Mondo (Insight Global),Staffing / Recruiting Firms,Digital/Creative,New York,NY,300,$50M-$100M,Candidate matching AI,$8K-$15K,Director of Technology,www.mondo.com,3,Digital staffing niche,info@mondo.com,contact@mondo.com,(999) 999-9999,,pattern
342,Addison Group,Staffing / Recruiting Firms,Professional,Chicago,IL,800,$100M-$200M,Interview scheduling AI,$8K-$20K,VP of Operations,www.addisongroup.com,3,Multi-sector staffing,mediarelations@addisongroup.com,,5817724655,1003372682; 1002150710,scraped
343,Brilliant Staffing,Staffing / Recruiting Firms,Finance/Accounting,Chicago,IL,200,$25M-$50M,Resume screening AI,$5K-$15K,Director of Operations,www.brilliantstaffing.com,2,Finance niche staffing,info@brilliantstaffing.com,contact@brilliantstaffing.com,,,pattern
344,Mitchell Martin,Staffing / Recruiting Firms,IT Staffing,New York,NY,300,$50M-$100M,Candidate matching AI,$8K-$15K,VP of Technology,www.mitchellmartin.com,3,IT consulting + staffing,info@mitchellmartin.com,contact@mitchellmartin.com,1772479934,1772479935; 1772479936,pattern
345,MatcHR (Match Group),Staffing / Recruiting Firms,Tech Recruiting,Los Angeles,CA,200,$25M-$50M,AI-powered matching,$5K-$15K,CTO,www.matchrstaffing.com,2,AI-forward staffing,info@matchrstaffing.com,contact@matchrstaffing.com,,,pattern
346,Hays US,Staffing / Recruiting Firms,Professional Staffing,Tampa,FL,1000,$200M-$500M,Candidate assessment AI,$10K-$20K,Chief Technology Officer,www.hays.com,3,Part of global Hays plc,info@hays.com,contact@hays.com,17431674708,17719871460; 17719870921,pattern
347,PrideStaff,Staffing / Recruiting Firms,Light Industrial,Fresno,CA,2000,$200M-$500M,Worker scheduling AI,$8K-$20K,VP of Technology,www.pridestaff.com,3,85+ offices; franchise model,info@pridestaff.com,,2339580467,8007743316; 5594324371,pattern
348,Kelly Services,Staffing / Recruiting Firms,General Staffing,Troy,MI,4000,$1B+,Candidate matching AI,$15K-$30K,Chief Technology Officer,www.kellyservices.com,4,75+ year history; global,info@kellyservices.com,contact@kellyservices.com,12889443703,17724768328; 12890590009,pattern
349,ManpowerGroup US,Staffing / Recruiting Firms,General Staffing,Milwaukee,WI,25000,$5B+,Workforce analytics AI,$25K-$50K,VP of Innovation,www.manpowergroup.com,5,Global workforce solutions,info@manpowergroup.com,contact@manpowergroup.com,5785383284,2418220249; 2790288531,pattern
350,Cielo,Staffing / Recruiting Firms,RPO,Milwaukee,WI,3000,$200M-$500M,Interview scheduling AI,$15K-$30K,CTO,www.cielotalent.com,4,Global RPO leader,cielo@cielotalent.com,,(877) 797-3379,7819225251; 4702370608,scraped
351,Alexander Mann Solutions,Staffing / Recruiting Firms,RPO,New York,NY,4000,$500M-$1B,Candidate assessment AI,$15K-$30K,Chief Technology Officer,www.alexandermannsolutions.com,4,Now AMS; talent solutions,info@alexandermannsolutions.com,contact@alexandermannsolutions.com,1772458723,1772458732; 1772458733,pattern
352,Yoh,Staffing / Recruiting Firms,IT/Engineering,Philadelphia,PA,2500,$500M-$1B,Resume screening AI,$10K-$25K,VP of Technology,www.yoh.com,3,Day & Zimmermann subsidiary,yohmarketing@gmail.com,,19662517440,17718628576; 19662528233,scraped
353,Aquent,Staffing / Recruiting Firms,Creative Staffing,Boston,MA,1000,$200M-$500M,Candidate matching AI,$10K-$20K,CTO,www.aquent.com,3,Creative/marketing staffing,questions@aquent.com,employverify@aquent.com,+16175355000,9999999999; 1620421145,scraped
354,Creative Circle,Staffing / Recruiting Firms,Creative Staffing,Los Angeles,CA,500,$100M-$200M,Candidate assessment AI,$8K-$15K,Director of Technology,www.creativecircle.com,3,Marketing/creative talent,etpayroll@creativecircle.com,ctpayroll@creativecircle.com; mtpayroll@creativecircle.com; ptpayroll@creativecircle.com,1772063619,17418805005; 17430543661,scraped
355,Procom,Staffing / Recruiting Firms,IT Staffing,Boston,MA,500,$100M-$200M,Resume screening AI,$8K-$15K,VP of Technology,www.procom.ca,3,IT consulting + staffing,info@procom.ca,contact@procom.ca,,,pattern
356,Nelson Staffing,Staffing / Recruiting Firms,Administrative,San Leandro,CA,300,$25M-$50M,Interview scheduling AI,$5K-$15K,Director of Operations,www.nelsonstaffing.com,2,Bay Area staffing,info@nelsonstaffing.com,contact@nelsonstaffing.com,,,pattern
357,On Assignment (Apex Group),Staffing / Recruiting Firms,Professional,Calabasas,CA,6000,$1B+,Candidate matching AI,$15K-$30K,Chief Technology Officer,www.apexgroup.com,4,Now Apex Group; diversified,info@apexgroup.com,contact@apexgroup.com,1053301570,1071-426.9344; 537-523.0415,pattern
358,Mastech Holdings,Staffing / Recruiting Firms,IT Staffing,Pittsburgh,PA,2000,$200M-$500M,AI candidate matching,$10K-$25K,CTO,www.mastech.com,3,NYSE listed; digital transformation,info@mastech.com,contact@mastech.com,,,pattern
359,Volt Information Sciences,Staffing / Recruiting Firms,General Staffing,Orange,CT,1500,$200M-$500M,Workforce AI analytics,$10K-$20K,VP of Technology,www.volt.com,3,Multi-sector staffing,info@volt.com,contact@volt.com,1772399943,1772399909; 1772472127,pattern
360,Zobility (RGBSI),Staffing / Recruiting Firms,Engineering Staffing,Troy,MI,1000,$100M-$200M,Resume screening AI,$8K-$20K,Director of IT,www.zobility.com,3,Engineering/auto focus,info@zobility.com,contact@zobility.com,1772368470,248-457-9737; 7954726925,pattern
361,WebFX,Marketing / Digital Agencies,Full-Service Digital,Harrisburg,PA,500,$100M-$200M,Content generation AI,$15K-$30K,Chief Technology Officer,www.webfx.com,4,500+ employees; $10B+ driven for clients,info@webfx.com,contact@webfx.com,2147483647,1745318430; 1772437550,pattern
362,Disruptive Advertising,Marketing / Digital Agencies,PPC/CRO,Pleasant Grove,UT,200,$25M-$50M,Campaign optimization AI,$10K-$20K,VP of Operations,www.disruptiveadvertising.com,3,Google Premier Partner,info@disruptiveadvertising.com,contact@disruptiveadvertising.com,2147483647,9999999999; 7027027027,pattern
363,Ignite Visibility,Marketing / Digital Agencies,SEO/Digital,San Diego,CA,100,$25M-$50M,SEO automation AI,$8K-$20K,Director of Technology,www.ignitevisibility.com,3,Award-winning SEO agency,opportunity@ignitevisibility.com,,333.3333333,7667667667; 6996996996,scraped
364,NP Digital,Marketing / Digital Agencies,Full-Service,San Diego,CA,500,$50M-$100M,Content generation AI,$10K-$25K,CTO,www.npdigital.com,4,Neil Patel's agency; enterprise focus,sales@npdigital.com,neil@advanced.npdigital.com,1772032290,1772031749; 1771088693,scraped
365,SmartSites,Marketing / Digital Agencies,Web/PPC,Paramus,NJ,200,$25M-$50M,Reporting automation AI,$8K-$20K,CTO,www.smartsites.com,3,SMB focused; top rated,contact@smartsites.com,abuse@telegram.org,201-870-6000,17691015640; 014.3607416,pattern
366,KlientBoost,Marketing / Digital Agencies,PPC/CRO,Costa Mesa,CA,100,$10M-$25M,Campaign optimization AI,$5K-$15K,Director of Operations,www.klientboost.com,3,SaaS/eComm focus,friends@klientboost.com,,7942255892,041278-1004; 16666666666,scraped
367,Wieden+Kennedy,Marketing / Digital Agencies,Creative/Brand,Portland,OR,1500,$500M-$1B,Creative AI tools,$30K-$50K,Chief Innovation Officer,www.wk.com,5,Nike Just Do It agency,newbiz@wk.com,mary.normand@wk.com; info@wk.com; theresa.collins@wk.com,1.6666666667,3333333333; 8571428571,scraped
368,Droga5,Marketing / Digital Agencies,Creative/Brand,New York,NY,500,$200M-$500M,Content generation AI,$25K-$50K,CTO,www.droga5.com,5,Award-winning creative agency,parry.rominger@droga5.com,newbiz@droga5.com; d5newbiz@accenture.com; alexandra.velasco@accenture.com,1766551787,1 917 237 8888; 1763583231,scraped
369,BBDO Worldwide,Marketing / Digital Agencies,Full-Service,New York,NY,10000,$1B+,Campaign analytics AI,$30K-$50K,Chief Digital Officer,www.bbdo.com,5,Global advertising network,info@bbdo.com,contact@bbdo.com,+12124595000,201.695 1412; 287.751 1127,pattern
370,R/GA,Marketing / Digital Agencies,Digital/Innovation,New York,NY,2000,$200M-$500M,Content personalization AI,$20K-$40K,CTO,www.rga.com,4,Innovation-focused agency,bethany.steffen@rga.com,george.griffiths@rga.com; argentina@rga.com; australia@rga.com,1744214674,8669371711; 1769195337,scraped
371,VaynerMedia,Marketing / Digital Agencies,Social Media,New York,NY,1000,$200M-$500M,Social content AI,$15K-$30K,Chief Technology Officer,www.vaynermedia.com,4,Gary Vaynerchuk's agency,info@vaynermedia.com,contact@vaynermedia.com,9999999999,6666666667; 1762810270,pattern
372,Wpromote,Marketing / Digital Agencies,Performance Marketing,El Segundo,CA,500,$100M-$200M,Campaign optimization AI,$10K-$25K,VP of Technology,www.wpromote.com,4,Full-funnel performance,nhello@wpromote.com,nhello@wpromote.comsupportfor; supportsalessales@wpromote.comdirect; acquisitionjackie.leung@wpromote.comview,3333333333,2103345374; 5955584904,scraped
373,Tinuiti,Marketing / Digital Agencies,Performance Marketing,New York,NY,1000,$200M-$500M,Attribution AI,$15K-$30K,CTO,www.tinuiti.com,4,Largest independent performance,info@tinuiti.com,contact@tinuiti.com,2147483647,7389334031; 1771032558,pattern
374,Power Digital Marketing,Marketing / Digital Agencies,Growth Marketing,San Diego,CA,700,$100M-$200M,Reporting automation AI,$10K-$25K,Chief Technology Officer,www.powerdigitalmarketing.com,4,nova platform; AI integration,info@powerdigitalmarketing.com,contact@powerdigitalmarketing.com,1748902486,1728054217; +1-619-501-1211,pattern
375,Thrive Internet Marketing,Marketing / Digital Agencies,SEO/PPC,Arlington,TX,200,$25M-$50K,Content generation AI,$8K-$15K,Director of Operations,www.thriveagency.com,3,Full-service digital agency,sales@thriveagency.com,arthur.seese.28.09.1981@mail.ru; b.ronn@bk.ru; lonnie.rye.11.11.1986@mail.ru,2644536267,7996422909; 1772100099,scraped
376,Directive Consulting,Marketing / Digital Agencies,B2B SaaS Marketing,Irvine,CA,200,$25M-$50M,Campaign analytics AI,$8K-$20K,CTO,www.directive.com,3,B2B SaaS focused,info@directive.com,,8984338230,1436146678; 1483997069,pattern
377,Walker Sands,Marketing / Digital Agencies,B2B/Tech PR,Chicago,IL,200,$25M-$50M,Content generation AI,$8K-$20K,VP of Technology,www.walkersands.com,3,B2B tech communications,hello@walkersands.com,,0584028812,2866320839; 17018806575,scraped
378,Single Grain,Marketing / Digital Agencies,Growth Marketing,Los Angeles,CA,100,$10M-$25M,SEO automation AI,$5K-$15K,Director of Operations,www.singlegrain.com,3,Eric Siu's agency,info@singlegrain.com,contact@singlegrain.com,1771932934,800-701-0793; 1002950-1002,pattern
379,Major Tom,Marketing / Digital Agencies,Full-Service,New York,NY,200,$25M-$50M,Content personalization AI,$8K-$20K,CTO,www.majortom.com,3,North American presence,van@majortom.com,ny@majortom.com; to@majortom.com,9197289432,17719733902; 4337641447,scraped
380,Refine Labs,Marketing / Digital Agencies,B2B Demand Gen,Boston,MA,100,$10M-$25M,Campaign optimization AI,$8K-$20K,Director of Technology,www.refinelabs.com,3,B2B demand generation pioneer,info@refinelabs.com,contact@refinelabs.com,4513902690,4513902696; 4513902692,pattern
381,Huge (IPG),Marketing / Digital Agencies,Digital Experience,Brooklyn,NY,1500,$200M-$500M,UX personalization AI,$20K-$40K,Chief Technology Officer,www.hugeinc.com,4,IPG subsidiary; design focus,business@hugeinc.com,jobs@hugeinc.com; press@hugeinc.com; hello@hugeinc.com,2719742386,788-4498212; 1740797587,scraped
382,Razorfish,Marketing / Digital Agencies,Digital,New York,NY,2000,$200M-$500M,Customer journey AI,$20K-$40K,CTO,www.razorfish.com,4,Publicis Groupe subsidiary,hello@razorfish.com,,1.6666666667,3333333333; 1772224742,scraped
383,Digitas,Marketing / Digital Agencies,Data-Driven Marketing,Boston,MA,3000,$500M-$1B,Predictive analytics AI,$25K-$50K,Chief Data Officer,www.digitas.com,5,Publicis Groupe subsidiary,lindapiggot@digitas.com,communications@digitas.com; ininfo@digitas.com; auckland@digitas.com,+1 617-867-1000,6878574859; 1762446415,scraped
384,MRM,Marketing / Digital Agencies,CRM/Data Marketing,New York,NY,2500,$200M-$500M,Marketing automation AI,$20K-$40K,VP of Technology,www.mrm.com,4,McCann Worldgroup subsidiary,info@mrm.com,contact@mrm.com,5198400750,5052167863; 531074-0545,pattern
385,Merkle,Marketing / Digital Agencies,Data/CRM,Columbia,MD,14000,$1B+,Customer data AI,$25K-$50K,Chief Technology Officer,www.merkle.com,5,Dentsu subsidiary; data leader,info@merkle.com,contact@merkle.com,7842899024,17654608893; 17654608894,pattern
386,VMLY&R,Marketing / Digital Agencies,Creative/Digital,Kansas City,MO,7000,$1B+,Creative automation AI,$25K-$50K,CTO,www.vmlyr.com,5,WPP subsidiary,name@domain.com,,+1 212 210 7000,201-6196936; 1761837728,scraped
387,Hawke Media,Marketing / Digital Agencies,Outsourced CMO,Los Angeles,CA,200,$25M-$50M,Content generation AI,$8K-$20K,Director of Technology,www.hawkemedia.com,3,Outsourced marketing leader,hello@hawkemedia.com,,1772221985,1772221986; 4560956215,scraped
388,360i,Marketing / Digital Agencies,Digital Innovation,New York,NY,500,$100M-$200M,Social listening AI,$10K-$25K,CTO,www.360i.com,4,Dentsu subsidiary,info@360i.com,contact@360i.com,,,pattern
389,iProspect,Marketing / Digital Agencies,Performance,Boston,MA,8000,$500M-$1B,Search optimization AI,$20K-$40K,Chief Technology Officer,www.iprospect.com,4,Dentsu subsidiary; global,hello@iprospect.com,adam.lester@iprospect.com; findoutmore@iprospect.com; aichanyar.vattanapornvarakul@iprospect.com,5437422684,4751678615; 6840391740,scraped
390,Seer Interactive,Marketing / Digital Agencies,SEO/Analytics,Philadelphia,PA,200,$25M-$50M,Data analytics AI,$8K-$20K,VP of Technology,www.seerinteractive.com,3,Data-forward SEO agency,info@seerinteractive.com,contact@seerinteractive.com,15979744629,17722202861; 19134376995,pattern
391,Barkley,Marketing / Digital Agencies,Creative,Kansas City,MO,300,$50M-$100M,Content generation AI,$8K-$20K,Director of Innovation,www.barkleyus.com,3,Independent creative agency,jason@barkleyokrp.com,press@barkleyokrp.com; careers@barkleyokrp.com,+1.816.813.3892,+1.608.354.7208; +1.816.842.1500,scraped
392,Mekanism,Marketing / Digital Agencies,Creative/Social,San Francisco,CA,200,$25M-$50M,Social content AI,$8K-$20K,CTO,www.mekanism.com,3,Soul & science of marketing,newbusiness@mekanism.com,jobs@mekanism.com; press@mekanism.com; careers@mekanism.com,2015978827,1157305252; (177.7777777,scraped
393,Funnel Boost Media,Marketing / Digital Agencies,Local SEO/PPC,San Antonio,TX,50,$5M-$10M,Lead generation AI,$5K-$12K,Director of Operations,www.funnelboostmedia.com,2,Veteran-owned; local focus,info@funnelboostmedia.com,contact@funnelboostmedia.com,1768506031,1736351311; 1758123300,pattern
394,Blackhawk Agency,Marketing / Digital Agencies,Growth Marketing,Austin,TX,50,$5M-$10M,Campaign optimization AI,$5K-$12K,Director of Technology,www.blackhawkagency.com,2,Growth-oriented; Austin-based,info@blackhawkagency.com,contact@blackhawkagency.com,1-303-893-0552,,pattern
395,Clearscope,Marketing / Digital Agencies,SEO Content,Austin,TX,50,$5M-$10M,Content optimization AI,$5K-$12K,CTO,www.clearscope.io,3,AI SEO content platform,info@clearscope.io,contact@clearscope.io,486 238.6814,486 238.7746; 902 239.0307,pattern
396,Media.Monks,Marketing / Digital Agencies,Digital Production,New York,NY,8000,$1B+,Content automation AI,$25K-$50K,Chief Technology Officer,www.media.monks.com,5,S4Capital subsidiary,info@media.monks.com,contact@media.monks.com,976 385.3097,495 114.6902; 024 114.6902,pattern
397,Jellyfish,Marketing / Digital Agencies,Digital Marketing,Baltimore,MD,2000,$200M-$500M,Training/analytics AI,$10K-$25K,CTO,www.jellyfish.com,4,Google partner; training focus,london@jellyfish.com,,845 122 6336,8703446314; 1772454295,scraped
398,Critical Mass,Marketing / Digital Agencies,Digital Experience,Calgary,AB,1000,$100M-$200M,UX personalization AI,$10K-$25K,VP of Technology,www.criticalmass.com,3,Experience design agency,newbusiness@criticalmass.com,pr@criticalmass.com,17724664212,10000036783; 0535024853,scraped
399,Dept Agency,Marketing / Digital Agencies,Digital,Amsterdam,NL,4000,$500M-$1B,AI-powered marketing,$15K-$30K,Chief Technology Officer,www.deptagency.com,4,Global digital agency; US operations,info@deptagency.com,contact@deptagency.com,1129132123,1166322087; 1 088 040 0888,pattern
400,Accenture Song,Marketing / Digital Agencies,Full-Service,New York,NY,40000,$5B+,Marketing AI suite,$40K-$50K,Chief Innovation Officer,www.accenture.com/song,5,Worlds largest digital agency,info@accenture.com,contact@accenture.com,7842899024,7495011983; 17721427038,pattern
401,OnPoint Manufacturing,Manufacturing (SMB),Custom/On-Demand,Florence,AL,200,$10M-$25M,Quality control AI,$8K-$20K,VP of Operations,www.onpointmanufacturing.com,3,On-demand production,info@onpointmanufacturing.com,contact@onpointmanufacturing.com,,,pattern
402,Suuchi Inc,Manufacturing (SMB),Tech-Driven Mfg,Carlstadt,NJ,300,$25M-$50M,Supply chain AI,$10K-$20K,CTO,www.suuchi.com,3,Design-to-delivery tech platform,info@suuchi.com,contact@suuchi.com,1764675132,1764675131; 1764680657,pattern
403,Protolabs,Manufacturing (SMB),Rapid Manufacturing,Maple Plain,MN,2800,$500M-$1B,Predictive maintenance AI,$15K-$30K,Chief Technology Officer,www.protolabs.com,4,Digital manufacturing leader,info@protolabs.com,contact@protolabs.com,2326862061,0817033871; 10756196021,pattern
404,Xometry,Manufacturing (SMB),On-Demand Mfg,North Bethesda,MD,1000,$500M-$1B,Estimating AI,$15K-$30K,CTO,www.xometry.com,4,AI-powered marketplace; NYSE,support@xometry.com,randy@xometry.com,1830509662,0736685422; 5493390749,scraped
405,Jabil,Manufacturing (SMB),Contract Manufacturing,St. Petersburg,FL,260000,$10B+,Quality control AI,$30K-$50K,Chief Digital Officer,www.jabil.com,5,Global contract manufacturer,info@jabil.com,contact@jabil.com,362-4217077,349-5790324; 3711678259,pattern
406,Flex Ltd,Manufacturing (SMB),Contract Manufacturing,San Jose,CA,170000,$10B+,Supply chain AI,$30K-$50K,VP of Digital,www.flex.com,5,Global electronics manufacturer,info@flex.com,contact@flex.com,3220567174,8056360381; 4395832937,pattern
407,Plexus Corp,Manufacturing (SMB),Contract Manufacturing,Neenah,WI,20000,$1B+,Predictive maintenance AI,$25K-$50K,CTO,www.plexus.com,4,Complex product manufacturing,roger.davidson@americaneagle.com,,915.4782733,0177247765; 797.8374982,scraped
408,CUI Global,Manufacturing (SMB),Power/Electro Mfg,Tualatin,OR,200,$25M-$50M,Quality control AI,$8K-$15K,VP of Engineering,www.cuiglobal.com,3,Power supply manufacturer,info@cuiglobal.com,contact@cuiglobal.com,9195929391,9117991082; 0638344373,pattern
409,Marlin Steel,Manufacturing (SMB),Custom Metal,Baltimore,MD,50,$10M-$25M,Production scheduling AI,$5K-$15K,President,www.marlinwire.com,3,Custom metal forming,info@marlinwire.com,contact@marlinwire.com,,,pattern
410,Superior Industries,Manufacturing (SMB),Aluminum Wheels,Southfield,MI,7000,$1B+,Quality inspection AI,$20K-$40K,Chief Technology Officer,www.supind.com,4,NYSE listed; auto supplier,info@supind.com,contact@supind.com,,,pattern
411,Watts Water Technologies,Manufacturing (SMB),Water Products,North Andover,MA,4000,$1B+,Predictive maintenance AI,$20K-$35K,VP of Innovation,www.watts.com,4,NYSE listed; water management,info@watts.com,,978-689-6066,6390807676; 658646-5006,pattern
412,Chart Industries,Manufacturing (SMB),Industrial Equipment,Ball Ground,GA,11000,$1B+,Supply chain AI,$20K-$40K,CTO,www.chartindustries.com,4,NYSE listed; energy equipment,corpaccountspayable@chartindustries.com,inquiries.usa@howden.com,+17707218800,5142623392; 1109704482,scraped
413,Thermon Group,Manufacturing (SMB),Process Heating,Austin,TX,3000,$500M-$1B,Predictive maintenance AI,$15K-$25K,Director of Technology,www.thermon.com,3,Industrial process heating,info@thermon.com,contact@thermon.com,2147483647,17713521017; 17534211961,pattern
414,EnPro Industries,Manufacturing (SMB),Seals/Coatings,Charlotte,NC,4000,$1B+,Quality control AI,$15K-$30K,VP of Innovation,www.enproindustries.com,4,NYSE listed; engineered products,info@enproindustries.com,contact@enproindustries.com,12417176891,,pattern
415,Mueller Water Products,Manufacturing (SMB),Water Infrastructure,Atlanta,GA,3500,$1B+,Predictive maintenance AI,$15K-$30K,Chief Technology Officer,www.muellerwaterproducts.com,4,NYSE listed; water infrastructure,info@muellerwaterproducts.com,contact@muellerwaterproducts.com,1-800-423-1323,705-719-9965; 423-209-4800,pattern
416,Roper Technologies,Manufacturing (SMB),Diversified Industrial,Sarasota,FL,16000,$5B+,Quality analytics AI,$25K-$50K,CTO,www.ropertech.com,5,S&P 500 industrial,info@ropertech.com,contact@ropertech.com,,,pattern
417,Nordson Corporation,Manufacturing (SMB),Precision Dispensing,Westlake,OH,7500,$1B+,Production optimization AI,$20K-$35K,VP of Digital,www.nordson.com,4,NYSE listed; precision tech,info@nordson.com,contact@nordson.com,6390807676,0003173828; 0289795468,pattern
418,Haynes International,Manufacturing (SMB),Alloys,Kokomo,IN,2000,$500M-$1B,Quality control AI,$15K-$25K,Director of IT,www.haynesintl.com,3,High-performance alloys,info@haynesintl.com,contact@haynesintl.com,,,pattern
419,NN Inc,Manufacturing (SMB),Precision Components,Charlotte,NC,3500,$500M-$1B,Predictive maintenance AI,$15K-$25K,VP of Technology,www.nninc.com,3,Precision manufacturing,info@nninc.com,contact@nninc.com,2169953449,9802644300,pattern
420,Core Molding Technologies,Manufacturing (SMB),Composites,Columbus,OH,1500,$200M-$500M,Quality inspection AI,$10K-$20K,Director of Innovation,www.coremt.com,3,Composite manufacturing,info@coremt.com,contact@coremt.com,,,pattern
421,MW Industries,Manufacturing (SMB),Springs/Fasteners,Rosemont,IL,3000,$500M-$1B,Supply chain AI,$10K-$25K,VP of Operations,www.mw-ind.com,3,Precision components,sales@mwcomponents.com,,11878851823,1629135394; 1462104071,scraped
422,Jason Industries,Manufacturing (SMB),Industrial Components,Milwaukee,WI,2000,$200M-$500M,Production scheduling AI,$10K-$20K,Director of IT,www.jasoninc.com,3,Diversified industrial,info@jasoninc.com,contact@jasoninc.com,,,pattern
423,Chase Industries,Manufacturing (SMB),Safety Products,Montville,OH,200,$25M-$50M,Quality control AI,$5K-$15K,VP of Operations,www.chaseindustries.com,2,Industrial safety products,info@chaseindustries.com,contact@chaseindustries.com,,,pattern
424,Allied Products Corp,Manufacturing (SMB),Industrial Equipment,Chicago,IL,500,$50M-$100M,Predictive maintenance AI,$8K-$20K,Director of Technology,www.alliedproducts.com,3,Material handling equipment,info@alliedproducts.com,contact@alliedproducts.com,,,pattern
425,Taylor Made Group,Manufacturing (SMB),Marine/Auto Glass,Gloversville,NY,500,$50M-$100M,Quality inspection AI,$8K-$15K,VP of Engineering,www.taylormadewindshields.com,3,Marine products manufacturer,info@taylormadewindshields.com,contact@taylormadewindshields.com,,,pattern
426,Omega Protein,Manufacturing (SMB),Animal Nutrition,Houston,TX,800,$200M-$500M,Supply chain AI,$10K-$20K,Director of IT,www.omegaprotein.com,3,Fish oil/nutrition products,hq@omegaprotein.com,,1551219681,1017108034; 1792395202,scraped
427,Continental Building Products,Manufacturing (SMB),Building Materials,Herndon,VA,800,$200M-$500M,Production optimization AI,$10K-$20K,VP of Technology,www.continental-bp.com,3,Wallboard manufacturer,info@continental-bp.com,contact@continental-bp.com,,,pattern
428,Boise Cascade,Manufacturing (SMB),Wood Products,Boise,ID,7000,$5B+,Supply chain AI,$20K-$40K,CTO,www.bc.com,4,NYSE listed; building products,info@bc.com,contact@bc.com,1669704218,1768999617; 1669704199,pattern
429,GrafTech International,Manufacturing (SMB),Graphite Electrodes,Independence,OH,1500,$500M-$1B,Quality control AI,$10K-$25K,Director of Innovation,www.graftech.com,3,NYSE listed; graphite products,info@graftech.com,contact@graftech.com,2392618224,12417176891,pattern
430,Insteel Industries,Manufacturing (SMB),Steel Wire,Mount Airy,NC,1000,$500M-$1B,Predictive maintenance AI,$10K-$20K,VP of Technology,www.insteel.com,3,NYSE listed; steel wire,info@insteel.com,contact@insteel.com,12417176891,,pattern
431,American Axle,Manufacturing (SMB),Auto Components,Detroit,MI,20000,$5B+,Quality analytics AI,$25K-$50K,Chief Technology Officer,www.aam.com,5,NYSE listed; driveline components,investorrelations@aam.com,dataprotection.europe@aam.com; aftermarket@aam.com; aamhr@aam.com,1160321417,(877) 846-8912; 16242757107,scraped
432,Modine Manufacturing,Manufacturing (SMB),Thermal Mgmt,Racine,WI,11000,$1B+,Predictive maintenance AI,$15K-$30K,VP of Innovation,www.modine.com,4,NYSE listed; thermal management,info@modine.com,contact@modine.com,8915442030,7106230054; 14121731332,pattern
433,Clearwater Paper,Manufacturing (SMB),Paper Products,Spokane,WA,2000,$1B+,Production scheduling AI,$10K-$25K,Director of IT,www.clearwaterpaper.com,3,NYSE listed; consumer tissue,info@clearwaterpaper.com,contact@clearwaterpaper.com,2392618224,509.344.5900,pattern
434,Olympic Steel,Manufacturing (SMB),Metal Service,Cleveland,OH,3000,$1B+,Supply chain AI,$10K-$25K,VP of Technology,www.olysteel.com,3,NASDAQ; steel distribution,info@olysteel.com,contact@olysteel.com,,,pattern
435,Kadant Inc,Manufacturing (SMB),Industrial Process,Westford,MA,3000,$500M-$1B,Predictive maintenance AI,$10K-$25K,CTO,www.kadant.com,3,NYSE listed; process equipment,info@kadant.com,contact@kadant.com,1772479968,,pattern
436,Luxfer Holdings,Manufacturing (SMB),Gas Cylinders,Riverside,CA,1500,$200M-$500M,Quality control AI,$8K-$20K,Director of Innovation,www.luxfer.com,3,NYSE listed; specialty materials,investor.relations@luxfer.com,,14854522306,16410184135; 18938159339,scraped
437,Franklin Electric,Manufacturing (SMB),Pumping Systems,Fort Wayne,IN,5000,$1B+,Predictive maintenance AI,$15K-$25K,VP of Technology,www.franklin-electric.com,4,NASDAQ; water/fuel systems,info@franklin-electric.com,contact@franklin-electric.com,6390775967,6390775966,pattern
438,Lindsay Corporation,Manufacturing (SMB),Agriculture/Infra,Omaha,NE,1500,$500M-$1B,Smart agriculture AI,$10K-$25K,Director of Innovation,www.lindsay.com,3,NYSE listed; irrigation,info@lindsay.com,contact@lindsay.com,9817151063,6390322048; +1-402-829-6800,pattern
439,Watts Water Technologies,Manufacturing (SMB),Plumbing/Flow,North Andover,MA,4000,$1B+,Quality analytics AI,$15K-$30K,Chief Technology Officer,www.watts.com,4,NYSE; water management products,info@watts.com,,978-689-6066,6390807676; 658646-5006,pattern
440,Haynes Wire Company,Manufacturing (SMB),Wire Products,Mountain Home,NC,100,$10M-$25M,Production optimization AI,$5K-$12K,VP of Operations,www.hayneswire.com,2,Specialty wire manufacturer,info@hayneswire.com,contact@hayneswire.com,,,pattern
441,C.H. Robinson,Logistics / Freight / 3PL,Freight Brokerage,Eden Prairie,MN,15000,$10B+,Route optimization AI,$30K-$50K,Chief Technology Officer,www.chrobinson.com,5,Navisphere platform; largest broker,chuck.ives@chrobinson.com,chrobinson@padillaco.com,+1-800-323-7587,9501431011; 1 (952) 683 2508,scraped
442,XPO Logistics,Logistics / Freight / 3PL,3PL,Greenwich,CT,38000,$5B+,Shipment tracking AI,$25K-$50K,CTO,www.xpo.com,5,Last-mile + LTL leader,ltlccg@xpo.com,ltlvoes@xpo.com; trailerinfo@xpo.com,(800) 755-2728,(800) 367-5690; (800) 424-0253,scraped
443,J.B. Hunt,Logistics / Freight / 3PL,Intermodal/3PL,Lowell,AR,35000,$10B+,Load matching AI,$25K-$50K,Chief Digital Officer,www.jbhunt.com,5,J.B. Hunt 360 platform,info@jbhunt.com,contact@jbhunt.com,17455135425,17621939600; 17621939603,pattern
444,Echo Global Logistics,Logistics / Freight / 3PL,Freight Brokerage,Chicago,IL,3000,$1B+,Route optimization AI,$15K-$30K,VP of Technology,www.echo.com,4,Multi-modal brokerage,info@echo.com,contact@echo.com,,,pattern
445,TQL (Total Quality Logistics),Logistics / Freight / 3PL,Freight Brokerage,Cincinnati,OH,8000,$5B+,Load matching AI,$20K-$40K,CTO,www.tql.com,5,Largest privately held broker,info@tql.com,contact@tql.com,,,pattern
446,Worldwide Express (WWEX),Logistics / Freight / 3PL,Freight Brokerage,Dallas,TX,4000,$1B+,Shipment tracking AI,$15K-$30K,Chief Technology Officer,www.wwex.com,4,92K+ SMB customers,info@wwex.com,,800.758.7447,6666666666,pattern
447,Expeditors International,Logistics / Freight / 3PL,Freight Forwarding,Seattle,WA,18000,$5B+,Demand forecasting AI,$25K-$50K,VP of Innovation,www.expeditors.com,5,Non-asset-based; global reach,info@expeditors.com,contact@expeditors.com,13323244557,13127845591; 13311357979,pattern
448,DHL Supply Chain NA,Logistics / Freight / 3PL,3PL,Westerville,OH,50000,$10B+,Warehouse automation AI,$30K-$50K,CTO,www.dhl.com,5,Gartner Leader 10 yrs running,info@dhl.com,contact@dhl.com,,,pattern
449,UPS Supply Chain Solutions,Logistics / Freight / 3PL,3PL,Atlanta,GA,500000,$50B+,Route optimization AI,$40K-$50K,Chief Digital Officer,www.ups.com/supplychain,5,End-to-end solutions,info@ups.com,contact@ups.com,,,pattern
450,FedEx Logistics,Logistics / Freight / 3PL,3PL,Memphis,TN,500000,$50B+,Shipment prediction AI,$40K-$50K,VP of Innovation,www.fedex.com/logistics,5,Global logistics platform,info@fedex.com,contact@fedex.com,1772479977,1.800.463.3339; 1772479978,pattern
451,Ryder System,Logistics / Freight / 3PL,3PL/Fleet,Miami,FL,36000,$5B+,Fleet analytics AI,$25K-$50K,Chief Technology Officer,www.ryder.com,5,NYSE; fleet management + 3PL,now@ryder.com,rvsnow@ryder.com; careers@ryder.com; ryderforinvestors@ryder.com,2136212041,2465594365; 1772479978,scraped
452,Kenco Group,Logistics / Freight / 3PL,3PL,Chattanooga,TN,5000,$500M-$1B,Warehouse automation AI,$15K-$30K,CTO,www.kencogroup.com,4,75+ years; employee-owned,recruiting@kencogroup.com,procurement@kencogroup.com; accountspayable@kencogroup.com; carriers@kencogroup.com,0000000029,1149295598; 17712592349,scraped
453,NFI Industries,Logistics / Freight / 3PL,3PL,Camden,NJ,15000,$1B+,Route optimization AI,$20K-$40K,VP of Technology,www.nfiindustries.com,4,Family-owned since 1932,info@nfiindustries.com,contact@nfiindustries.com,1772479976,1772479977,pattern
454,Saddle Creek Logistics,Logistics / Freight / 3PL,3PL,Lakeland,FL,3000,$500M-$1B,Demand forecasting AI,$10K-$25K,Director of Innovation,www.sclogistics.com,3,Omnichannel fulfillment,sales@sclogistics.com,driverrecruitingdepartment@sclogistics.com; dotdriververificationsonly@sclogistics.com; benefitsopenenrollment@sclogistics.com,(888) 878-1177,8636650966; 8666680966,scraped
455,Werner Enterprises,Logistics / Freight / 3PL,Trucking/3PL,Omaha,NE,13000,$1B+,Route optimization AI,$15K-$30K,Chief Technology Officer,www.werner.com,4,NASDAQ listed; full truckload,werner@werner.com,,1-800-228-2240,1772158586; 8249275514,scraped
456,Schneider National,Logistics / Freight / 3PL,Trucking/3PL,Green Bay,WI,15000,$5B+,Load matching AI,$20K-$40K,CTO,www.schneider.com,5,NYSE listed; intermodal leader,slcyedi@schneider.com,u003eslcyedi@schneider.com; stuelpnerb@schneider.com; u003estuelpnerb@schneider.com,6928037383,1.2307692307; 1.1666666666,scraped
457,Coyote Logistics,Logistics / Freight / 3PL,Freight Brokerage,Chicago,IL,3000,$1B+,Carrier matching AI,$15K-$25K,VP of Technology,www.coyote.com,4,UPS subsidiary,homedeliveryhelp@rxo.com,workday@rxo.com; freightbrokerage@rxo.com; globalrates@rxo.com,1772457414,1772457379; 6168304432,scraped
458,GlobalTranz,Logistics / Freight / 3PL,Freight Brokerage,Scottsdale,AZ,2000,$1B+,Shipment tracking AI,$10K-$25K,CTO,www.globaltranz.com,3,Tech-enabled brokerage,techsolutions@globaltranz.com,,3333333333,1708447372; 1.6333333333,scraped
459,Transplace (Uber Freight),Logistics / Freight / 3PL,Managed Transportation,Frisco,TX,3000,$1B+,Route optimization AI,$15K-$30K,Chief Technology Officer,www.uberfreight.com,4,Now part of Uber Freight,uberfreightcard@uber.com,freightnoa@uber.com,7575995856,10255144561; 2492348518,scraped
460,ShipBob,Logistics / Freight / 3PL,eComm Fulfillment,Chicago,IL,1500,$200M-$500M,Inventory forecasting AI,$10K-$25K,CTO,www.shipbob.com,4,DTC fulfillment leader,info@shipbob.com,contact@shipbob.com,9999999999,6666666667; 3333333333,pattern
461,Flexport,Logistics / Freight / 3PL,Digital Freight,San Francisco,CA,3000,$500M-$1B,Supply chain AI,$15K-$30K,Chief Technology Officer,www.flexport.com,4,AI-first freight forwarder,info@flexport.com,contact@flexport.com,5416666667,0833333333; 122.7083333,pattern
462,Arrive Logistics,Logistics / Freight / 3PL,Freight Brokerage,Austin,TX,1500,$1B+,Carrier matching AI,$10K-$25K,VP of Technology,www.arrivelogistics.com,3,Fast-growing brokerage,feedback@arrivelogistics.com,nicolep@nextpr.com; support@wageverify.com,1772471577,1771544859; 1771544860,scraped
463,Redwood Logistics,Logistics / Freight / 3PL,Managed Freight,Chicago,IL,800,$200M-$500M,Integration AI,$8K-$20K,CTO,www.redwoodlogistics.com,3,Platform-based 3PL,inquire@redwoodlogistics.com,,9454603908,17722223669; 9454544771,scraped
464,BNSF Logistics,Logistics / Freight / 3PL,Rail/Intermodal,Springdale,AR,2000,$500M-$1B,Shipment tracking AI,$15K-$25K,VP of Technology,www.bnsflogistics.com,3,BNSF Railway subsidiary,supplierservices@bnsflogistics.com,,1710899959,1710899960; 1723587377,scraped
465,Penske Logistics,Logistics / Freight / 3PL,3PL,Reading,PA,37000,$5B+,Fleet analytics AI,$25K-$50K,Chief Technology Officer,www.penskelogistics.com,5,Full-service logistics,info@penskelogistics.com,contact@penskelogistics.com,2001670900,0238864390; 3333333333,pattern
466,GXO Logistics,Logistics / Freight / 3PL,Contract Logistics,Greenwich,CT,120000,$5B+,Warehouse robotics AI,$30K-$50K,CTO,www.gxo.com,5,Largest pure-play contract logistics,info@gxo.com,contact@gxo.com,,,pattern
467,R+L Carriers,Logistics / Freight / 3PL,LTL,Wilmington,OH,15000,$1B+,Route optimization AI,$15K-$30K,VP of Technology,www.rlcarriers.com,4,National LTL carrier,info@rlcarriers.com,contact@rlcarriers.com,6390322377,6389276600; 800-543-5589,pattern
468,SEKO Logistics,Logistics / Freight / 3PL,Omnichannel,Itasca,IL,2000,$500M-$1B,Demand forecasting AI,$10K-$25K,Director of Innovation,www.sekologistics.com,3,Global omnichannel logistics,info@sekologistics.com,contact@sekologistics.com,1763005074,4687042270; 14584029303,pattern
469,Radial (bpost),Logistics / Freight / 3PL,eComm Fulfillment,King of Prussia,PA,5000,$500M-$1B,Order processing AI,$10K-$25K,CTO,www.radial.com,3,eCommerce fulfillment,you@company.com,,17453361158,9999999999; 1661879648,scraped
470,Port Logistics Group,Logistics / Freight / 3PL,Last-Mile,Kearny,NJ,1500,$200M-$500M,Route optimization AI,$8K-$20K,Director of Technology,www.portlogisticsgroup.com,3,Last-mile delivery,info@portlogisticsgroup.com,contact@portlogisticsgroup.com,,,pattern
471,OHL (Geodis),Logistics / Freight / 3PL,3PL,Brentwood,TN,3000,$500M-$1B,Warehouse automation AI,$10K-$25K,VP of Technology,www.geodis.com,3,Now Geodis Americas,info@geodis.com,contact@geodis.com,1398390005,2890791576,pattern
472,Pilot Freight Services,Logistics / Freight / 3PL,Last-Mile,Lima,PA,2000,$500M-$1B,Delivery scheduling AI,$10K-$20K,CTO,www.pilotdelivers.com,3,White-glove last-mile,info@pilotdelivers.com,contact@pilotdelivers.com,,,pattern
473,ShipStation,Logistics / Freight / 3PL,Shipping Software,Austin,TX,500,$100M-$200M,Order processing AI,$8K-$20K,Chief Technology Officer,www.shipstation.com,3,Auctane subsidiary,info@shipstation.com,contact@shipstation.com,,,pattern
474,Convoy,Logistics / Freight / 3PL,Digital Freight,Seattle,WA,300,$100M-$200M,AI carrier matching,$8K-$20K,CTO,www.convoy.com,3,AI-first freight platform,info@convoy.com,contact@convoy.com,2201018345,14292809202; 16413612358,pattern
475,FreightPOP,Logistics / Freight / 3PL,TMS Software,Manhattan Beach,CA,100,$10M-$25M,Shipping optimization AI,$5K-$15K,Director of Product,www.freightpop.com,2,Multi-carrier TMS,support@freightpop.com,,7256377409,17716140842; 7256419409,scraped
476,Loadsmart,Logistics / Freight / 3PL,Digital Freight,New York,NY,300,$50M-$100M,AI pricing engine,$8K-$15K,CTO,www.loadsmart.com,3,AI-powered freight,carrier@loadsmart.com,sales@loadsmart.com,954-4753865,+1 646 887 6278; (646) 887 6278,scraped
477,project44,Logistics / Freight / 3PL,Visibility Platform,Chicago,IL,1000,$100M-$200M,Shipment tracking AI,$10K-$25K,Chief Technology Officer,www.project44.com,4,Supply chain visibility,info@project44.com,contact@project44.com,6842662164,1686901127; 1686931192,pattern
478,FourKites,Logistics / Freight / 3PL,Visibility Platform,Chicago,IL,700,$100M-$200M,Predictive tracking AI,$10K-$25K,CTO,www.fourkites.com,4,Real-time visibility,info@fourkites.com,contact@fourkites.com,1771827915,1771827916; 2147483647,pattern
479,Descartes Systems,Logistics / Freight / 3PL,Logistics Tech,Waterloo,ON,2000,$500M-$1B,Route optimization AI,$15K-$25K,Chief Technology Officer,www.descartes.com,4,NASDAQ listed; logistics tech,info@descartes.com,sales@descartes.com; servicedesk@descartes.com,0000000001,0804198463; 17722630774,pattern
480,MercuryGate,Logistics / Freight / 3PL,TMS,Cary,NC,400,$50M-$100M,Load optimization AI,$8K-$20K,CTO,www.mercurygate.com,3,TMS platform,info@mercurygate.com,contact@mercurygate.com,1164749952,1194578335; 1372696237,pattern
481,Chipotle Mexican Grill,Restaurants / Food Service Chains,Fast Casual,Newport Beach,CA,110000,$10B+,Inventory AI,$30K-$50K,Chief Technology Officer,www.chipotle.com,5,3500+ locations; 315 new in 2025,info@chipotle.com,contact@chipotle.com,7217630800,16891820775; 17169348557,pattern
482,Daves Hot Chicken,Restaurants / Food Service Chains,Fast Casual,Pasadena,CA,5000,$200M-$500M,Staff scheduling AI,$10K-$25K,VP of Technology,www.daveshotchicken.com,4,260 locations; 80 new in 2025,info@daveshotchicken.com,contact@daveshotchicken.com,1668228991,1772143251; 9382252351,pattern
483,Cava Group,Restaurants / Food Service Chains,Fast Casual,Washington,DC,6000,$500M-$1B,Customer feedback AI,$15K-$30K,CTO,www.cava.com,4,Mediterranean chain; NYSE listed,info@cava.com,contact@cava.com,2614286065,6411975839; 7500000018,pattern
484,Wingstop,Restaurants / Food Service Chains,Fast Casual,Dallas,TX,3000,$200M-$500M,Inventory management AI,$10K-$25K,Chief Digital Officer,www.wingstop.com,4,2560+ stores; 30% growth,helpdesk@wingstop.com,,0000007735,+1-972-686-6500; 1490196078,scraped
485,Raising Canes,Restaurants / Food Service Chains,Fast Casual,Baton Rouge,LA,50000,$5B+,Staff scheduling AI,$25K-$50K,VP of Technology,www.raisingcanes.com,5,900 locations; 100+ new in 2025,info@raisingcanes.com,contact@raisingcanes.com,9491960832,,pattern
486,Sweetgreen,Restaurants / Food Service Chains,Fast Casual,Los Angeles,CA,4500,$500M-$1B,Inventory AI,$15K-$30K,Chief Technology Officer,www.sweetgreen.com,4,Infinite Kitchen automation,info@sweetgreen.com,contact@sweetgreen.com,19578447671,9947494450; 1224421164,pattern
487,First Watch,Restaurants / Food Service Chains,Breakfast/Brunch,Bradenton,FL,10000,$500M-$1B,Customer feedback AI,$10K-$25K,VP of Digital,www.firstwatch.com,4,500+ restaurants; 20% growth,lfohlen@firstwatch.com,,322781.4193,988.1634520; 708-1571689,scraped
488,Bonchon,Restaurants / Food Service Chains,Korean Fried Chicken,New York,NY,2000,$100M-$200M,Inventory management AI,$8K-$20K,Director of Technology,www.bonchon.com,3,150 US locations; expanding to 500,info@bonchon.com,contact@bonchon.com,1718375174,1744121830; 1765296495,pattern
489,Port of Subs,Restaurants / Food Service Chains,Sandwich Chain,Reno,NV,1500,$50M-$100M,Staff scheduling AI,$5K-$15K,VP of Operations,www.portofsubs.com,3,450 new locations in development,info@portofsubs.com,contact@portofsubs.com,11482147298,(775) 747-0555; 1771617466,pattern
490,Shake Shack,Restaurants / Food Service Chains,Fast Casual,New York,NY,9000,$1B+,Customer engagement AI,$15K-$30K,Chief Technology Officer,www.shakeshack.com,4,500+ locations; NYSE listed,info@shakeshack.com,contact@shakeshack.com,1772017844,17691015640; 094-7264676,pattern
491,Panera Bread,Restaurants / Food Service Chains,Fast Casual,St. Louis,MO,70000,$5B+,Drive-thru AI,$25K-$50K,CTO,www.panerabread.com,5,2100+ locations,info@panerabread.com,contact@panerabread.com,,,pattern
492,Five Guys,Restaurants / Food Service Chains,Fast Casual,Lorton,VA,25000,$1B+,Inventory management AI,$15K-$30K,VP of Technology,www.fiveguys.com,4,1800+ locations,info@fiveguys.com,contact@fiveguys.com,,,pattern
493,MOD Pizza,Restaurants / Food Service Chains,Fast Casual,Bellevue,WA,10000,$500M-$1B,Staff scheduling AI,$10K-$25K,Director of Technology,www.modpizza.com,3,500+ locations,press@modpizza.com,feedback@modpizza.com,6666666667,3333333333; 1240718758,scraped
494,Noodles & Company,Restaurants / Food Service Chains,Fast Casual,Broomfield,CO,9000,$500M-$1B,Customer feedback AI,$10K-$20K,CTO,www.noodles.com,3,450+ locations; NASDAQ,info@noodles.com,contact@noodles.com,17691015640,1-8805405798; 13026338612,pattern
495,Portillos,Restaurants / Food Service Chains,Fast Casual,Oak Brook,IL,8000,$500M-$1B,Inventory AI,$10K-$25K,VP of Digital,www.portillos.com,4,80+ locations; expanding,info@portillos.com,contact@portillos.com,2148539062,1122104646; 6389013562,pattern
496,Zaxbys,Restaurants / Food Service Chains,Fast Casual,Athens,GA,20000,$1B+,Staff scheduling AI,$15K-$30K,Chief Technology Officer,www.zaxbys.com,4,900+ locations,info@zaxbys.com,contact@zaxbys.com,,,pattern
497,Wawa,Restaurants / Food Service Chains,Convenience/QSR,Wawa,PA,35000,$10B+,Inventory management AI,$25K-$50K,CTO,www.wawa.com,5,1000+ locations,info@wawa.com,contact@wawa.com,,,pattern
498,Sheetz,Restaurants / Food Service Chains,Convenience/QSR,Altoona,PA,23000,$5B+,Customer feedback AI,$20K-$40K,VP of Technology,www.sheetz.com,5,700+ locations,info@sheetz.com,contact@sheetz.com,2732627814,999.052.0150; 999.053.0150,pattern
499,Dutch Bros,Restaurants / Food Service Chains,Coffee/Drive-Thru,Grants Pass,OR,15000,$1B+,Drive-thru AI,$15K-$30K,Chief Technology Officer,www.dutchbros.com,4,900+ locations; NYSE,info@dutchbros.com,contact@dutchbros.com,2647062388,877-899-2767; 582.635 4459,pattern
500,Chicken Salad Chick,Restaurants / Food Service Chains,Fast Casual,Auburn,AL,5000,$200M-$500M,Staff scheduling AI,$8K-$20K,VP of Operations,www.chickensaladchick.com,3,250+ locations,info@chickensaladchick.com,contact@chickensaladchick.com,9999999999,1772465196; 501116-2834,pattern
501,Salata,Restaurants / Food Service Chains,Fast Casual,Houston,TX,2000,$50M-$100M,Inventory AI,$5K-$15K,Director of Technology,www.salata.com,2,100+ locations,contact@salata.com,,+18447252821,4286241705; 9676375404,pattern
502,The Halal Guys,Restaurants / Food Service Chains,Fast Casual,New York,NY,1000,$50M-$100M,Customer engagement AI,$5K-$15K,VP of Operations,www.thehalalguys.com,3,100+ locations,marketing@thehalalguysny.com,info@thehalalguysny.com; rewards@thehalalguysny.com,9096346644,15615979446; 15662578464,scraped
503,CAVA Group,Restaurants / Food Service Chains,Mediterranean,Washington,DC,6000,$500M-$1B,Menu optimization AI,$15K-$30K,CTO,www.cava.com,4,350+ locations,info@cava.com,contact@cava.com,2614286065,6411975839; 7500000018,pattern
504,Mendocino Farms,Restaurants / Food Service Chains,Fast Casual,Los Angeles,CA,2500,$100M-$200M,Inventory management AI,$8K-$20K,Director of Technology,www.mendocinofarms.com,3,60+ locations; California focused,hello@mendocinofarms.com,,2420399234,0208986551,scraped
505,Blaze Pizza,Restaurants / Food Service Chains,Fast Casual,Pasadena,CA,5000,$200M-$500M,Staff scheduling AI,$8K-$20K,VP of Technology,www.blazepizza.com,3,300+ locations,info@blazepizza.com,contact@blazepizza.com,580-0632593,1012031459; 7104133021,pattern
506,Tropical Smoothie Cafe,Restaurants / Food Service Chains,Fast Casual,Atlanta,GA,10000,$500M-$1B,Inventory AI,$10K-$25K,Chief Technology Officer,www.tropicalsmoothiecafe.com,4,1400+ locations,technology@tropicalsmoothie.com,,1751524985,2152285722; 7668906285,scraped
507,Torchys Tacos,Restaurants / Food Service Chains,Fast Casual,Austin,TX,5000,$200M-$500M,Customer feedback AI,$8K-$20K,Director of Technology,www.torchystacos.com,3,100+ locations; Texas-based,info@torchystacos.com,contact@torchystacos.com,17691015640,,pattern
508,Velvet Taco,Restaurants / Food Service Chains,Fast Casual,Dallas,TX,2000,$50M-$100M,Staff scheduling AI,$5K-$15K,VP of Operations,www.velvettaco.com,2,40+ locations,info@velvettaco.com,contact@velvettaco.com,1770668442,1245219744; 11876140850,pattern
509,The Original Pancake House,Restaurants / Food Service Chains,Breakfast,Portland,OR,3000,$100M-$200M,Customer feedback AI,$5K-$15K,Director of Operations,www.originalpancakehouse.com,3,100+ franchised locations,info@originalpancakehouse.com,contact@originalpancakehouse.com,,,pattern
510,Potbelly Sandwich,Restaurants / Food Service Chains,Fast Casual,Chicago,IL,5000,$200M-$500M,Inventory management AI,$8K-$20K,CTO,www.potbelly.com,3,400+ locations; NASDAQ,info@potbelly.com,contact@potbelly.com,6699525549,7307130076; 4506638077,pattern
511,McAlisters Deli,Restaurants / Food Service Chains,Fast Casual,Sandy Springs,GA,10000,$500M-$1B,Staff scheduling AI,$10K-$20K,VP of Technology,www.mcalistersdeli.com,3,500+ locations,tripadvisorreviews@medallia.com,,933-2025583,8305316199; 6510362455,scraped
512,Naf Naf Middle Eastern Grill,Restaurants / Food Service Chains,Fast Casual,Chicago,IL,500,$25M-$50M,Inventory AI,$5K-$12K,Director of Operations,www.nafnafgrill.com,2,40+ locations,info@nafnafgrill.com,contact@nafnafgrill.com,1770160429,2727272727; 1313665323,pattern
513,Freebirds World Burrito,Restaurants / Food Service Chains,Fast Casual,Austin,TX,1000,$25M-$50M,Customer engagement AI,$5K-$12K,VP of Operations,www.freebirds.com,2,60+ locations; Texas,info@freebirds.com,contact@freebirds.com,3333333333,6666666667; 2857142857,pattern
514,Cousins Subs,Restaurants / Food Service Chains,Sandwich Chain,Menomonee Falls,WI,2000,$50M-$100M,Inventory management AI,$5K-$15K,Director of IT,www.cousinssubs.com,2,90+ locations,info@cousinssubs.com,contact@cousinssubs.com,14375555931,,pattern
515,Eggs Up Grill,Restaurants / Food Service Chains,Breakfast,Spartanburg,SC,1500,$25M-$50M,Staff scheduling AI,$5K-$12K,VP of Operations,www.eggsupgrill.com,2,60+ locations; Southeast,info@eggsupgrill.com,contact@eggsupgrill.com,1729009390,3126689428; 3466163937,pattern
516,Clean Juice,Restaurants / Food Service Chains,Juice Bar,Charlotte,NC,800,$10M-$25M,Inventory AI,$5K-$10K,Director of Operations,www.cleanjuice.com,2,100+ franchise locations,info@cleanjuice.com,contact@cleanjuice.com,0123456789,1509863853; 17691015640,pattern
517,Swig,Restaurants / Food Service Chains,Drink Shop,St. George,UT,500,$10M-$25M,Customer engagement AI,$5K-$10K,Director of Technology,www.swigdrinks.com,2,Dirty soda trend; 50+ locations,hello@swigdrinks.com,,1771988341,1770253291; 1770253251,scraped
518,Eureka! Restaurant Group,Restaurants / Food Service Chains,Full Service,Hawthorne,CA,2000,$50M-$100M,Staff scheduling AI,$8K-$15K,Director of IT,www.eurekarestaurantgroup.com,3,30 locations; upscale casual,guestservices@eurekarestaurantgroup.com,,4226601430,0506329113; 7567567567,scraped
519,North Italia,Restaurants / Food Service Chains,Full Service,Scottsdale,AZ,3000,$100M-$200M,Customer feedback AI,$8K-$20K,VP of Technology,www.northitalia.com,3,30+ locations; upscale Italian,info@northitalia.com,contact@northitalia.com,(404) 841-7530,(770) 804-8403; (512) 777-5062,pattern
520,True Food Kitchen,Restaurants / Food Service Chains,Full Service,Phoenix,AZ,3000,$100M-$200M,Inventory management AI,$8K-$20K,Director of Technology,www.truefoodkitchen.com,3,45+ locations; health-focused,info@truefoodkitchen.com,contact@truefoodkitchen.com,1683134916,1755892618; 6666666667,pattern
521,Lithia Motors,Auto Dealerships,Multi-Brand Dealer,Medford,OR,18000,$10B+,Lead follow-up AI,$30K-$50K,Chief Digital Officer,www.lithia.com,5,#1 US auto retailer; NYSE,info@lithia.com,contact@lithia.com,,,pattern
522,AutoNation,Auto Dealerships,Multi-Brand Dealer,Fort Lauderdale,FL,21000,$10B+,Inventory management AI,$30K-$50K,Chief Technology Officer,www.autonation.com,5,#2 US dealer; NYSE,info@autonation.com,contact@autonation.com,1275721090,7014999389; 7271709442,pattern
523,Penske Automotive Group,Auto Dealerships,Multi-Brand Dealer,Bloomfield Hills,MI,27000,$10B+,Service scheduling AI,$30K-$50K,CTO,www.penskeautomotive.com,5,#3 US dealer; NYSE,info@penskeautomotive.com,contact@penskeautomotive.com,,,pattern
524,Group 1 Automotive,Auto Dealerships,Multi-Brand Dealer,Houston,TX,15000,$10B+,Lead follow-up AI,$25K-$50K,VP of Digital,www.group1auto.com,5,#4 US dealer; NYSE,info@group1auto.com,contact@group1auto.com,7782025929,5598148853; 1772211165,pattern
525,Asbury Automotive Group,Auto Dealerships,Multi-Brand Dealer,Duluth,GA,12000,$10B+,Customer engagement AI,$25K-$50K,Chief Technology Officer,www.asburyauto.com,5,#5 US dealer; NYSE,info@asburyauto.com,contact@asburyauto.com,,,pattern
526,Sonic Automotive,Auto Dealerships,Multi-Brand Dealer,Charlotte,NC,10000,$10B+,Inventory AI,$25K-$50K,CTO,www.sonicautomotive.com,5,NYSE; EchoPark brand,info@sonicautomotive.com,contact@sonicautomotive.com,,,pattern
527,Hendrick Automotive,Auto Dealerships,Multi-Brand Dealer,Charlotte,NC,10000,$10B+,Lead follow-up AI,$25K-$50K,VP of Technology,www.hendrickauto.com,5,Largest private dealer group,info@hendrickauto.com,contact@hendrickauto.com,,,pattern
528,Larry H. Miller Dealerships,Auto Dealerships,Multi-Brand Dealer,Sandy,UT,8000,$5B+,Service scheduling AI,$20K-$40K,Director of Digital,www.lhm.com,4,60+ dealerships,info@lhm.com,contact@lhm.com,,,pattern
529,Ken Garff Automotive,Auto Dealerships,Multi-Brand Dealer,Salt Lake City,UT,6000,$5B+,Customer engagement AI,$20K-$40K,VP of Technology,www.kengarff.com,4,50+ locations,info@kengarff.com,contact@kengarff.com,1772211165,1772211174; 1768363356,pattern
530,Holman Enterprises,Auto Dealerships,Multi-Brand Dealer,Mount Laurel,NJ,6000,$5B+,Lead follow-up AI,$20K-$40K,Chief Technology Officer,www.holmanenterprises.com,4,Acquired Leith Automotive,info@holmanenterprises.com,contact@holmanenterprises.com,,,pattern
531,Parks Automotive Group,Auto Dealerships,Multi-Brand Dealer,Kannapolis,NC,2000,$1B+,Inventory management AI,$10K-$25K,Director of IT,www.parksautogroup.com,3,Southeast dealer group,info@parksautogroup.com,contact@parksautogroup.com,10841300142,0648025190; 1772211165,pattern
532,Sewell Automotive,Auto Dealerships,Luxury Dealer,Dallas,TX,2500,$1B+,Customer engagement AI,$15K-$25K,VP of Technology,www.sewell.com,4,Luxury brand focus,info@sewell.com,contact@sewell.com,8615132873,8097156327; 1772211705,pattern
533,JM Family Enterprises,Auto Dealerships,Distributor/Dealer,Deerfield Beach,FL,4500,$10B+,Service scheduling AI,$25K-$50K,CTO,www.jmfamily.com,5,Southeast Toyota distributor,info@jmfamily.com,contact@jmfamily.com,1772140401,9144076632; 6122940755,pattern
534,Fields Auto Group,Auto Dealerships,Multi-Brand Dealer,Lakeland,FL,1500,$1B+,Lead follow-up AI,$10K-$20K,Director of Digital,www.fieldsauto.com,3,Florida dealer group,info@fieldsauto.com,contact@fieldsauto.com,,,pattern
535,Morgan Auto Group,Auto Dealerships,Multi-Brand Dealer,Tampa,FL,2000,$1B+,Inventory management AI,$10K-$25K,VP of Technology,www.maborgs.com,3,Tampa area dealer group,info@maborgs.com,contact@maborgs.com,,,pattern
536,Greenway Automotive,Auto Dealerships,Multi-Brand Dealer,Orlando,FL,1500,$500M-$1B,Customer engagement AI,$8K-$20K,Director of IT,www.greenway.com,3,Southeast dealer group,info@greenway.com,contact@greenway.com,1772211165,1772211174; 1768363218,pattern
537,Serra Automotive,Auto Dealerships,Multi-Brand Dealer,Fenton,MI,1200,$500M-$1B,Lead follow-up AI,$8K-$20K,VP of Technology,www.serraautomotive.com,3,Midwest dealer group,info@serraautomotive.com,contact@serraautomotive.com,,,pattern
538,Bert Ogden Auto Group,Auto Dealerships,Multi-Brand Dealer,McAllen,TX,2000,$1B+,Service scheduling AI,$10K-$25K,Director of Digital,www.bertogden.com,3,South Texas dealer group,pearl.medina@bertogden.com,,1772211165,1772211175; 1772211174,scraped
539,Carvana,Auto Dealerships,Online Dealer,Tempe,AZ,13000,$10B+,AI pricing engine,$25K-$50K,Chief Technology Officer,www.carvana.com,5,NYSE; online used car leader,info@carvana.com,contact@carvana.com,,,pattern
540,CarMax,Auto Dealerships,Used Car Dealer,Richmond,VA,27000,$10B+,Inventory AI,$30K-$50K,CTO,www.carmax.com,5,Fortune 500; 240+ stores,info@carmax.com,contact@carmax.com,,,pattern
541,Vroom,Auto Dealerships,Online Dealer,Houston,TX,1500,$1B+,AI vehicle appraisal,$10K-$25K,Chief Technology Officer,www.vroom.com,3,NASDAQ; online auto retail,info@vroom.com,contact@vroom.com,1-844-670-1873,1-877-675-7254,pattern
542,AutoTrader / Cox Automotive,Auto Dealerships,Auto Platform,Atlanta,GA,27000,$5B+,AI lead scoring,$30K-$50K,VP of AI,www.coxautoinc.com,5,Auto marketplace + DMS platform,info@coxautoinc.com,contact@coxautoinc.com,200.0002288,200.0002287; 200.0039062,pattern
543,CDK Global,Auto Dealerships,Auto Tech,Austin,TX,9000,$1B+,Dealer management AI,$20K-$40K,Chief Technology Officer,www.cdkglobal.com,4,DMS provider for dealerships,lisa.finney@cdk.com,u003elisa.finney@cdk.com; cdkmediainquiries@cdk.com; u003ecdkmediainquiries@cdk.com,3323041480,2864544891; 833.620.2129,scraped
544,Vaughan Automotive,Auto Dealerships,Multi-Brand Dealer,Boerne,TX,800,$200M-$500M,Lead follow-up AI,$8K-$15K,Director of IT,www.vaughanauto.com,3,New to Top 150 list,info@vaughanauto.com,contact@vaughanauto.com,2026010211,9057382255,pattern
545,Jeff Wyler Automotive Family,Auto Dealerships,Multi-Brand Dealer,Cincinnati,OH,1500,$1B+,Service scheduling AI,$10K-$20K,VP of Technology,www.jeffwyler.com,3,Ohio/Kentucky dealer group,info@jeffwyler.com,contact@jeffwyler.com,,,pattern
546,David Wilson Automotive Group,Auto Dealerships,Multi-Brand Dealer,Newport Beach,CA,1000,$500M-$1B,Customer engagement AI,$8K-$20K,Director of Digital,www.davidwilsonautomotive.com,3,Southern CA dealer group,info@davidwilsonautomotive.com,contact@davidwilsonautomotive.com,,,pattern
547,Scoggin-Dickey,Auto Dealerships,Multi-Brand Dealer,Lubbock,TX,500,$200M-$500M,Lead follow-up AI,$5K-$15K,Director of IT,www.scoggindickey.com,2,West Texas dealer,info@scoggindickey.com,contact@scoggindickey.com,,,pattern
548,Performance Automotive,Auto Dealerships,Multi-Brand Dealer,Chapel Hill,NC,800,$200M-$500M,Inventory management AI,$8K-$15K,VP of Technology,www.performanceautogroup.com,3,NC dealer group,info@performanceautogroup.com,contact@performanceautogroup.com,,,pattern
549,Priority Automotive,Auto Dealerships,Multi-Brand Dealer,Virginia Beach,VA,1500,$500M-$1B,Service scheduling AI,$8K-$20K,Director of IT,www.priorityauto.com,3,Virginia dealer group,info@priorityauto.com,contact@priorityauto.com,7909431457,2405166625; 4172874355,pattern
550,Napleton Automotive Group,Auto Dealerships,Multi-Brand Dealer,Lake Park,FL,2000,$1B+,Lead follow-up AI,$10K-$25K,VP of Digital,www.napletonautomotive.com,3,Multi-state dealer group,info@napletonautomotive.com,contact@napletonautomotive.com,,,pattern
551,Flow Automotive,Auto Dealerships,Multi-Brand Dealer,Winston-Salem,NC,1500,$500M-$1B,Customer engagement AI,$8K-$20K,Director of Technology,www.flowcompanies.com,3,NC dealer group,info@flowcompanies.com,contact@flowcompanies.com,,,pattern
552,Bical Auto Mall,Auto Dealerships,Multi-Brand Dealer,Brooklyn,NY,300,$100M-$200M,Lead follow-up AI,$5K-$15K,General Manager,www.bical.com,2,NYC area dealer,info@bical.com,contact@bical.com,,,pattern
553,Ganley Automotive Group,Auto Dealerships,Multi-Brand Dealer,Cleveland,OH,1500,$500M-$1B,Service scheduling AI,$8K-$20K,VP of Technology,www.ganley.com,3,Ohio dealer group,info@ganley.com,contact@ganley.com,,,pattern
554,Germain Motor Company,Auto Dealerships,Multi-Brand Dealer,Columbus,OH,1000,$500M-$1B,Inventory management AI,$8K-$20K,Director of IT,www.germain.com,3,Ohio dealer group,leads@germaintoyotaofcolumbus.dealercrm.com,,1768363217,888-711-8804; 1772211165,scraped
555,Galpin Motors,Auto Dealerships,Multi-Brand Dealer,North Hills,CA,800,$200M-$500M,Customer engagement AI,$8K-$15K,VP of Technology,www.galpin.com,3,LA iconic dealer,carshow@galpin.com,,211230-0000,200510-1501; 230811-0700,scraped
556,Bergstrom Automotive,Auto Dealerships,Multi-Brand Dealer,Appleton,WI,1000,$500M-$1B,Lead follow-up AI,$8K-$20K,Director of Digital,www.bergstromauto.com,3,Wisconsin dealer group,info@bergstromauto.com,contact@bergstromauto.com,18635559082,4602203369; 4572183645,pattern
557,John Eagle Dealerships,Auto Dealerships,Multi-Brand Dealer,Dallas,TX,1200,$500M-$1B,Service scheduling AI,$8K-$20K,VP of Technology,www.johneagle.com,3,Texas dealer group,info@johneagle.com,contact@johneagle.com,,,pattern
558,Shottenkirk Automotive,Auto Dealerships,Multi-Brand Dealer,Fort Madison,IA,800,$200M-$500M,Inventory management AI,$5K-$15K,Director of IT,www.shottenkirk.com,2,Midwest dealer group,info@shottenkirk.com,contact@shottenkirk.com,555.555.5555,256.257.1516; 682.498.8427,pattern
559,Love Field Chrysler Dodge,Auto Dealerships,Single Brand,Dallas,TX,200,$50M-$100M,Lead follow-up AI,$5K-$12K,General Manager,www.lovefieldchrysler.com,2,Single location; high volume,info@lovefieldchrysler.com,contact@lovefieldchrysler.com,,,pattern
560,Rick Hendrick City Chevrolet,Auto Dealerships,Single Brand,Charlotte,NC,300,$100M-$200M,Service scheduling AI,$5K-$15K,General Manager,www.citychevrolet.com,2,Hendrick subsidiary; high volume,heather.drayton@hendrickauto.com,,(704) 321-4151,1772211165; 1772211167,scraped
561,Service Champions,"Home Services (HVAC, Plumbing, Roofing)",HVAC/Plumbing,Pleasanton,CA,2000,$200M-$500M,Dispatch AI,$10K-$25K,Chief Operating Officer,www.servicechampions.net,4,Champions Group; 20+ locations,info@servicechampions.net,contact@servicechampions.net,121.9187738,+1-123-234-4547; 17709919848,pattern
562,Hoffmann Brothers,"Home Services (HVAC, Plumbing, Roofing)",HVAC/Plumbing,St. Louis,MO,400,$50M-$100M,Lead qualification AI,$8K-$20K,Director of Operations,www.hoffmannbros.com,3,40+ years; 10K+ 5-star reviews,info@hoffmannbros.com,contact@hoffmannbros.com,1770044614,2147483647; 2857142857,pattern
563,Peterman Brothers,"Home Services (HVAC, Plumbing, Roofing)",HVAC/Plumbing,Indianapolis,IN,500,$50M-$100M,Dispatch AI,$8K-$20K,VP of Operations,www.petermanhvac.com,3,Fastest growing in Indiana,info@petermanhvac.com,contact@petermanhvac.com,0000000030,1.7706825649; 1772460164,pattern
564,Roto-Rooter,"Home Services (HVAC, Plumbing, Roofing)",Plumbing/Drain,Cincinnati,OH,5000,$500M-$1B,Dispatch AI,$15K-$30K,Chief Technology Officer,www.rotorooter.com,5,498 locations; 90% US coverage,info@rotorooter.com,contact@rotorooter.com,3045862401,1180770233; 041892-1004,pattern
565,Mr. Rooter Plumbing,"Home Services (HVAC, Plumbing, Roofing)",Plumbing,Waco,TX,3000,$200M-$500M,Lead qualification AI,$10K-$25K,VP of Technology,www.mrrooter.com,4,Neighborly brand; 215 US franchises,info@mrrooter.com,contact@mrrooter.com,1-833-785-6698,,pattern
566,One Hour Heating & Air,"Home Services (HVAC, Plumbing, Roofing)",HVAC,Columbia,MD,2500,$200M-$500M,Estimate automation AI,$10K-$25K,Director of Technology,www.onehourheatandair.com,4,Authority Brands franchise,info@onehourheatandair.com,contact@onehourheatandair.com,,,pattern
567,Benjamin Franklin Plumbing,"Home Services (HVAC, Plumbing, Roofing)",Plumbing,Columbia,MD,2000,$100M-$200M,Dispatch AI,$8K-$20K,VP of Operations,www.benjaminfranklinplumbing.com,3,Authority Brands franchise,info@benjaminfranklinplumbing.com,contact@benjaminfranklinplumbing.com,,,pattern
568,1-800-Plumber +Air,"Home Services (HVAC, Plumbing, Roofing)",HVAC/Plumbing,Houston,TX,500,$25M-$50M,Lead qualification AI,$5K-$15K,Director of Operations,www.1800plumber.com,3,Combined HVAC/plumbing franchise,info@1800plumber.com,contact@1800plumber.com,1772443525,+18007586237; 17346514137,pattern
569,Bluefrog Plumbing + Drain,"Home Services (HVAC, Plumbing, Roofing)",Plumbing,Phoenix,AZ,300,$10M-$25M,Dispatch AI,$5K-$12K,VP of Franchise,www.bluefrogplumbing.com,2,Emergency plumbing focus,info@bluefrogplumbing.com,contact@bluefrogplumbing.com,1668716331,9747472785; 7394695176,pattern
570,Comfort Systems USA,"Home Services (HVAC, Plumbing, Roofing)",HVAC Commercial,Houston,TX,15000,$1B+,Predictive maintenance AI,$25K-$50K,Chief Technology Officer,www.comfortsystemsusa.com,5,NYSE listed; mechanical services,information@comfortsystemsusa.com,,9632626030,15974370541; 2381726030,scraped
571,EMCOR Group,"Home Services (HVAC, Plumbing, Roofing)",HVAC/Mechanical,Norwalk,CT,40000,$10B+,Building automation AI,$30K-$50K,VP of Innovation,www.emcorgroup.com,5,Fortune 500; largest US HVAC,info@emcorgroup.com,contact@emcorgroup.com,1772480079,+18668907794; 866.890.7794,pattern
572,Trane Technologies,"Home Services (HVAC, Plumbing, Roofing)",HVAC Manufacturing,Davidson,NC,40000,$10B+,Predictive maintenance AI,$30K-$50K,Chief Technology Officer,www.tranetechnologies.com,5,NYSE listed; $16B revenue,info@tranetechnologies.com,contact@tranetechnologies.com,2392618224,1-704-655-4000; 1-866-472-6793,pattern
573,Carrier Global,"Home Services (HVAC, Plumbing, Roofing)",HVAC Manufacturing,Palm Beach Gardens,FL,53000,$10B+,Smart building AI,$30K-$50K,CTO,www.corporate.carrier.com,5,NYSE listed; $22B revenue,info@corporate.carrier.com,contact@corporate.carrier.com,6056665220,1945140875; 8985717319,pattern
574,ARS/Rescue Rooter,"Home Services (HVAC, Plumbing, Roofing)",HVAC/Plumbing,Memphis,TN,7000,$1B+,Dispatch AI,$15K-$30K,VP of Technology,www.ars.com,4,American Residential Services; 65+ locations,customercaremail@ars.com,,866-399-2885,4519644568; 10877581120,scraped
575,Service Experts,"Home Services (HVAC, Plumbing, Roofing)",HVAC,Richardson,TX,5000,$500M-$1B,Lead qualification AI,$10K-$25K,Director of Technology,www.serviceexperts.com,4,130+ locations nationwide,example@domain.com,,0847457627,2602130938; 8669637996,scraped
576,Neighborly,"Home Services (HVAC, Plumbing, Roofing)",Multi-Brand Home,Waco,TX,5000,$1B+,Cross-sell AI,$20K-$40K,Chief Technology Officer,www.neighborly.com,5,30+ home service brands,info@neighborly.com,contact@neighborly.com,7000166113,2619349733; 1 (855) 217-8437,pattern
577,ABC Supply,"Home Services (HVAC, Plumbing, Roofing)",Roofing Distribution,Beloit,WI,15000,$10B+,Inventory management AI,$25K-$50K,VP of Innovation,www.abcsupply.com,5,Largest US roofing distributor,info@abcsupply.com,contact@abcsupply.com,1767654309,1771009610; 1763668999,pattern
578,CentiMark Corporation,"Home Services (HVAC, Plumbing, Roofing)",Roofing,Canonsburg,PA,4000,$500M-$1B,Estimate automation AI,$10K-$25K,Director of Technology,www.centimark.com,4,Largest US roofing contractor,info@centimark.com,contact@centimark.com,16781199371,16770950073; 16771866550,pattern
579,Baker Roofing,"Home Services (HVAC, Plumbing, Roofing)",Roofing,Raleigh,NC,1500,$200M-$500M,Dispatch AI,$8K-$20K,VP of Operations,www.bakerroofing.com,3,100+ years; Southeast,contact@bakerroofing.com,,3333333333,1.7333333333; 6666666666,pattern
580,Tecta America,"Home Services (HVAC, Plumbing, Roofing)",Roofing,Rosemont,IL,3000,$500M-$1B,Estimate automation AI,$10K-$25K,Chief Technology Officer,www.tectaamerica.com,4,Largest commercial roofer,info@tectaamerica.com,service@tectaamerica.com,5826630378,1769816169; 1769816170,pattern
581,Nations Roof,"Home Services (HVAC, Plumbing, Roofing)",Roofing,Fairfield,OH,1000,$100M-$200M,Dispatch AI,$8K-$15K,Director of IT,www.nationsroof.com,3,National commercial roofer,info@nationsroof.com,,2304772830,17721315807; 2320866014,pattern
582,Ace Hardware Home Services,"Home Services (HVAC, Plumbing, Roofing)",Multi-Home Service,Oak Brook,IL,3000,$200M-$500M,Lead qualification AI,$10K-$25K,VP of Technology,www.acehardware.com,4,Plumbing/HVAC/electrical,carecenter@acehardware.com,u003ecarecenter@acehardware.com; copyright@acehardware.com; fraud@acehardware.com,1112366487,1-888-827-4223; 17709025726,scraped
583,Wrench Group,"Home Services (HVAC, Plumbing, Roofing)",HVAC/Plumbing,Atlanta,GA,3500,$500M-$1B,Dispatch AI,$10K-$25K,Chief Technology Officer,www.wrenchgroup.com,4,Multi-brand home services,info@wrenchgroup.com,wrenchlife@wrenchgroup.com,1718134139,9414773771; 8700299819,pattern
584,Horizon Services,"Home Services (HVAC, Plumbing, Roofing)",HVAC/Plumbing,Wilmington,DE,1500,$100M-$200M,Lead qualification AI,$8K-$20K,Director of Technology,www.horizonservices.com,3,Mid-Atlantic service leader,info@horizonservices.com,contact@horizonservices.com,2147483647,9397000184; 3123671108,pattern
585,Morris-Jenkins,"Home Services (HVAC, Plumbing, Roofing)",HVAC,Charlotte,NC,500,$50M-$100M,Estimate automation AI,$5K-$15K,Director of Operations,www.morrisjenkins.com,3,Charlotte HVAC leader,info@morrisjenkins.com,contact@morrisjenkins.com,,,pattern
586,Aire Serv,"Home Services (HVAC, Plumbing, Roofing)",HVAC,Waco,TX,1500,$50M-$100M,Dispatch AI,$5K-$15K,VP of Franchise,www.aireserv.com,3,Neighborly brand,info@aireserv.com,contact@aireserv.com,(833) 861-7795,,pattern
587,Coolray,"Home Services (HVAC, Plumbing, Roofing)",HVAC,Marietta,GA,400,$50M-$100M,Lead qualification AI,$5K-$15K,Director of Operations,www.coolray.com,3,Wrench Group brand; Atlanta,info@coolray.com,contact@coolray.com,(770) 421-8400,17709919848; 4476307384,pattern
588,Michael & Son Services,"Home Services (HVAC, Plumbing, Roofing)",Multi-Home Service,Alexandria,VA,800,$100M-$200M,Dispatch AI,$8K-$20K,VP of Technology,www.michaelandson.com,3,DC metro area leader,info@michaelandson.com,contact@michaelandson.com,8009486453,3602623893; 1230857754,pattern
589,Hiller Plumbing,"Home Services (HVAC, Plumbing, Roofing)",Plumbing/HVAC,Nashville,TN,600,$50M-$100M,Lead qualification AI,$5K-$15K,Director of Operations,www.happyhiller.com,3,Tennessee leader,info@happyhiller.com,contact@happyhiller.com,1772480085,1772196477; 2024031312,pattern
590,Bonney Plumbing,"Home Services (HVAC, Plumbing, Roofing)",Plumbing/HVAC,Sacramento,CA,300,$25M-$50M,Estimate automation AI,$5K-$12K,VP of Operations,www.bonney.com,2,Sacramento area leader,info@bonney.com,contact@bonney.com,+19164619039,0000007735; 5491964971,pattern
591,Lee Company,"Home Services (HVAC, Plumbing, Roofing)",HVAC/Mechanical,Franklin,TN,1800,$200M-$500M,Predictive maintenance AI,$10K-$25K,Director of Technology,www.leecompany.com,3,Tennessee multi-service,info@leecompany.com,contact@leecompany.com,9999999999,1772127510; 615.567.1000,pattern
592,Isaac Heating & Air,"Home Services (HVAC, Plumbing, Roofing)",HVAC,Rochester,NY,500,$50M-$100M,Dispatch AI,$5K-$15K,Director of Operations,www.isaacheating.com,3,NY state HVAC leader,info@isaacheating.com,contact@isaacheating.com,1765532439,1765532435; 1771354455,pattern
593,Ideal Services,"Home Services (HVAC, Plumbing, Roofing)",HVAC/Plumbing,Las Vegas,NV,200,$10M-$25M,Lead qualification AI,$5K-$12K,Owner,www.idealservices.com,2,Las Vegas home services,idealservices@idealservices.com,efe@partnersinlocalsearch.com,(702) 766-7843,(702) 396-5225; 16662951651,scraped
594,Schneller Knochelmann,"Home Services (HVAC, Plumbing, Roofing)",Plumbing/HVAC,Cincinnati,OH,200,$10M-$25M,Dispatch AI,$5K-$12K,Director of Operations,www.skplumbing.com,2,Cincinnati area leader,info@skplumbing.com,contact@skplumbing.com,,,pattern
595,Goodberlet Home Services,"Home Services (HVAC, Plumbing, Roofing)",HVAC,Joliet,IL,100,$5M-$10M,Estimate automation AI,$5K-$10K,Owner,www.goodberlet.com,2,Chicago suburbs,info@goodberlet.com,contact@goodberlet.com,,,pattern
596,Long Roofing,"Home Services (HVAC, Plumbing, Roofing)",Roofing,Laurel,MD,500,$50M-$100M,Lead qualification AI,$5K-$15K,Director of Marketing,www.longroofing.com,3,East Coast roofing leader,info@longhome.com,,+1-800-417-5664,2705048183; +1-301-417-5664,scraped
597,Power Home Remodeling,"Home Services (HVAC, Plumbing, Roofing)",Roofing/Windows,Chester,PA,3000,$500M-$1B,Lead qualification AI,$10K-$25K,VP of Technology,www.powerhome.com,4,Largest exterior remodeler,sales@powerhome.com,,1987779024,,scraped
598,Leaf Home Solutions,"Home Services (HVAC, Plumbing, Roofing)",Gutters/Home,Hudson,OH,5000,$500M-$1B,Dispatch AI,$10K-$25K,Chief Technology Officer,www.leafhome.com,4,LeafFilter parent; 150+ offices,info@leafhome.com,contact@leafhome.com,1120304418,5434657967; 1015531916,pattern
599,Groundworks,"Home Services (HVAC, Plumbing, Roofing)",Foundation Repair,Virginia Beach,VA,5000,$500M-$1B,Lead qualification AI,$10K-$25K,VP of Technology,www.groundworks.com,4,30+ brands; PE-backed,info@groundworks.com,contact@groundworks.com,6036820887,16777856328; 10060308810,pattern
600,Mr. Electric,"Home Services (HVAC, Plumbing, Roofing)",Electrical,Waco,TX,1500,$50M-$100M,Dispatch AI,$5K-$15K,VP of Franchise,www.mrelectric.com,3,Neighborly brand,info@mrelectric.com,contact@mrelectric.com,1-833-785-6698,,pattern
601,HubSpot,SaaS / Software Companies,CRM/Marketing,Cambridge,MA,7000,$1B+,Customer onboarding AI,$25K-$50K,Chief Product Officer,www.hubspot.com,5,NYSE listed; CRM leader,info@hubspot.com,contact@hubspot.com,4705882353,1098039216; 6196078431,pattern
602,Salesforce,SaaS / Software Companies,CRM,San Francisco,CA,73000,$10B+,Churn prediction AI,$30K-$50K,Chief AI Officer,www.salesforce.com,5,CRM market leader; Einstein AI,info@salesforce.com,contact@salesforce.com,1-800-664-9073,2244497218; 1772480090,pattern
603,Datadog,SaaS / Software Companies,Monitoring,New York,NY,5000,$1B+,Support automation AI,$20K-$40K,CTO,www.datadoghq.com,5,NASDAQ listed; observability,info@datadoghq.com,,866 329-4466,8779499495; 1391380318,pattern
604,Monday.com,SaaS / Software Companies,Work Management,New York,NY,2000,$500M-$1B,Workflow automation AI,$15K-$30K,Chief Technology Officer,www.monday.com,4,NASDAQ listed,support@monday.com,u003esupport@monday.com,9125743970,6970914444; 9043958355,scraped
605,Notion,SaaS / Software Companies,Productivity,San Francisco,CA,500,$200M-$500M,Customer onboarding AI,$10K-$25K,CTO,www.notion.so,4,AI-enhanced workspace,info@notion.so,contact@notion.so,1232780281,8639522600; 3499345013,pattern
606,ClickUp,SaaS / Software Companies,Project Management,San Diego,CA,1000,$200M-$500M,Support automation AI,$10K-$25K,VP of Engineering,www.clickup.com,4,All-in-one productivity,info@clickup.com,contact@clickup.com,1535098836,2763192810; 0344438151,pattern
607,Miro,SaaS / Software Companies,Visual Collaboration,San Francisco,CA,1800,$200M-$500M,Customer onboarding AI,$10K-$25K,Chief Technology Officer,www.miro.com,4,Digital whiteboard,info@miro.com,contact@miro.com,2879548198,8308097122; 9308612194,pattern
608,Deel,SaaS / Software Companies,HR/Payroll,San Francisco,CA,4000,$500M-$1B,Compliance automation AI,$15K-$30K,CTO,www.deel.com,4,Global payroll/HR platform,info@deel.com,contact@deel.com,,,pattern
609,Rippling,SaaS / Software Companies,HR Tech,San Francisco,CA,3000,$500M-$1B,Employee onboarding AI,$15K-$30K,Chief Technology Officer,www.rippling.com,5,Unified workforce platform,taxagencies@rippling.com,carriers@rippling.com,3009752080,454-1398940; 2500312336,scraped
610,CrowdStrike,SaaS / Software Companies,Cybersecurity,Austin,TX,8000,$1B+,Threat detection AI,$25K-$50K,CTO,www.crowdstrike.com,5,NASDAQ; $3B+ revenue,alliances_operations@crowdstrike.com,press@crowdstrike.com; mission@crowdstrike.com; vtscanner@crowdstrike.com,14210537969,4476486664; 7842899024,scraped
611,Palantir Technologies,SaaS / Software Companies,Data Analytics,Denver,CO,3500,$1B+,Data analysis AI,$30K-$50K,Chief Technology Officer,www.palantir.com,5,NYSE listed; government + commercial,melissam@palantir.com,media@palantir.com; employee-verifications@palantir.com,0818735626,436 392.2678; 538 306.4145,scraped
612,Snowflake,SaaS / Software Companies,Data Cloud,Bozeman,MT,6000,$1B+,Data pipeline AI,$25K-$50K,CTO,www.snowflake.com,5,NYSE listed; cloud data,info@snowflake.com,contact@snowflake.com,17691015640,,pattern
613,Twilio,SaaS / Software Companies,Communications API,San Francisco,CA,6000,$1B+,Customer engagement AI,$20K-$40K,Chief Product Officer,www.twilio.com,4,NYSE listed; CPaaS leader,contact@twilio.com,,2147483647,811804-5179; 097-6430668,pattern
614,Amplitude,SaaS / Software Companies,Product Analytics,San Francisco,CA,700,$200M-$500M,Churn prediction AI,$10K-$25K,CTO,www.amplitude.com,4,NASDAQ listed; digital analytics,sales@amplitude.com,,650-988-5131,0279145235; 822.4561336,scraped
615,Calendly,SaaS / Software Companies,Scheduling,Atlanta,GA,700,$200M-$500M,Customer onboarding AI,$10K-$20K,Chief Technology Officer,www.calendly.com,3,Scheduling automation leader,info@calendly.com,contact@calendly.com,3295966333,1.7142857142; 3000000000,pattern
616,Motive,SaaS / Software Companies,Fleet/Operations,San Francisco,CA,3000,$500M-$1B,Fleet analytics AI,$15K-$30K,CTO,www.gomotive.com,4,120K+ customers,info@gomotive.com,sales@gomotive.com; support@gomotive.com; press@gomotive.com,1 855-434-3564,1771937972; 1770142565,pattern
617,Gusto,SaaS / Software Companies,HR/Payroll,San Francisco,CA,2500,$200M-$500M,Employee onboarding AI,$10K-$25K,Chief Technology Officer,www.gusto.com,4,SMB payroll/HR platform,info@gusto.com,contact@gusto.com,1768526039,1772143629; 4166087186,pattern
618,Brex,SaaS / Software Companies,Finance/Spend,San Francisco,CA,1100,$200M-$500M,Expense automation AI,$10K-$25K,CTO,www.brex.com,4,Corporate card/spend management,press@brex.com,,1829.5104997,371-0294730; 228-3210482,scraped
619,Figma,SaaS / Software Companies,Design,San Francisco,CA,1500,$500M-$1B,Design collaboration AI,$15K-$25K,Chief Technology Officer,www.figma.com,4,Collaborative design platform,press@figma.com,,1622439415,4475400432; 106.8141502,scraped
620,Airtable,SaaS / Software Companies,Low-Code/Database,San Francisco,CA,900,$200M-$500M,Workflow AI,$10K-$20K,CTO,www.airtable.com,3,No-code database platform,info@airtable.com,contact@airtable.com,14573973145,4342644399; 8972207020,pattern
621,Canva,SaaS / Software Companies,Design Platform,San Francisco,CA,5000,$1B+,Content generation AI,$15K-$30K,Chief Technology Officer,www.canva.com,5,Visual communication platform,info@canva.com,contact@canva.com,12417176891,5252659141; 629.7203647,pattern
622,Webflow,SaaS / Software Companies,Website Builder,San Francisco,CA,800,$100M-$200M,Customer onboarding AI,$8K-$20K,CTO,www.webflow.com,3,Visual website builder,info@webflow.com,contact@webflow.com,14915806179,2231718910; 057032-1570,pattern
623,Loom,SaaS / Software Companies,Video Messaging,San Francisco,CA,200,$50M-$100M,Support automation AI,$5K-$15K,Chief Technology Officer,www.loom.com,3,Atlassian subsidiary,info@loom.com,contact@loom.com,125591-2400,1054798648; 8523668331,pattern
624,Linear,SaaS / Software Companies,Project Management,San Francisco,CA,100,$25M-$50M,Issue triage AI,$5K-$15K,CTO,www.linear.app,3,Developer-focused PM,hello@linear.app,,0579003421,6804061483; 564-5401335,scraped
625,Vercel,SaaS / Software Companies,Frontend Platform,San Francisco,CA,500,$100M-$200M,Support automation AI,$8K-$20K,Chief Technology Officer,www.vercel.com,4,Next.js/frontend platform,info@vercel.com,contact@vercel.com,9664154901,7516192436; 17422483409,pattern
626,Supabase,SaaS / Software Companies,Backend Platform,San Francisco,CA,200,$25M-$50M,Developer onboarding AI,$5K-$15K,CTO,www.supabase.com,3,Open-source Firebase alternative,help-events@supabase.com,legal@supabase.io; privacy@supabase.io; abuse@supabase.io,7997661110,13568572614; 19791578756,scraped
627,Retool,SaaS / Software Companies,Internal Tools,San Francisco,CA,400,$100M-$200M,Workflow automation AI,$8K-$20K,Chief Technology Officer,www.retool.com,3,Internal tool builder,support@retool.com,,6877811025,5385539705; 6365772921,scraped
628,Postman,SaaS / Software Companies,API Platform,San Francisco,CA,900,$200M-$500M,API testing AI,$10K-$20K,CTO,www.postman.com,4,30M+ developers,info@postman.com,info-jp@postman.com; u003einfo@postman.com; u003einfo-jp@postman.com,9676689144,2076095609; 4021195695,pattern
629,Freshworks,SaaS / Software Companies,CRM/Support,San Mateo,CA,5500,$500M-$1B,Support automation AI,$15K-$30K,Chief Technology Officer,www.freshworks.com,4,NASDAQ listed; SMB focus,support@freshworks.com,sales@freshworks.com; careers@freshworks.com,+1-855-747-6767,2097650421; 1.5555555555,scraped
630,Zendesk,SaaS / Software Companies,Customer Support,San Francisco,CA,6000,$1B+,Support automation AI,$20K-$40K,CTO,www.zendesk.com,5,Customer experience platform,ask.philippines@zendesk.com,ask.thailand@zendesk.com; ask.indonesia@zendesk.com; ask.malaysia@zendesk.com,3337943919,446-3105633; 14213562373,scraped
631,Intercom,SaaS / Software Companies,Customer Messaging,San Francisco,CA,700,$200M-$500M,Chatbot AI,$10K-$25K,Chief Technology Officer,www.intercom.com,4,Fin AI chatbot,press@intercom.com,u003eexample@yourdomain.com,1476731162,8050268173; 794-1214295,scraped
632,Gong,SaaS / Software Companies,Revenue Intelligence,San Francisco,CA,1200,$200M-$500M,Sales coaching AI,$15K-$30K,CTO,www.gong.io,4,Revenue intelligence platform,sales@gong.io,,5013390132,1072-9391954; 2222170418,scraped
633,Clari,SaaS / Software Companies,Revenue Operations,Sunnyvale,CA,700,$100M-$200M,Revenue prediction AI,$10K-$25K,Chief Technology Officer,www.clari.com,3,RevOps platform,sales@clari.com,hello@clari.com,1439187164,2851022456; 2284150856,scraped
634,Drift (Salesloft),SaaS / Software Companies,Conversational Sales,Boston,MA,500,$100M-$200M,Chatbot AI,$8K-$20K,CTO,www.salesloft.com,3,Now part of Salesloft,info@salesloft.com,contact@salesloft.com,4370856825,+1-770-756-8022; 9247375408,pattern
635,Outreach,SaaS / Software Companies,Sales Engagement,Seattle,WA,1000,$200M-$500M,Sales automation AI,$10K-$25K,Chief Technology Officer,www.outreach.io,4,Sales engagement leader,hr@outreach.io,pr@outreach.io; security@outreach.io; u003ehr@outreach.io,3334331220,13891680803; 1752615558,scraped
636,6sense,SaaS / Software Companies,ABM Platform,San Francisco,CA,1200,$200M-$500M,Intent prediction AI,$10K-$25K,CTO,www.6sense.com,4,Account-based marketing AI,info@6sense.com,contact@6sense.com,1772480093,2085662554; 17593386808,pattern
637,ZoomInfo,SaaS / Software Companies,Sales Intelligence,Vancouver,WA,3500,$1B+,Lead scoring AI,$15K-$30K,Chief Technology Officer,www.zoominfo.com,5,NASDAQ listed; data platform,info@zoominfo.com,contact@zoominfo.com,2497051668,+18669049666; 866.904.9666,pattern
638,Terminus,SaaS / Software Companies,ABM,Atlanta,GA,300,$25M-$50M,Customer engagement AI,$5K-$15K,CTO,www.terminus.com,3,Account-based marketing,info@terminus.com,contact@terminus.com,9999999999,1772455080; 1770293096,pattern
639,Drata,SaaS / Software Companies,Compliance,San Diego,CA,500,$100M-$200M,Compliance automation AI,$10K-$20K,Chief Technology Officer,www.drata.com,4,Compliance automation platform,getstarted@drata.com,media@drata.com; support@drata.com; partnerships@drata.com,17497431755,17496721957; 17496722848,scraped
640,Statsig,SaaS / Software Companies,Experimentation,Bellevue,WA,200,$50M-$100M,A/B testing AI,$8K-$15K,CTO,www.statsig.com,3,$6B valuation; fastest growing,info@statsig.com,contact@statsig.com,2251789325,2292742624; 2210461263,pattern
641,Coursera,Education / EdTech,Online Learning,Mountain View,CA,1500,$500M-$1B,Student engagement AI,$15K-$30K,Chief Technology Officer,www.coursera.org,4,NYSE listed; 183M learners,info@coursera.org,contact@coursera.org,8234253077,3667376763; 7637523521,pattern
642,Duolingo,Education / EdTech,Language Learning,Pittsburgh,PA,900,$500M-$1B,Enrollment optimization AI,$15K-$30K,CTO,www.duolingo.com,4,NASDAQ listed; 120M+ MAU,info@duolingo.com,contact@duolingo.com,2345364366,1440502568,pattern
643,Instructure (Canvas),Education / EdTech,LMS,Salt Lake City,UT,2000,$500M-$1B,Grading automation AI,$15K-$30K,Chief Product Officer,www.instructure.com,4,3000+ institutions; Canvas LMS,info@instructure.com,,1-800-203-6755,1.801.869.5000; 1.888.213.3894,pattern
644,Khan Academy,Education / EdTech,Online Learning,Mountain View,CA,300,$50M-$100M,Student engagement AI,$8K-$15K,CTO,www.khanacademy.org,3,Free education; Khanmigo AI,info@khanacademy.org,contact@khanacademy.org,,,pattern
645,Chegg,Education / EdTech,Study Help,Santa Clara,CA,1500,$500M-$1B,AI tutoring,$10K-$25K,Chief Technology Officer,www.chegg.com,4,NYSE listed; student support,info@chegg.com,contact@chegg.com,,,pattern
646,Outschool,Education / EdTech,K-12 Online,San Francisco,CA,300,$50M-$100M,Scheduling AI,$5K-$15K,CTO,www.outschool.com,3,Ages 3-18; live online classes,info@outschool.com,contact@outschool.com,12201065313,8791120746,pattern
647,Teachers Pay Teachers,Education / EdTech,Marketplace,New York,NY,200,$25M-$50M,Content recommendation AI,$5K-$15K,VP of Product,www.teacherspayteachers.com,3,Teacher marketplace,info@teacherspayteachers.com,contact@teacherspayteachers.com,3482353626,727733-1734; 1760962892,pattern
648,DreamBox Learning,Education / EdTech,K-12 Math,Bellevue,WA,300,$50M-$100M,Adaptive learning AI,$8K-$15K,Chief Technology Officer,www.dreambox.com,3,AI math learning platform,info@dreambox.com,contact@dreambox.com,1772028539,1772028542; 2026022514,pattern
649,Newsela,Education / EdTech,K-12 Content,New York,NY,500,$50M-$100M,Content personalization AI,$8K-$20K,CTO,www.newsela.com,3,Adaptive reading platform,support@newsela.com,,6643998773,18059521302; 7358490566,scraped
650,Blackboard (Anthology),Education / EdTech,LMS,Boca Raton,FL,4000,$500M-$1B,Student engagement AI,$15K-$30K,Chief Technology Officer,www.anthology.com,4,Higher ed technology suite,info@anthology.com,contact@anthology.com,,,pattern
651,PowerSchool,Education / EdTech,K-12 SIS,Folsom,CA,3000,$500M-$1B,Enrollment AI,$10K-$25K,CTO,www.powerschool.com,4,K-12 education technology,info@powerschool.com,contact@powerschool.com,2817724802,3280006101; 308644-4728,pattern
652,Cengage Group,Education / EdTech,Higher Ed Content,Boston,MA,5000,$1B+,Content generation AI,$15K-$30K,Chief Technology Officer,www.cengage.com,4,Digital learning resources,info@cengage.com,contact@cengage.com,17720151922,8392411042; (800) 354-9706,pattern
653,McGraw Hill,Education / EdTech,Educational Content,New York,NY,4000,$1B+,Adaptive learning AI,$15K-$30K,CTO,www.mheducation.com,4,ALEKS AI platform,onlinecustomer_service@mheducation.com,,11800890072,6645427003; 1129385377,scraped
654,Pearson,Education / EdTech,Educational Content,Hoboken,NJ,20000,$5B+,Student engagement AI,$25K-$50K,Chief Technology Officer,www.pearson.com,5,NYSE listed; global education,info@pearson.com,contact@pearson.com,2047978946,6152023448; 7504858676,pattern
655,2U / edX,Education / EdTech,Online Degree,Lanham,MD,3000,$500M-$1B,Enrollment optimization AI,$10K-$25K,CTO,www.2u.com,4,University partnerships,media@2u.com,,4043175117,1.0298507462; 0164179104,scraped
656,Clever,Education / EdTech,K-12 Platform,San Francisco,CA,200,$25M-$50M,Student data AI,$5K-$15K,Chief Technology Officer,www.clever.com,3,SSO for schools; 100K+ schools,legal@clever.com,,1747799334,1747799336; 17603659363,scraped
657,Schoology (PowerSchool),Education / EdTech,LMS,New York,NY,500,$50M-$100M,Grading automation AI,$8K-$15K,VP of Product,www.schoology.com,3,K-12 LMS platform,info@schoology.com,contact@schoology.com,,,pattern
658,Remind,Education / EdTech,Communication,San Francisco,CA,200,$25M-$50M,Parent engagement AI,$5K-$12K,CTO,www.remind.com,2,School communication app,yuriy@regattamarketing.com,,5009267942,0485071913,scraped
659,ClassDojo,Education / EdTech,Communication,San Francisco,CA,100,$25M-$50M,Student engagement AI,$5K-$12K,Chief Technology Officer,www.classdojo.com,2,K-8 communication platform,security@classdojo.com,,9722843762,17163455637; 8679033926,scraped
660,Brightspace (D2L),Education / EdTech,LMS,Kitchener,ON,1000,$200M-$500M,Grading automation AI,$10K-$20K,CTO,www.d2l.com,3,Higher ed + K-12 LMS,info@d2l.com,contact@d2l.com,1571526139,1024539775; 1012161522,pattern
661,MasterClass,Education / EdTech,Online Learning,San Francisco,CA,500,$200M-$500M,Content recommendation AI,$10K-$20K,Chief Technology Officer,www.masterclass.com,4,Celebrity-taught courses,info@masterclass.com,contact@masterclass.com,14386427697,1273867416; 2360483474,pattern
662,Udemy Business,Education / EdTech,Corporate Learning,San Francisco,CA,1500,$500M-$1B,Learning path AI,$10K-$25K,CTO,www.udemy.com,4,NASDAQ listed; corporate training,u003esuccess@udemy.com,policy@udemy.com; u003epolicy@udemy.com,3131374692,1.0714285714; 6785714285,scraped
663,Pluralsight,Education / EdTech,Tech Learning,Draper,UT,1500,$200M-$500M,Skill assessment AI,$10K-$20K,Chief Technology Officer,www.pluralsight.com,4,Tech skills platform,info@pluralsight.com,contact@pluralsight.com,801-784-9007,9001322718; 7842899024,pattern
664,Skillshare,Education / EdTech,Creative Learning,New York,NY,200,$50M-$100M,Content recommendation AI,$5K-$15K,CTO,www.skillshare.com,3,Creative learning community,help@skillshare.com,legal@skillshare.com; teach@skillshare.com; skillshare@gdpr-rep.com,064-7633531,9890660471; 4888893810,scraped
665,Kahoot!,Education / EdTech,Gamified Learning,Austin,TX,500,$100M-$200M,Student engagement AI,$8K-$15K,Chief Technology Officer,www.kahoot.com,3,Gamified learning platform,info@kahoot.com,contact@kahoot.com,1770117158,1772458166; 1768294250,pattern
666,Litmos (SAP),Education / EdTech,Corporate LMS,San Carlos,CA,300,$50M-$100M,Learning analytics AI,$8K-$15K,VP of Product,www.litmos.com,3,Corporate training LMS,sales@litmos.com,,1749141130,1762382073; 1772204287,scraped
667,Guild Education,Education / EdTech,Employer Education,Denver,CO,2000,$200M-$500M,Enrollment AI,$10K-$25K,CTO,www.guild.com,4,Employer education benefits,info@guild.com,contact@guild.com,802-4429405,7032353550; 1786575424,pattern
668,Handshake,Education / EdTech,Career Platform,San Francisco,CA,800,$100M-$200M,Job matching AI,$8K-$20K,Chief Technology Officer,www.joinhandshake.com,3,College career platform,info@joinhandshake.com,contact@joinhandshake.com,10025704891,7884492219; 504-6109197,pattern
669,Degreed,Education / EdTech,Skills Platform,Pleasanton,CA,500,$50M-$100M,Skill assessment AI,$8K-$15K,CTO,www.degreed.com,3,Workforce upskilling,info@degreed.com,contact@degreed.com,1770982446,1760628528; 1748024604,pattern
670,Niche,Education / EdTech,School Search,Pittsburgh,PA,200,$25M-$50M,Enrollment optimization AI,$5K-$15K,VP of Product,www.niche.com,3,School rankings/reviews,info@niche.com,contact@niche.com,,,pattern
671,GoGuardian,Education / EdTech,K-12 Safety,Los Angeles,CA,500,$100M-$200M,Student safety AI,$8K-$20K,Chief Technology Officer,www.goguardian.com,3,Student safety/engagement,info@goguardian.com,contact@goguardian.com,6090099279,4599774371,pattern
672,Nearpod (Renaissance),Education / EdTech,Interactive Learning,Fort Lauderdale,FL,300,$50M-$100M,Student engagement AI,$5K-$15K,VP of Product,www.nearpod.com,3,Interactive lessons; Renaissance sub,info@nearpod.com,contact@nearpod.com,17715363541,2147483647; 8790969393,pattern
673,Age of Learning,Education / EdTech,Early Learning,Glendale,CA,500,$100M-$200M,Adaptive learning AI,$8K-$15K,CTO,www.ageoflearning.com,3,ABCmouse platform,info@ageoflearning.com,contact@ageoflearning.com,,,pattern
674,IXL Learning,Education / EdTech,K-12 Practice,San Mateo,CA,400,$100M-$200M,Adaptive assessment AI,$8K-$15K,Chief Technology Officer,www.ixl.com,3,K-12 practice platform,support@ixl.com,orders@ixl.com; help@ixl.com; info@ixl.com,10000421977,11685841599; 1459379734,scraped
675,BetterUp,Education / EdTech,Coaching Platform,San Francisco,CA,1000,$200M-$500M,Coaching match AI,$10K-$25K,CTO,www.betterup.com,4,Digital coaching platform,info@betterup.com,contact@betterup.com,7430833206,17718664343; 8623878225,pattern
676,Quizlet,Education / EdTech,Study Tools,San Francisco,CA,300,$100M-$200M,Study recommendation AI,$8K-$15K,Chief Technology Officer,www.quizlet.com,3,AI-powered study tools,info@quizlet.com,contact@quizlet.com,,,pattern
677,Crimson Education,Education / EdTech,College Admissions,New York,NY,3000,$100M-$200M,Application review AI,$8K-$20K,CTO,www.crimsoneducation.org,3,Global admissions consulting,info@crimsoneducation.org,contact@crimsoneducation.org,2147483647,+1 (646) 419-3178; 2633112223,pattern
678,Articulate,Education / EdTech,Course Creation,New York,NY,500,$200M-$500M,Content generation AI,$10K-$20K,Chief Technology Officer,www.articulate.com,4,eLearning authoring tools,sales@articulate.com,,2147483647,17200134901; 9999999999,scraped
679,Docebo,Education / EdTech,Corporate LMS,Athens,GA,900,$200M-$500M,Learning path AI,$10K-$20K,CTO,www.docebo.com,4,NASDAQ listed; AI-powered LMS,info@docebo.com,contact@docebo.com,6242567044,7496969728; 17654629919,pattern
680,Emeritus,Education / EdTech,Exec Education,Boston,MA,2000,$200M-$500M,Enrollment optimization AI,$10K-$25K,Chief Technology Officer,www.emeritus.org,4,University partnership platform,info@emeritus.org,contact@emeritus.org,9999999999,1694421536; 9999999998,pattern
681,Banfield Pet Hospital,Veterinary / Pet Services,General Vet,Vancouver,WA,16000,$1B+,Appointment scheduling AI,$20K-$40K,Chief Technology Officer,www.banfield.com,5,Mars subsidiary; 1000 hospitals,cst.inbox@banfield.com,banfieldcares@banfield.com; home.delivery@banfield.com; wellnessplanteam@banfield.com,5869249213,6390807702; 2019031319,scraped
682,VCA Animal Hospitals,Veterinary / Pet Services,General Vet,Los Angeles,CA,25000,$1B+,Pet health records AI,$25K-$50K,CTO,www.vcahospitals.com,5,Mars subsidiary; 900+ hospitals,mediarelations@vca.com,,1126933456,1134281396; 8015202062,scraped
683,BluePearl Pet Hospital,Veterinary / Pet Services,Specialty/Emergency,Tampa,FL,7000,$500M-$1B,Follow-up automation AI,$15K-$30K,VP of Technology,www.bluepearlvet.com,4,Mars subsidiary; 100+ hospitals,info@bluepearlvet.com,info.birmingham@bluepearlvet.com; info.avondale@bluepearlvet.com; info.peoria@bluepearlvet.com,4497422680,5502577319; 2576019763,pattern
684,VetCor,Veterinary / Pet Services,General Vet,Norfolk,VA,8000,$500M-$1B,Appointment scheduling AI,$15K-$30K,Director of Technology,www.vetcor.com,4,800+ practices,info@vetcor.com,contact@vetcor.com,4451217627,,pattern
685,National Veterinary Associates,Veterinary / Pet Services,Multi-Specialty,Agoura Hills,CA,10000,$1B+,Pet records AI,$20K-$40K,Chief Technology Officer,www.nva.com,5,JAB Investors backed,info@nva.com,contact@nva.com,0699286723,8439762859,pattern
686,Thrive Pet Healthcare,Veterinary / Pet Services,General Vet,Austin,TX,6000,$500M-$1B,Follow-up automation,$10K-$25K,CTO,www.thrivepetcare.com,4,Petco partnership history,info@thrivepetcare.com,contact@thrivepetcare.com,,,pattern
687,MedVet,Veterinary / Pet Services,Specialty/Emergency,Columbus,OH,3000,$200M-$500M,Appointment scheduling AI,$10K-$25K,VP of Technology,www.medvet.com,4,Vet-owned; specialty focus,info@medvet.com,contact@medvet.com,1771252361,099934-1024; 330.665.4996,pattern
688,Pathway Vet Alliance,Veterinary / Pet Services,General Vet,Austin,TX,4000,$200M-$500M,Pet health records AI,$10K-$20K,Director of IT,www.pathwayvetalliance.com,3,TSG Consumer Partners backed,info@pathwayvetalliance.com,contact@pathwayvetalliance.com,,,pattern
689,Ethos Veterinary Health,Veterinary / Pet Services,Specialty,Woburn,MA,5000,$500M-$1B,Clinical AI support,$15K-$30K,Chief Technology Officer,www.ethosvet.com,4,NVA subsidiary; specialty focus,info@ethosvet.com,contact@ethosvet.com,3333333333,7333333333; 17545991332,pattern
690,PetVet Care Centers,Veterinary / Pet Services,General Vet,Westport,CT,6000,$500M-$1B,Scheduling automation AI,$10K-$25K,VP of Technology,www.petvetcarecenters.com,4,KKR backed; 450+ hospitals,info@petvetcarecenters.com,contact@petvetcarecenters.com,,,pattern
691,Destination Pet,Veterinary / Pet Services,Full-Service Pet,Highlands Ranch,CO,3000,$100M-$200M,Follow-up automation,$8K-$20K,Director of Technology,www.destinationpet.com,3,Vet + boarding + grooming,info@destpet.com,,8648119795,9945254849; 17321715058,scraped
692,VIP Petcare,Veterinary / Pet Services,Affordable Vet,Windsor,CA,1000,$50M-$100M,Appointment scheduling AI,$5K-$15K,VP of Operations,www.vippetcare.com,3,Retail-based vet clinics,info@vippetcare.com,contact@vippetcare.com,18004277973,12066101535; 1771958891,pattern
693,Southern Veterinary Partners,Veterinary / Pet Services,General Vet,Birmingham,AL,5000,$500M-$1B,Pet records AI,$10K-$25K,Chief Technology Officer,www.southernvetpartners.com,4,SE focused; 400+ hospitals,info@southernvetpartners.com,contact@southernvetpartners.com,,,pattern
694,Heart + Paw,Veterinary / Pet Services,Full-Service Pet,Newtown Square,PA,1000,$50M-$100M,Customer engagement AI,$5K-$15K,CTO,www.heartandpaw.com,3,Vet + grooming + daycare,info@heartandpaw.com,contact@heartandpaw.com,1718205888,1772479826; 2022012003,pattern
695,PetSuites,Veterinary / Pet Services,Boarding/Daycare,Delaware,OH,500,$25M-$50M,Scheduling AI,$5K-$12K,Director of Operations,www.petsuites.com,2,NVA subsidiary,info@petsuites.com,contact@petsuites.com,1772480230,1772480231,pattern
696,Camp Bow Wow,Veterinary / Pet Services,Dog Daycare,Broomfield,CO,3000,$100M-$200M,Follow-up automation,$5K-$15K,VP of Technology,www.campbowwow.com,3,200+ franchise locations,example@domain.com,,0724147139,0791366906; 2603011907,scraped
697,Dogtopia,Veterinary / Pet Services,Dog Daycare,Phoenix,AZ,2500,$50M-$100M,Scheduling AI,$5K-$15K,Director of Technology,www.dogtopia.com,3,200+ franchise locations,support@dogtopia.com,8thave@dogtopia.com; ahwatukee@dogtopia.com; albuquerquewest@dogtopia.com,8192720419,11826359914; 8938762415,scraped
698,PetSmart (Vetco),Veterinary / Pet Services,Retail Vet,Phoenix,AZ,55000,$5B+,Appointment scheduling AI,$25K-$50K,Chief Technology Officer,www.petsmart.com,5,1650+ retail stores,info@petsmart.com,contact@petsmart.com,,,pattern
699,Petco,Veterinary / Pet Services,Retail/Vet,San Diego,CA,28000,$5B+,Pet health AI,$25K-$50K,CTO,www.petco.com,5,NASDAQ listed; 1500+ locations,info@petco.com,contact@petco.com,,,pattern
700,Fuzzy Pet Health,Veterinary / Pet Services,Telehealth Vet,San Francisco,CA,100,$10M-$25M,Virtual triage AI,$5K-$12K,Chief Technology Officer,www.fuzzy.com,3,Digital-first vet care,info@fuzzy.com,contact@fuzzy.com,,,pattern
701,Vetster,Veterinary / Pet Services,Vet Telehealth,Toronto,ON,100,$10M-$25M,Appointment scheduling AI,$5K-$12K,CTO,www.vetster.com,3,Online vet appointment platform,support@vetster.com,,1551831515,4862359289; +18446190123,scraped
702,Dutch Pet,Veterinary / Pet Services,Vet Telehealth,New York,NY,50,$5M-$10M,Follow-up automation AI,$5K-$10K,Director of Technology,www.dutch.com,2,DTC pet telehealth,care@dutch.com,u003ecare@dutch.com,4418720661,4815785515; 6685676673,scraped
703,Wisdom Panel (Mars),Veterinary / Pet Services,Pet Genetics,Portland,OR,200,$50M-$100M,Data analytics AI,$5K-$15K,VP of Technology,www.wisdompanel.com,3,Mars subsidiary; DNA testing,marketing@wisdompanel.com,info@wisdomhealth.com,855-619-1884,0000000031; 3559103156,scraped
704,Wag!,Veterinary / Pet Services,Pet Services Platform,San Francisco,CA,300,$50M-$100M,Matching AI,$5K-$15K,CTO,www.wag.com,3,Pet walking/sitting platform,info@wag.com,contact@wag.com,,,pattern
705,Rover,Veterinary / Pet Services,Pet Services Platform,Seattle,WA,500,$200M-$500M,Matching AI,$8K-$20K,Chief Technology Officer,www.rover.com,4,Pet care marketplace,info@rover.com,contact@rover.com,2918723211,2857982793; 10000296181,pattern
706,Bond Vet,Veterinary / Pet Services,Modern Vet,New York,NY,400,$25M-$50M,Appointment scheduling AI,$5K-$15K,CTO,www.bondvet.com,3,Urban vet clinics,info@bondvet.com,contact@bondvet.com,6453051802,1.8333333333; 2147483646,pattern
707,Modern Animal,Veterinary / Pet Services,Tech-Forward Vet,Los Angeles,CA,200,$10M-$25M,Pet health records AI,$5K-$15K,Chief Technology Officer,www.modernanimal.com,3,Tech-first vet clinics,hello@modernanimal.com,,7358258369,+1-866-505-8755; 8665058755,scraped
708,Rarebreed Veterinary Partners,Veterinary / Pet Services,General Vet,Fairfield,CT,2000,$100M-$200M,Follow-up automation AI,$8K-$20K,VP of Technology,www.rarebreedvet.com,3,Growing vet platform,info@rarebreedvet.com,contact@rarebreedvet.com,1772480233,17691015640; 1772480234,pattern
709,Community Veterinary Partners,Veterinary / Pet Services,General Vet,Boston,MA,1500,$100M-$200M,Appointment scheduling AI,$8K-$15K,Director of IT,www.communityvetpartners.com,3,Northeast focused,info@communityvetpartners.com,contact@communityvetpartners.com,,,pattern
710,Galaxy Vets,Veterinary / Pet Services,General Vet,West Palm Beach,FL,1000,$50M-$100M,Pet records AI,$5K-$15K,CTO,www.galaxyvets.com,3,Vet-led platform,info@galaxyvets.com,contact@galaxyvets.com,10299153206,8573664049; +15125605107,pattern
711,Mission Veterinary Partners,Veterinary / Pet Services,General Vet,Farmington Hills,MI,3000,$200M-$500M,Follow-up automation,$8K-$20K,Chief Technology Officer,www.missionvetpartners.com,4,Midwest focused; 300+ hospitals,info@missionvetpartners.com,contact@missionvetpartners.com,1772196142,1772126512; 1771860330,pattern
712,Lap of Love,Veterinary / Pet Services,End-of-Life Vet,Tampa,FL,300,$25M-$50M,Scheduling AI,$5K-$12K,Director of Technology,www.lapoflove.com,2,In-home hospice/euthanasia,info@lapoflove.com,contact@lapoflove.com,12960790139,8559335683; 7619047619,pattern
713,Bingle Vet Clinics,Veterinary / Pet Services,Franchise Vet,Houston,TX,200,$10M-$25M,Appointment scheduling AI,$5K-$12K,VP of Franchise,www.binglevetclinics.com,2,Franchise vet model,franchise@binglevet.com,,6885887279,1770840703; 3315956875,scraped
714,AZPetVet,Veterinary / Pet Services,General Vet,Phoenix,AZ,600,$25M-$50M,Pet health records AI,$5K-$12K,Director of Operations,www.azpetvet.com,2,Arizona vet network,info@azpetvet.com,contact@azpetvet.com,,,pattern
715,Compassion-First Pet Hospitals,Veterinary / Pet Services,Specialty Vet,Manchester,NH,2000,$200M-$500M,Follow-up automation,$8K-$20K,VP of Technology,www.compassionfirstpets.com,3,NVA/JAB backed,info@compassionfirstpets.com,contact@compassionfirstpets.com,3333333333,7333333333; 17545991332,pattern
716,Veterinary Emergency Group,Veterinary / Pet Services,Emergency Vet,White Plains,NY,2000,$100M-$200M,Patient triage AI,$8K-$20K,Chief Technology Officer,www.veterinaryemergencygroup.com,3,Fast-growing ER vet,info@veterinaryemergencygroup.com,contact@veterinaryemergencygroup.com,2545352419,2197735472; 1180020854,pattern
717,Cvet (Covetrus),Veterinary / Pet Services,Vet Tech/Distribution,Portland,ME,5000,$1B+,Practice management AI,$15K-$30K,CTO,www.covetrus.com,4,Vet tech platform,info@covetrus.com,contact@covetrus.com,,,pattern
718,IDEXX Laboratories,Veterinary / Pet Services,Vet Diagnostics,Westbrook,ME,11000,$1B+,Diagnostic AI,$20K-$40K,Chief Technology Officer,www.idexx.com,5,NASDAQ listed; vet diagnostics leader,info@idexx.com,contact@idexx.com,5568555555,128.0536029; 10000000000,pattern
719,Zoetis,Veterinary / Pet Services,Animal Health,Parsippany,NJ,13000,$5B+,Data analytics AI,$25K-$50K,VP of Digital,www.zoetis.com,5,NYSE listed; animal pharma leader,zoetismedia@zoetis.com,zoetiswebsite@zoetis.com,+1 973-822-7000,9647058823; 3607843137,scraped
720,Elanco Animal Health,Veterinary / Pet Services,Animal Health,Greenfield,IN,9000,$1B+,Data analytics AI,$15K-$30K,Chief Technology Officer,www.elanco.com,4,NYSE listed; animal health,info@elanco.com,contact@elanco.com,2857142857,385-0469626; 121987-9749,pattern
721,Heartland Dental,Dental (DSO),Large DSO,Effingham,IL,20000,$1B+,Patient scheduling AI,$25K-$50K,Chief Technology Officer,www.heartland.com,5,Largest DSO; 1800+ practices,heartlanddentalcareers@heartland.com,allaffiliationiptr@heartland.com; media@heartland.com,1771624002,17054305025; 16896193576,scraped
722,Aspen Dental (TAG),Dental (DSO),Large DSO,Chicago,IL,18000,$1B+,Treatment plan AI,$25K-$50K,CTO,www.aspendental.com,5,1100+ practices; 45 states,info@aspendental.com,contact@aspendental.com,,,pattern
723,PDS Health,Dental (DSO),Large DSO,Irvine,CA,15000,$1B+,Billing automation AI,$20K-$40K,Chief Technology Officer,www.pdshealth.com,5,1000+ practices; 24 states,example@pacificdentalservices.com,,1-714-845-8500,17587486612; 7842899024,scraped
724,MB2 Dental,Dental (DSO),Partnership DSO,Dallas,TX,5000,$500M-$1B,Patient scheduling AI,$15K-$30K,VP of Technology,www.mb2dental.com,4,750+ practices; 35+ states,info@mb2dental.com,pr@mb2dental.com,(972) 869-3789,1768320298; 1772479977,pattern
725,Sonrava Health,Dental (DSO),Large DSO,San Clemente,CA,7000,$500M-$1B,Billing automation,$15K-$30K,CTO,www.sonravahealth.com,4,600 offices; Western Dental,user@domain.com,,6822449027,17470762402; 3141925352,scraped
726,Smile Doctors,Dental (DSO),Orthodontic DSO,Memphis,TN,5000,$200M-$500M,Treatment plan AI,$10K-$25K,Chief Technology Officer,www.smiledoctors.com,4,550+ practices; ortho focus,info@smiledoctors.com,contact@smiledoctors.com,035312-1003,1534889194; 3542825305,pattern
727,Dental Care Alliance,Dental (DSO),Large DSO,Sarasota,FL,5000,$500M-$1B,Patient engagement AI,$15K-$25K,VP of Technology,www.dentalcarealliance.com,4,360+ practices; 21 states,info@dentalcarealliance.com,contact@dentalcarealliance.com,1772205338,1.0461538461; 1759947515,pattern
728,Benevis,Dental (DSO),Pediatric DSO,Atlanta,GA,4000,$200M-$500M,Billing automation AI,$10K-$20K,Director of IT,www.benevis.com,3,Pediatric/Medicaid focus,info@benevis.com,contact@benevis.com,1772032338,16772452373; 16389212861,pattern
729,American Dental Partners,Dental (DSO),Large DSO,Wakefield,MA,3000,$200M-$500M,Scheduling AI,$10K-$20K,CTO,www.amdpi.com,3,Multi-state DSO,info@amdpi.com,contact@amdpi.com,,,pattern
730,Smile Brands,Dental (DSO),Large DSO,Irvine,CA,8000,$500M-$1B,Patient scheduling AI,$15K-$30K,Chief Technology Officer,www.smilebrands.com,4,600+ offices,info@smilebrands.com,contact@smilebrands.com,1730307346,2964016857; 5399995114,pattern
731,ClearChoice Dental,Dental (DSO),Implant Centers,Greenwood Village,CO,3000,$200M-$500M,Treatment plan AI,$10K-$25K,VP of Technology,www.clearchoice.com,4,TAG subsidiary; implant focus,info@clearchoice.com,contact@clearchoice.com,,,pattern
732,Pacific Dental Services,Dental (DSO),Partnership DSO,Irvine,CA,15000,$1B+,Clinical AI tools,$20K-$40K,CTO,www.pacificdentalservices.com,5,1000+ offices; dental innovation,info@pacificdentalservices.com,contact@pacificdentalservices.com,,,pattern
733,Affordable Care (Affordable Dentures),Dental (DSO),Value DSO,Kinston,NC,3000,$200M-$500M,Billing automation AI,$8K-$20K,Director of Technology,www.affordabledentures.com,3,250+ locations; denture focus,communications@affordablecare.com,,5399370213,5035892226; 18003368873,scraped
734,Great Expressions Dental,Dental (DSO),Mid-Size DSO,Southfield,MI,2500,$200M-$500M,Patient engagement AI,$8K-$20K,VP of IT,www.greatexpressions.com,3,300+ offices; 10 states,info@greatexpressions.com,contact@greatexpressions.com,1762399575,1751990091; (999) 999-9999,pattern
735,Mortenson Dental Partners,Dental (DSO),Mid-Size DSO,Louisville,KY,1500,$100M-$200M,Scheduling AI,$8K-$15K,Director of Technology,www.mortensondentalpartners.com,3,100+ locations,info@mortensondentalpartners.com,contact@mortensondentalpartners.com,1772480261,1772480262; 1772480263,pattern
736,Specialty Dental Brands,Dental (DSO),Specialty DSO,Nashville,TN,1000,$50M-$100M,Treatment plan AI,$5K-$15K,CTO,www.specialtydentalbrands.com,3,Specialty focus; growing,info@specialtydentalbrands.com,contact@specialtydentalbrands.com,9939199440,6156780757; 16922162286,pattern
737,D4C Dental Brands,Dental (DSO),Pediatric DSO,Dallas,TX,2000,$100M-$200M,Patient scheduling AI,$8K-$20K,VP of Technology,www.d4cdentalbrands.com,3,Pediatric/ortho focus,deb.packard@d4c.com,,0000000029,0466929254; 17252946067,scraped
738,Sage Dental,Dental (DSO),Regional DSO,Boca Raton,FL,2000,$100M-$200M,Billing automation AI,$8K-$15K,Director of IT,www.sagedental.com,3,FL/GA focused,info@sagedental.com,,122.6674599,+1 604-706-8233; 1771965387,pattern
739,Dental One Associates,Dental (DSO),Mid-Size DSO,Dallas,TX,1500,$100M-$200M,Patient engagement AI,$8K-$15K,CTO,www.dentaloneassociates.com,3,Southwest focused,info@dentaloneassociates.com,contact@dentaloneassociates.com,,,pattern
740,42 North Dental,Dental (DSO),Regional DSO,Waltham,MA,1000,$50M-$100M,Scheduling AI,$5K-$15K,Director of Technology,www.42northdental.com,3,New England focused,info@42northdental.com,contact@42northdental.com,15368699762,15373917220; 16778603652,pattern
741,Perfect Teeth,Dental (DSO),Regional DSO,Denver,CO,1500,$50M-$100M,Patient scheduling AI,$5K-$15K,VP of Operations,www.perfectteeth.com,2,Colorado/NM focused,info@perfectteeth.com,contact@perfectteeth.com,8338931848,(331) 724-7401; (335) 724-7401,pattern
742,Tend,Dental (DSO),Modern Dental,New York,NY,800,$50M-$100M,Patient experience AI,$8K-$20K,Chief Technology Officer,www.hellotend.com,3,Tech-forward dental startup,hello@hellotend.com,,212-686-3686,1772480263; 1138602822,scraped
743,Risas Dental,Dental (DSO),Value DSO,Phoenix,AZ,1000,$50M-$100M,Bilingual scheduling AI,$5K-$15K,Director of IT,www.risasdental.com,3,Hispanic community focus,info@risasdental.com,contact@risasdental.com,+18446515280,1772209065; 1772209066,pattern
744,Rodeo Dental,Dental (DSO),Community DSO,Fort Worth,TX,800,$25M-$50M,Patient engagement AI,$5K-$12K,Director of Technology,www.rodeodental.com,2,Texas community focused,info@rodeodental.com,contact@rodeodental.com,1.7777777778,112.1331712; 8958065844,pattern
745,Coast Dental,Dental (DSO),Regional DSO,Tampa,FL,2000,$100M-$200M,Billing automation,$8K-$15K,VP of IT,www.coastdental.com,3,Florida focused,howie.taylor@coastdental.com,,(877) 880-1212,1778067340; +1-877-880-1212,scraped
746,Brident Dental,Dental (DSO),Value DSO,Houston,TX,1500,$100M-$200M,Scheduling AI,$5K-$15K,Director of Operations,www.brident.com,3,Texas/CA focused,corporate@brident.com,recruiting@brident.com,1772464726,8558344451; 1008 113 1369,scraped
747,Lightwave Dental,Dental (DSO),Partnership DSO,Minneapolis,MN,500,$25M-$50M,Patient records AI,$5K-$12K,CTO,www.lightwavepartners.com,2,Doctor-led partnership model,info@lightwavepartners.com,contact@lightwavepartners.com,,,pattern
748,DecisionOne Dental Partners,Dental (DSO),Partnership DSO,Dallas,TX,800,$25M-$50M,Treatment plan AI,$5K-$15K,VP of Technology,www.decisiononedental.com,2,TX focused partnership,info@decisiononedental.com,contact@decisiononedental.com,1927296-4851,2545352419; 3940957316,pattern
749,Marquee Dental Partners,Dental (DSO),Partnership DSO,Nashville,TN,600,$25M-$50M,Scheduling AI,$5K-$12K,Director of IT,www.marqueedental.com,2,SE partnership model,nfo@marqueedental.com,info@marqueedental.com,1.4444444444,8333333333; 1.1111111111,scraped
750,North American Dental Group,Dental (DSO),Mid-Size DSO,Pittsburgh,PA,2000,$100M-$200M,Patient engagement AI,$8K-$20K,Chief Technology Officer,www.nadentalgroup.com,3,14 states; 250+ locations,reisa@nadentalgroup.com,jbourdeau@adcetera.com,6692392641,021323-1457; 1672172269,scraped
751,Dental365,Dental (DSO),Regional DSO,Garden City,NY,1000,$50M-$100M,Scheduling AI,$5K-$15K,Director of Technology,www.dental365.com,3,NY/NJ/CT focused,info@dental365.com,contact@dental365.com,,,pattern
752,Jefferson Dental,Dental (DSO),Regional DSO,Dallas,TX,1500,$50M-$100M,Billing automation AI,$5K-$15K,VP of IT,www.jeffersondental.com,2,Texas focused; 70+ offices,info@jeffersondental.com,contact@jeffersondental.com,1763056129,9999999999; 1763056132,pattern
753,Corus Orthodontists,Dental (DSO),Ortho DSO,Toronto,ON,800,$50M-$100M,Treatment plan AI,$5K-$15K,CTO,www.corusortho.com,3,US + Canada ortho network,info@corusortho.com,contact@corusortho.com,3333333333,6666666667; 1.6666666667,pattern
754,OrthoSynetics,Dental (DSO),Ortho Management,Metairie,LA,500,$25M-$50M,Practice management AI,$5K-$12K,Director of Technology,www.orthosynetics.com,2,Orthodontic practice management,info@orthosynetics.com,contact@orthosynetics.com,,,pattern
755,Kool Smiles (Benevis),Dental (DSO),Pediatric DSO,Atlanta,GA,2000,$100M-$200M,Scheduling AI,$5K-$15K,VP of Operations,www.mykoolsmiles.com,3,Benevis brand; pediatric,info@mykoolsmiles.com,contact@mykoolsmiles.com,1764189811,1772121088; 877-200-2064,pattern
756,Imagen Dental Partners,Dental (DSO),Partnership DSO,Scottsdale,AZ,400,$10M-$25M,Patient records AI,$5K-$12K,Director of IT,www.imagendentalpartners.com,2,AZ partnership model,info@imagendentalpartners.com,,1772479759,1771592414; 1771592415,pattern
757,My Community Dental Centers,Dental (DSO),Nonprofit DSO,Farwell,MI,500,$25M-$50M,Scheduling AI,$5K-$10K,Director of Technology,www.mydental.org,2,Michigan nonprofit dental,info@mydental.org,contact@mydental.org,1755100070,1772469784; 1772469785,pattern
758,Smilebuilderz,Dental (DSO),Regional Practice,Lancaster,PA,100,$10M-$25M,Patient engagement AI,$5K-$10K,Practice Manager,www.smilebuilderz.com,2,PA multi-location practice,info@smilebuilderz.com,contact@smilebuilderz.com,1770126414,1772480267; 1771279462,pattern
759,Gentle Dental,Dental (DSO),Regional DSO,San Dimas,CA,2000,$100M-$200M,Scheduling AI,$8K-$15K,VP of Technology,www.gentledental.com,3,West Coast focused,jobs@gentledental.com,feedback@42northdental.com; practiceaffiliations@42northdental.com,1057982098,(781) 647-0772; (781) 895-9995,scraped
760,Refresh Dental,Dental (DSO),Regional DSO,Pittsburgh,PA,800,$25M-$50M,Patient scheduling AI,$5K-$12K,Director of IT,www.refreshdental.com,2,PA/OH focused,info@refreshdental.com,contact@refreshdental.com,,,pattern
761,Home Instead,Senior Care / Home Health,In-Home Care,Omaha,NE,100000,$1B+,Caregiver scheduling AI,$20K-$40K,Chief Technology Officer,www.homeinstead.com,5,1200+ franchises; largest senior care,info@homeinstead.com,contact@homeinstead.com,,,pattern
762,Visiting Angels,Senior Care / Home Health,In-Home Care,Bryn Mawr,PA,25000,$200M-$500M,Patient monitoring AI,$10K-$25K,VP of Technology,www.visitingangels.com,4,578 franchise units,customersupport@visitingangels.com,,(800) 365-4189,,scraped
763,Right at Home,Senior Care / Home Health,In-Home Care,Omaha,NE,20000,$200M-$500M,Caregiver scheduling AI,$10K-$25K,Director of Technology,www.rightathome.net,4,734 total locations,info@rightathome.net,contact@rightathome.net,6390807706,(877) 697-7537; 11710587091,pattern
764,Comfort Keepers,Senior Care / Home Health,In-Home Care,Irvine,CA,15000,$200M-$500M,Patient monitoring AI,$10K-$25K,CTO,www.comfortkeepers.com,4,625+ franchise locations,info@comfortkeepers.com,contact@comfortkeepers.com,18669592969,+18003872415; 1727810610,pattern
765,BrightStar Care,Senior Care / Home Health,Medical Home Care,Chicago,IL,10000,$200M-$500M,Compliance automation AI,$10K-$25K,Chief Technology Officer,www.brightstarcare.com,4,342 franchise units,info@brightstarcare.com,contact@brightstarcare.com,866.618.7827,1029340228; 1-866-618-7827,pattern
766,Senior Helpers,Senior Care / Home Health,In-Home Care,Towson,MD,8000,$100M-$200M,Caregiver scheduling AI,$8K-$20K,VP of Technology,www.seniorhelpers.com,3,350+ locations,email@email.com,,(800) 760-6389,+1(800) 760-6389; 1772480268,scraped
767,Interim HealthCare,Senior Care / Home Health,Home Health,Sunrise,FL,40000,$1B+,Patient monitoring AI,$15K-$30K,CTO,www.interimhealthcare.com,5,Caring Brands; 50+ year history,wehearyou@interimhealthcare.com,,1772480269,1132722000; 1098314182,scraped
768,Kindred at Home (Humana),Senior Care / Home Health,Home Health,Louisville,KY,43000,$5B+,Care coordination AI,$25K-$50K,Chief Technology Officer,www.kindredathome.com,5,Humana subsidiary; largest home health,info@kindredathome.com,contact@kindredathome.com,,,pattern
769,Amedisys,Senior Care / Home Health,Home Health/Hospice,Baton Rouge,LA,21000,$1B+,Patient monitoring AI,$20K-$40K,CTO,www.amedisys.com,5,NASDAQ listed; home health leader,info@amedisys.com,contact@amedisys.com,(225) 292-2031,,pattern
770,LHC Group (UnitedHealth),Senior Care / Home Health,Home Health,Lafayette,LA,30000,$1B+,Compliance automation AI,$20K-$40K,VP of Technology,www.lhcgroup.com,5,UnitedHealth subsidiary,info@lhcgroup.com,contact@lhcgroup.com,1568788855,1631910394; 1770074647,pattern
771,Encompass Health,Senior Care / Home Health,Home Health/Rehab,Birmingham,AL,50000,$5B+,Care coordination AI,$25K-$50K,Chief Technology Officer,www.encompasshealth.com,5,NYSE listed; rehab + home health,voe@encompasshealth.com,employee.benefits@encompasshealth.com; media@encompasshealth.com; u003evoe@encompasshealth.com,844-3867600,175.176.2030; 0000007735,scraped
772,AccordantHealth (CVS),Senior Care / Home Health,Home Health,Greensboro,NC,1000,$100M-$200M,Patient monitoring AI,$8K-$20K,Director of Technology,www.accordant.com,3,CVS specialty pharmacy,info@accordant.com,contact@accordant.com,1772480274,1190822834; 1-800-948-2497,pattern
773,Addus HomeCare,Senior Care / Home Health,Home Care,Frisco,TX,35000,$1B+,Caregiver scheduling AI,$15K-$30K,CTO,www.addus.com,4,NASDAQ listed; multi-service,info1@addus.com,,3469296636,8882338746; 16987775346,scraped
774,Almost Family (LHC),Senior Care / Home Health,Home Health,Louisville,KY,8000,$500M-$1B,Compliance automation AI,$10K-$25K,VP of Technology,www.almostfamily.com,3,Now part of LHC Group,info@almostfamily.com,contact@almostfamily.com,,,pattern
775,Bayada Home Health Care,Senior Care / Home Health,Home Health,Moorestown,NJ,26000,$1B+,Caregiver scheduling AI,$15K-$30K,Chief Technology Officer,www.bayada.com,5,360+ offices; nonprofit,info@bayada.com,contact@bayada.com,2270321461,1771400587; 0381774552,pattern
776,Elara Caring,Senior Care / Home Health,Home Health,Dallas,TX,30000,$1B+,Patient monitoring AI,$15K-$30K,CTO,www.elara.com,4,Merger of Great Elm + National HPC,info@elara.com,zhausauer@elara.com; communications@elara.com; webinars@elara.com,1407245290,1400932923; 1397342869,pattern
777,Aveanna Healthcare,Senior Care / Home Health,Home Health/Pediatric,Atlanta,GA,32000,$1B+,Compliance automation AI,$15K-$30K,VP of Technology,www.aveanna.com,4,NASDAQ listed; pediatric focus,compliance@aveanna.com,,1713800569,1771340609; 1755032250,scraped
778,ComForCare Home Care,Senior Care / Home Health,In-Home Care,Bloomfield Hills,MI,5000,$50M-$100M,Caregiver scheduling AI,$5K-$15K,Director of IT,www.comforcare.com,3,212 franchise units,info@comforcare.com,contact@comforcare.com,,,pattern
779,FirstLight Home Care,Senior Care / Home Health,In-Home Care,Cincinnati,OH,4000,$50M-$100M,Patient monitoring AI,$5K-$15K,VP of Technology,www.firstlighthomecare.com,3,189 locations,info@firstlighthomecare.com,contact@firstlighthomecare.com,2613967441,+18669854031; (866) 985-4031,pattern
780,Griswold Home Care,Senior Care / Home Health,In-Home Care,Blue Bell,PA,3000,$50M-$100M,Caregiver scheduling AI,$5K-$15K,Director of Technology,www.griswoldhomecare.com,3,180 locations; since 1982,info@griswoldhomecare.com,contact@griswoldhomecare.com,1.7777777777,3092479991; 17363653047,pattern
781,HomeWell Care Services,Senior Care / Home Health,In-Home Care,Burkburnett,TX,2000,$25M-$50M,Scheduling AI,$5K-$12K,VP of Operations,www.homewellcares.com,2,145 units,info@homewellcares.com,contact@homewellcares.com,1772480276,1772480277,pattern
782,Amada Senior Care,Senior Care / Home Health,In-Home Care,San Clemente,CA,2500,$25M-$50M,Patient monitoring AI,$5K-$15K,Director of Technology,www.amadaseniorcare.com,3,150+ locations,info@amadaseniorcare.com,contact@amadaseniorcare.com,8667521961,17392999407; 1772228717,pattern
783,Assisting Hands,Senior Care / Home Health,In-Home Care,Des Plaines,IL,3000,$50M-$100M,Caregiver scheduling AI,$5K-$15K,VP of Technology,www.assistinghands.com,3,200 franchise units,info@assistinghands.com,contact@assistinghands.com,1-866-924-2442,367346-8525; 17372208292,pattern
784,Homewatch CareGivers,Senior Care / Home Health,In-Home Care,Denver,CO,4500,$50M-$100M,Compliance automation AI,$5K-$15K,Director of IT,www.homewatchcaregivers.com,3,30+ states; 7 countries,info@homewatchcaregivers.com,contact@homewatchcaregivers.com,,,pattern
785,SYNERGY HomeCare,Senior Care / Home Health,In-Home Care,Gilbert,AZ,3000,$50M-$100M,Caregiver scheduling AI,$5K-$15K,VP of Technology,www.synergyhomecare.com,3,200+ franchise locations,sem@synergyhomecare.com,,111.7939547,8774322692; +18774322692,scraped
786,Home Helpers Home Care,Senior Care / Home Health,In-Home Care,Cincinnati,OH,3000,$50M-$100M,Patient monitoring AI,$5K-$15K,Director of Technology,www.homehelpershomecare.com,3,300+ territories,info@homehelpershomecare.com,contact@homehelpershomecare.com,1766076094,1726860699; 1714824130,pattern
787,Always Best Care,Senior Care / Home Health,In-Home Care,Roseville,CA,2000,$25M-$50M,Compliance automation AI,$5K-$12K,VP of Operations,www.alwaysbestcare.com,2,200+ franchise locations,info@alwaysbestcare.com,contact@alwaysbestcare.com,2589520823,8554702273; 8690888293,pattern
788,CarePatrol,Senior Care / Home Health,Senior Placement,Gilbert,AZ,500,$25M-$50M,Matching AI,$5K-$12K,CTO,www.carepatrol.com,3,Franchise placement service,info@carepatrol.com,contact@carepatrol.com,2488678861,1165981601; 2835632886,pattern
789,Enhabit Home Health & Hospice,Senior Care / Home Health,Home Health,Dallas,TX,10000,$1B+,Care coordination AI,$15K-$30K,Chief Technology Officer,www.ehab.com,4,NYSE listed; spin-off from Encompass,info@ehab.com,contactus@ehab.com,1772480280,+1 (877) 330-7657; 1772480281,pattern
790,Angels of Care Pediatric Home Health,Senior Care / Home Health,Pediatric Home Health,Bedford,TX,2000,$50M-$100M,Caregiver scheduling AI,$5K-$15K,Director of IT,www.angelsofcare.com,3,Texas-based pediatric,info@angelsofcare.com,contact@angelsofcare.com,8554526435,5321962735; 1772479689,pattern
791,ProMedica Senior Care,Senior Care / Home Health,Senior Living,Toledo,OH,15000,$1B+,Patient monitoring AI,$15K-$30K,VP of Technology,www.promedica.org,4,Non-profit; multi-service,info@promedica.org,contact@promedica.org,107295-1494,13721144057; 4585059825,pattern
792,Sunrise Senior Living,Senior Care / Home Health,Assisted Living,McLean,VA,30000,$1B+,Resident monitoring AI,$15K-$30K,Chief Technology Officer,www.sunriseseniorliving.com,4,320+ communities,info@sunriseseniorliving.com,contact@sunriseseniorliving.com,+1-703-854-0050,888-434-4648; 1852422397,pattern
793,Brookdale Senior Living,Senior Care / Home Health,Senior Living,Brentwood,TN,42000,$1B+,Caregiver scheduling AI,$20K-$40K,CTO,www.brookdale.com,5,NYSE listed; largest senior living,info@brookdale.com,contact@brookdale.com,0000000027,842.672 1226; 877-384-8989,pattern
794,Five Star Senior Living,Senior Care / Home Health,Senior Living,Newton,MA,16000,$500M-$1B,Resident monitoring AI,$10K-$25K,VP of Technology,www.fivestarseniorliving.com,3,250+ communities,info@fivestarseniorliving.com,contact@fivestarseniorliving.com,,,pattern
795,Atria Senior Living,Senior Care / Home Health,Senior Living,Louisville,KY,12000,$1B+,Patient monitoring AI,$15K-$25K,Chief Technology Officer,www.atriaseniorliving.com,4,200+ communities,customerservice@atriaseniorliving.com,accessibility@atriaseniorliving.com; hrhelpdesk@atriaseniorliving.com; media_inquiries@atriaseniorliving.com,0000000032,+1-502-779-4700; 14929011715,scraped
796,Life Care Centers of America,Senior Care / Home Health,Skilled Nursing,Cleveland,TN,25000,$1B+,Compliance automation AI,$15K-$30K,CTO,www.lcca.com,4,200+ facilities,info@lcca.com,contact@lcca.com,1-423-472-9585,(423) 472-9585,pattern
797,The Ensign Group,Senior Care / Home Health,Skilled Nursing,San Juan Capistrano,CA,40000,$1B+,Care coordination AI,$15K-$30K,VP of Technology,www.ensigngroup.net,4,NASDAQ listed; 275+ facilities,info@ensigngroup.net,contact@ensigngroup.net,8144273073,1771575704; 1772354668,pattern
798,National HealthCare Corp,Senior Care / Home Health,Long-Term Care,Murfreesboro,TN,12000,$1B+,Patient monitoring AI,$10K-$25K,Director of IT,www.nhccare.com,3,70+ facilities,info@nhccare.com,contact@nhccare.com,1767977682,1075447102; 1468623041,pattern
799,Sabra Health Care REIT,Senior Care / Home Health,Healthcare REIT,Irvine,CA,100,$500M-$1B,Portfolio analytics AI,$10K-$20K,VP of Technology,www.sabrahealth.com,3,NASDAQ listed; senior care REIT,888.393.8248investorrelations@sabrahealth.com,investorrelations@sabrahealth.com; assetmanagement@sabrahealth.com; acquisitions@sabrahealth.com,888.393.8248,888.845.0819; 800.937.5449,scraped
800,CareFinders Total Care,Senior Care / Home Health,Home Care,Clark,NJ,200,$10M-$25M,Caregiver scheduling AI,$5K-$10K,Director of Operations,www.carefindersinc.com,2,NJ home care provider,info@carefindersinc.com,contact@carefindersinc.com,,,pattern
801,Moneta Group,Financial Advisory / Wealth Management,RIA,St. Louis,MO,600,$200M-$500M,Portfolio reporting AI,$15K-$30K,Chief Technology Officer,www.monetagroup.com,4,#1 fee-only RIA; $42.8B AUM,info@monetagroup.com,contact@monetagroup.com,6666666667,3333333333; 1.3333333333,pattern
802,EP Wealth Advisors,Financial Advisory / Wealth Management,RIA,Torrance,CA,500,$100M-$200M,Client communication AI,$10K-$25K,CTO,www.epwealth.com,4,$35.6B AUM,info@epwealth.com,contact@epwealth.com,10580508650,17722336953; 10580888430,pattern
803,Savant Wealth Management,Financial Advisory / Wealth Management,RIA,Rockford,IL,300,$100M-$200M,Compliance AI,$10K-$20K,Director of Technology,www.savantwealth.com,3,$29.6B AUM,info@savantwealth.com,contact@savantwealth.com,16139746388,1694812557; 1-866-489-0500,pattern
804,Homrich Berg,Financial Advisory / Wealth Management,RIA,Atlanta,GA,200,$50M-$100M,Portfolio reporting AI,$8K-$20K,VP of Technology,www.homrichberg.com,3,$18.6B AUM,info@homrichberg.com,contact@homrichberg.com,4042641400,10866164731; 17678818694,pattern
805,Mercer Advisors,Financial Advisory / Wealth Management,RIA,Denver,CO,1200,$200M-$500M,Client onboarding AI,$10K-$25K,Chief Technology Officer,www.merceradvisors.com,4,Top 5 RIA; $50B+ AUM,info@merceradvisors.com,contact@merceradvisors.com,1697161741,888.920.1320; 1772451628,pattern
806,Creative Planning,Financial Advisory / Wealth Management,RIA,Overland Park,KS,2000,$500M-$1B,Portfolio analytics AI,$15K-$30K,CTO,www.creativeplanning.com,5,Peter Mallouk; $300B+ AUM,info@creativeplanning.com,,2147483647,1679336597; 1768009004,pattern
807,Fisher Investments,Financial Advisory / Wealth Management,RIA,Camas,WA,5000,$1B+,Client communication AI,$20K-$40K,Chief Technology Officer,www.fisherinvestments.com,5,$200B+ AUM,info@fisherinvestments.com,contact@fisherinvestments.com,6390807708,1-888-823-9566; 800 144 4731,pattern
808,Edelman Financial Engines,Financial Advisory / Wealth Management,RIA,Santa Clara,CA,3000,$1B+,Portfolio reporting AI,$15K-$30K,CTO,www.edelmanfinancialengines.com,5,Largest RIA by advisors,info@edelmanfinancialengines.com,contact@edelmanfinancialengines.com,7842899024,+18337526333; 1036165845,pattern
809,Hightower Advisors,Financial Advisory / Wealth Management,RIA Network,Chicago,IL,1200,$200M-$500M,Compliance AI,$10K-$25K,VP of Technology,www.hightoweradvisors.com,4,$130B+ AUM,info@hightoweradvisors.com,contact@hightoweradvisors.com,3129623800,9172862717,pattern
810,Mariner Wealth Advisors,Financial Advisory / Wealth Management,RIA,Overland Park,KS,1500,$200M-$500M,Client onboarding AI,$10K-$25K,Chief Technology Officer,www.marinerwealthadvisors.com,4,$100B+ AUM,info@marinerwealthadvisors.com,contact@marinerwealthadvisors.com,1376384029,9999999999; 1666972114,pattern
811,Beacon Pointe Advisors,Financial Advisory / Wealth Management,RIA,Newport Beach,CA,300,$50M-$100M,Portfolio reporting AI,$8K-$20K,Director of IT,www.beaconpointe.com,3,$30B+ AUM,info@beaconpointe.com,contact@beaconpointe.com,(949) 718-1600,17277350629; 17277351319,pattern
812,Buckingham Strategic Wealth,Financial Advisory / Wealth Management,RIA,St. Louis,MO,200,$50M-$100M,Compliance AI,$8K-$15K,CTO,www.buckinghamstrategicwealth.com,3,Evidence-based investing,info@buckinghamstrategicwealth.com,contact@buckinghamstrategicwealth.com,1736363829,1728406703; 1733411400,pattern
813,Carson Group,Financial Advisory / Wealth Management,RIA Network,Omaha,NE,500,$100M-$200M,Client communication AI,$10K-$20K,Chief Technology Officer,www.carsongroup.com,4,Ron Carson; advisor platform,info@carsongroup.com,contact@carsongroup.com,0000000030,1069987169; 1.7703805701,pattern
814,Captrust Financial Advisors,Financial Advisory / Wealth Management,RIA,Raleigh,NC,1000,$200M-$500M,Portfolio analytics AI,$10K-$25K,VP of Technology,www.captrust.com,4,$800B+ AUM; retirement focus,info@captrust.com,contact@captrust.com,1769003880,1772326572; 2829598441,pattern
815,Raymond James,Financial Advisory / Wealth Management,Broker-Dealer,St. Petersburg,FL,15000,$10B+,Client engagement AI,$25K-$50K,Chief Technology Officer,www.raymondjames.com,5,NYSE listed; $1.4T AUM,info@raymondjames.com,contact@raymondjames.com,,,pattern
816,Edward Jones,Financial Advisory / Wealth Management,Broker-Dealer,St. Louis,MO,52000,$10B+,Client communication AI,$30K-$50K,CTO,www.edwardjones.com,5,15K+ advisors; $1.9T AUA,info@edwardjones.com,contact@edwardjones.com,1-855-443-9883,2096494657; 2220418831,pattern
817,Stifel Financial,Financial Advisory / Wealth Management,Broker-Dealer,St. Louis,MO,8500,$1B+,Portfolio reporting AI,$15K-$30K,VP of Technology,www.stifel.com,4,NYSE listed,info@stifel.com,contact@stifel.com,,,pattern
818,Baird,Financial Advisory / Wealth Management,Broker-Dealer,Milwaukee,WI,4500,$1B+,Client engagement AI,$15K-$30K,Chief Technology Officer,www.bairdwealth.com,4,Employee-owned,info@rwbaird.com,,,,scraped
819,LPL Financial,Financial Advisory / Wealth Management,Independent BD,San Diego,CA,6000,$5B+,Advisor productivity AI,$25K-$50K,CTO,www.lpl.com,5,#1 independent BD; 32K advisors,info@lpl.com,contact@lpl.com,,,pattern
820,Cetera Financial Group,Financial Advisory / Wealth Management,Network BD,Dallas,TX,2000,$500M-$1B,Compliance AI,$10K-$25K,Chief Technology Officer,www.cetera.com,4,8000+ advisors,info@cetera.com,contact@cetera.com,1834949376,1781883945; 4144709335,pattern
821,Wealthfront,Financial Advisory / Wealth Management,Robo-Advisor,Palo Alto,CA,500,$100M-$200M,Portfolio optimization AI,$10K-$20K,CTO,www.wealthfront.com,4,UBS subsidiary; $70B+ AUM,info@wealthfront.com,contact@wealthfront.com,3359790771,4220457006; 3922259980,pattern
822,Betterment,Financial Advisory / Wealth Management,Robo-Advisor,New York,NY,400,$100M-$200M,Tax optimization AI,$10K-$20K,Chief Technology Officer,www.betterment.com,4,Digital wealth management,info@betterment.com,contact@betterment.com,4966707600,17722057099; 5414085557,pattern
823,Personal Capital (Empower),Financial Advisory / Wealth Management,Digital Wealth,San Carlos,CA,1000,$200M-$500M,Portfolio analytics AI,$10K-$25K,CTO,www.personalcapital.com,4,Empower subsidiary,info@personalcapital.com,contact@personalcapital.com,2575881071,702800-0226; 1268513282,pattern
824,Focus Financial Partners,Financial Advisory / Wealth Management,RIA Platform,New York,NY,5000,$1B+,Client onboarding AI,$15K-$30K,Chief Technology Officer,www.focusfinancialpartners.com,5,NASDAQ listed; $400B+ AUM,pro-focusfinancial@prosek.com,debt-ir@focuspartners.com; careers@focuspartners.com; info@focuspartners.com,1754512780,1764619071; 1080298967,scraped
825,Pathstone,Financial Advisory / Wealth Management,Multi-Family Office,Englewood,NJ,300,$50M-$100M,Portfolio reporting AI,$8K-$20K,VP of Technology,www.pathstone.com,3,$30B+ AUM,info@pathstone.com,contact@pathstone.com,,,pattern
826,Sanctuary Wealth,Financial Advisory / Wealth Management,RIA Network,Indianapolis,IN,200,$25M-$50M,Client communication AI,$5K-$15K,Director of Technology,www.sanctuarywealth.com,3,Growing RIA network,info@sanctuarywealth.com,contact@sanctuarywealth.com,1766067905,1772139038; 1705531604,pattern
827,Dynasty Financial Partners,Financial Advisory / Wealth Management,RIA Platform,New York,NY,200,$50M-$100M,Compliance AI,$8K-$20K,CTO,www.dynastyfinancialpartners.com,3,RIA infrastructure platform,info@dynastyfinancialpartners.com,contact@dynastyfinancialpartners.com,1772480308,1772480309; 1772480311,pattern
828,Steward Partners,Financial Advisory / Wealth Management,RIA,Washington,DC,100,$25M-$50M,Portfolio analytics AI,$5K-$15K,Director of IT,www.stewardpartners.com,3,Raymond James partnership,stewardpartners@stewardpartners.com,emily.arvia@broadridge.com,10000282937,1-844-645-1505; (866) 694-7769,scraped
829,Cresset Capital,Financial Advisory / Wealth Management,Multi-Family Office,Chicago,IL,200,$50M-$100M,Portfolio reporting AI,$8K-$20K,Chief Technology Officer,www.cressetcapital.com,3,$50B+ AUM,info@cressetcapital.com,contact@cressetcapital.com,1772034984,1772137386; 1772137387,pattern
830,Corient (CI Financial),Financial Advisory / Wealth Management,RIA Platform,Miami,FL,1500,$200M-$500M,Client onboarding AI,$10K-$25K,CTO,www.corient.com,4,CI Financial US wealth,info@corient.com,contact@corient.com,1770311273,7842899024; 1505326701,pattern
831,Perigon Wealth,Financial Advisory / Wealth Management,RIA,San Francisco,CA,100,$25M-$50M,Compliance AI,$5K-$15K,VP of Technology,www.perigonwealth.com,3,Top ranked RIA,info@perigonwealth.com,contact@perigonwealth.com,1999999999,1-877-977-2555; (999) 999-9999,pattern
832,GHPIA,Financial Advisory / Wealth Management,RIA,Greenwich,CT,50,$10M-$25M,Portfolio reporting AI,$5K-$12K,Director of Operations,www.ghpia.com,2,CT-based wealth management,info@ghpia.com,contact@ghpia.com,303-831-5051,10801099497; 2979553289,pattern
833,Plancorp,Financial Advisory / Wealth Management,RIA,St. Louis,MO,100,$25M-$50M,Client communication AI,$5K-$15K,Director of IT,www.plancorp.com,3,Buckingham affiliate,info@plancorp.com,contact@plancorp.com,,,pattern
834,Sequoia Financial Group,Financial Advisory / Wealth Management,RIA,Akron,OH,300,$50M-$100M,Compliance AI,$8K-$15K,CTO,www.sequoia-financial.com,3,Growing RIA; Midwest,info@sequoia-financial.com,,1697754550,6271864914; (330) 375-9480,pattern
835,Bleakley Financial Group,Financial Advisory / Wealth Management,RIA,Fairfield,NJ,50,$10M-$25M,Portfolio reporting AI,$5K-$12K,Director of Technology,www.bleakley.com,2,NJ-based wealth management,info@bleakley.com,contact@bleakley.com,18971926532,17720831272; 19265439934,pattern
836,SignatureFD,Financial Advisory / Wealth Management,RIA,Atlanta,GA,100,$25M-$50M,Client engagement AI,$5K-$15K,VP of Technology,www.signaturefd.com,3,Purpose-based planning,crystal.mathis@signaturefd.com,,1772480259,1741893583; 8651749539,scraped
837,Aspiriant,Financial Advisory / Wealth Management,RIA,Los Angeles,CA,200,$50M-$100M,Portfolio analytics AI,$8K-$20K,Chief Technology Officer,www.aspiriant.com,3,$15B+ AUM,manager.research@aspiriant.com,info@aspiriant.com,1772471458,1772471457; 1772450959,scraped
838,Telemus Capital,Financial Advisory / Wealth Management,RIA,Southfield,MI,80,$25M-$50M,Client communication AI,$5K-$12K,Director of IT,www.telemus.com,2,Michigan-based RIA,info@telemus.com,contact@telemus.com,1736363829,1728406703; 1733411400,pattern
839,Crestwood Advisors,Financial Advisory / Wealth Management,RIA,Boston,MA,80,$25M-$50M,Portfolio reporting AI,$5K-$15K,CTO,www.crestwoodadvisors.com,3,FA Magazine 2025 ranking,info@crestwoodadvisors.com,,1769462611,1772239646; 1772240234,pattern
840,Gresham Partners,Financial Advisory / Wealth Management,Family Office,Chicago,IL,80,$25M-$50M,Compliance AI,$5K-$15K,Director of Technology,www.greshampartners.com,3,$11.6B AUM; #20 fee-only RIA,info@greshampartners.com,,1772123229,961.355 1442; 688.898 1498,pattern
841,Rollins Inc (Orkin),Pest Control / Cleaning Services,Pest Control,Atlanta,GA,18000,$1B+,Route optimization AI,$20K-$40K,Chief Technology Officer,www.rollins.com,5,NYSE listed; Orkin parent; $2.5B rev,investorrelations@rollins.com,media@rollins.com; corporatemarketing@rollins.com; talentaquisition@rollins.com,866.708.5581,,scraped
842,Rentokil (Terminix),Pest Control / Cleaning Services,Pest Control,Reading,PA,30000,$5B+,Scheduling AI,$25K-$50K,CTO,www.rentokil-initial.com,5,Acquired Terminix; global leader,info@rentokil-initial.com,contact@rentokil-initial.com,14086140016,,pattern
843,Arrow Exterminators,Pest Control / Cleaning Services,Pest Control,Atlanta,GA,3000,$200M-$500M,Route optimization AI,$10K-$25K,VP of Technology,www.arrowexterminators.com,4,Top 5 US pest control,info@arrowexterminators.com,contact@arrowexterminators.com,0123228942,7843086486; (888) 462-7769,pattern
844,Truly Nolen,Pest Control / Cleaning Services,Pest Control,Tucson,AZ,1500,$100M-$200M,Scheduling AI,$8K-$20K,Director of IT,www.trulynolen.com,3,95+ US locations; 200+ global,info@trulynolen.com,,2524275384,594.963 3594; 238.477 1906,pattern
845,Cooks Pest Control,Pest Control / Cleaning Services,Pest Control,Decatur,AL,1500,$100M-$200M,Customer retention AI,$8K-$20K,VP of Technology,www.cookspest.com,3,Southeast leader; since 1926,info@cookspest.com,contact@cookspest.com,317-0103265,8002399898; 1767037078,pattern
846,HomeTeam Pest Defense,Pest Control / Cleaning Services,Pest Control,Dallas,TX,2000,$200M-$500M,Route optimization AI,$10K-$20K,Director of Technology,www.hometeampestdefense.com,3,Rollins subsidiary,techdev@deyogroup.com,,2147483647,6140505815; 1772024307,scraped
847,ABC Home & Commercial,Pest Control / Cleaning Services,Multi-Service,Austin,TX,1500,$100M-$200M,Scheduling AI,$8K-$20K,VP of Operations,www.abchomeandcommercial.com,3,Pest + lawn + AC,info@abchomeandcommercial.com,contact@abchomeandcommercial.com,3939557550,7079195831; 5128379500,pattern
848,Aptive Environmental,Pest Control / Cleaning Services,Pest Control,Provo,UT,5000,$200M-$500M,Customer retention AI,$10K-$25K,Chief Technology Officer,www.goaptive.com,4,Fast-growing; digital-first,info@goaptive.com,contact@goaptive.com,4774510130,1772446345; 1772057854,pattern
849,Massey Services,Pest Control / Cleaning Services,Pest/Lawn,Orlando,FL,2800,$200M-$500M,Route optimization AI,$10K-$20K,Director of IT,www.masseyservices.com,3,Florida leader,wecare@masseyservices.com,,10000000000,0509803922; 1019607843,scraped
850,Mosquito Squad,Pest Control / Cleaning Services,Specialty Pest,Virginia Beach,VA,1500,$50M-$100M,Scheduling AI,$5K-$15K,VP of Franchise,www.mosquitosquad.com,3,237 franchise units,info@mosquitosquad.com,contact@mosquitosquad.com,,,pattern
851,ABC (ServiceMaster),Pest Control / Cleaning Services,Cleaning/Pest,Memphis,TN,13000,$1B+,Route optimization AI,$15K-$30K,Chief Technology Officer,www.servicemaster.com,5,ServiceMaster parent; Roark Capital,info@servicemaster.com,contact@servicemaster.com,1-888-937-3783,6053607661; 7260677661,pattern
852,Jan-Pro Cleaning,Pest Control / Cleaning Services,Commercial Cleaning,Alpharetta,GA,10000,$200M-$500M,Scheduling AI,$10K-$25K,VP of Technology,www.jan-pro.com,4,10000+ franchise locations,info@jan-pro.com,contact@jan-pro.com,15571906076,8831727790; 6666666667,pattern
853,Jani-King International,Pest Control / Cleaning Services,Commercial Cleaning,Addison,TX,9000,$200M-$500M,Customer retention AI,$10K-$20K,Director of IT,www.janiking.com,4,Worlds largest commercial cleaning,info@janiking.com,contact@janiking.com,0000000030,0391167283; 17719540304,pattern
854,Coverall,Pest Control / Cleaning Services,Commercial Cleaning,Deerfield Beach,FL,8000,$100M-$200M,Route optimization AI,$8K-$20K,VP of Technology,www.coverall.com,3,9000+ franchisees,info@coverall.com,contact@coverall.com,,,pattern
855,Vanguard Cleaning Systems,Pest Control / Cleaning Services,Commercial Cleaning,San Mateo,CA,5000,$100M-$200M,Scheduling AI,$8K-$15K,Director of Technology,www.vanguardcleaning.com,3,3000+ franchise partners,info@vanguardcleaning.com,contact@vanguardcleaning.com,,,pattern
856,Stratus Building Solutions,Pest Control / Cleaning Services,Green Cleaning,Los Angeles,CA,4000,$100M-$200M,Customer retention AI,$5K-$15K,VP of Operations,www.stratusclean.com,3,Green cleaning franchise,sales@stratusclean.com,,17611382532,118.3629248; 888-981-1555,scraped
857,Stanley Steemer,Pest Control / Cleaning Services,Carpet/Cleaning,Dublin,OH,5000,$200M-$500M,Scheduling AI,$10K-$20K,Chief Technology Officer,www.stanleysteemer.com,4,300+ locations,info@stanleysteemer.com,contact@stanleysteemer.com,0000000017,1-800-783-2637; 1-800-783-3637,pattern
858,Merry Maids,Pest Control / Cleaning Services,Residential Cleaning,Memphis,TN,8000,$200M-$500M,Route optimization AI,$8K-$20K,VP of Technology,www.merrymaids.com,3,ServiceMaster brand,info@merrymaids.com,contact@merrymaids.com,(145.9955156,220.0762331; 9237668161,pattern
859,Molly Maid,Pest Control / Cleaning Services,Residential Cleaning,Waco,TX,5000,$100M-$200M,Scheduling AI,$5K-$15K,Director of Technology,www.mollymaid.com,3,Neighborly brand,info@mollymaid.com,contact@mollymaid.com,,,pattern
860,The Maids,Pest Control / Cleaning Services,Residential Cleaning,Omaha,NE,3000,$50M-$100M,Route optimization AI,$5K-$15K,VP of Operations,www.maids.com,2,Franchise residential cleaning,info@maids.com,contact@maids.com,2147483647,14715184695; 7469316026,pattern
861,CleanNet USA,Pest Control / Cleaning Services,Commercial Cleaning,Columbia,MD,3000,$50M-$100M,Customer retention AI,$5K-$12K,Director of IT,www.cleannetusa.com,2,Franchise commercial cleaning,info@cleannetusa.com,info@cleannetca.ca,1771540170,1767798759; 800-735-8838,pattern
862,Anago Cleaning Systems,Pest Control / Cleaning Services,Commercial Cleaning,Fort Lauderdale,FL,3000,$50M-$100M,Scheduling AI,$5K-$12K,VP of Technology,www.anagocleaning.com,2,Master franchise model,info@anagocleaning.com,contact@anagocleaning.com,9999999999,17329550105; 800-213-5857,pattern
863,Office Pride,Pest Control / Cleaning Services,Commercial Cleaning,Winter Park,FL,1500,$25M-$50M,Route optimization AI,$5K-$10K,Director of Operations,www.officepride.com,2,Faith-based cleaning,info@officepride.com,contact@officepride.com,1772479851,5933670973; 753557.1081,pattern
864,OpenWorks,Pest Control / Cleaning Services,Facility Services,Phoenix,AZ,3000,$50M-$100M,Scheduling AI,$5K-$15K,VP of Technology,www.openworksweb.com,3,Facility management,customerexperience@openworksweb.com,,7052759771,17548187615; +18886799383,scraped
865,ABM Industries,Pest Control / Cleaning Services,Facility Services,New York,NY,100000,$5B+,Building automation AI,$30K-$50K,Chief Technology Officer,www.abm.com,5,NYSE listed; facility services,paymentinquiry@abm.com,myhr@abm.com; benefits@abm.com; payroll@abm.com,4166666666,8126951092; 2081165452,scraped
866,ISS A/S (US),Pest Control / Cleaning Services,Facility Services,New York,NY,40000,$5B+,Workforce scheduling AI,$25K-$50K,CTO,www.us.issworld.com,5,Global facility services,billing@us.issworld.com,procurement.helpdesk@us.issworld.com; isspcservicedesk-70103@happyfox.com; marketing@guckeheimer.com,355538-6273,747-8547930; 1329491097,scraped
867,Cintas,Pest Control / Cleaning Services,Facility/Uniforms,Cincinnati,OH,44000,$5B+,Route optimization AI,$25K-$50K,Chief Technology Officer,www.cintas.com,5,NYSE listed; uniforms + facilities,info@cintas.com,contact@cintas.com,3115218759,6390754115; 17691015640,pattern
868,UniFirst,Pest Control / Cleaning Services,Uniforms/Cleaning,Wilmington,MA,14000,$1B+,Scheduling AI,$10K-$25K,VP of Technology,www.unifirst.com,4,NYSE listed; uniform services,info@unifirst.com,contact@unifirst.com,3333333333,1.6666666667; 4089357148,pattern
869,Critter Control,Pest Control / Cleaning Services,Wildlife Control,Traverse City,MI,1000,$25M-$50M,Scheduling AI,$5K-$12K,Director of IT,www.crittercontrol.com,2,100+ locations,info@crittercontrol.com,,6666666667,17258669234; 17258667344,pattern
870,Pestmaster Services,Pest Control / Cleaning Services,Pest Control,Bishop,CA,200,$10M-$25M,Route optimization AI,$5K-$10K,Director of Operations,www.pestmaster.com,2,Government + commercial pest,info@pestmaster.com,contact@pestmaster.com,17691015640,885-1081709; 555-555-5555,pattern
871,Anticimex (US),Pest Control / Cleaning Services,Smart Pest,Philadelphia,PA,500,$50M-$100M,IoT pest monitoring AI,$8K-$20K,VP of Technology,www.anticimex.com,3,Swedish parent; smart pest tech,info@anticimex.com,contact@anticimex.com,1604902662,7998156831; 1924284376,pattern
872,Mosquito Joe,Pest Control / Cleaning Services,Specialty Pest,Virginia Beach,VA,1500,$25M-$50M,Route optimization AI,$5K-$12K,Director of Franchise,www.mosquitojoe.com,2,Neighborly brand,info@mosquitojoe.com,contact@mosquitojoe.com,1-855-275-2563,,pattern
873,Servpro,Pest Control / Cleaning Services,Restoration/Cleaning,Gallatin,TN,12000,$500M-$1B,Dispatch AI,$10K-$25K,Chief Technology Officer,www.servpro.com,4,2000+ franchise locations,info@servpro.com,contact@servpro.com,11588254667,5020714485; +1-800-737-8776,pattern
874,PuroClean,Pest Control / Cleaning Services,Restoration/Cleaning,Tamarac,FL,3000,$100M-$200M,Scheduling AI,$5K-$15K,VP of Technology,www.puroclean.com,3,Paramedics of property damage,apericchi@puroclean.com,,1769113308,8007757876; +1-800-775-7876,scraped
875,Restoration 1,Pest Control / Cleaning Services,Restoration,Waco,TX,2000,$50M-$100M,Dispatch AI,$5K-$12K,Director of Technology,www.restoration1.com,2,Franchise restoration,info@restoration1.com,contact@restoration1.com,1053444654,2256469871; 9032160238,pattern
876,Presto-X (Rentokil),Pest Control / Cleaning Services,Pest Control,Omaha,NE,500,$50M-$100M,Route optimization AI,$5K-$15K,VP of Operations,www.prestox.com,3,Rentokil subsidiary; Midwest,info@prestox.com,contact@prestox.com,1-800-759-1942,2149059019; 0935672514,pattern
877,Bulwark Exterminating,Pest Control / Cleaning Services,Pest Control,Mesa,AZ,300,$10M-$25M,Customer retention AI,$5K-$10K,Director of IT,www.bulwarkpestcontrol.com,2,Southwest pest control,info@bulwarkpestcontrol.com,contact@bulwarkpestcontrol.com,0384615385,7307692308; 230.4615384,pattern
878,Hulett Environmental,Pest Control / Cleaning Services,Pest Control,West Palm Beach,FL,800,$50M-$100M,Route optimization AI,$5K-$15K,VP of Technology,www.hulett.com,3,Florida pest leader,info@hulett.com,contact@hulett.com,,,pattern
879,Turner Pest Control,Pest Control / Cleaning Services,Pest Control,Jacksonville,FL,400,$25M-$50M,Scheduling AI,$5K-$12K,Director of Operations,www.turnerpest.com,2,Jacksonville area leader,info@turnerpest.com,contact@turnerpest.com,15354375932,800-225-5305; 1715244442,pattern
880,Modern Pest Services,Pest Control / Cleaning Services,Pest Control,Brunswick,ME,200,$10M-$25M,Route optimization AI,$5K-$10K,VP of Operations,www.modernpest.com,2,New England pest control,info@modernpest.com,,9999999999,0205430440; 17283899407,pattern
881,Quad (Quad/Graphics),Printing / Signage / Packaging,Commercial Printing,Sussex,WI,13000,$1B+,Order processing AI,$15K-$30K,Chief Technology Officer,www.quad.com,5,NYSE listed; largest US printer,ir@quad.com,pr@quad.com; myquad@quad.com; existingcustomer@quad.com,1114006023,0000000032; 0980457201,scraped
882,RR Donnelley,Printing / Signage / Packaging,Commercial Printing,Chicago,IL,20000,$1B+,Estimating AI,$15K-$30K,CTO,www.rrd.com,5,NYSE listed; global print,info@rrd.com,contact@rrd.com,3542534375,1.800.782.4892,pattern
883,Taylor Corporation,Printing / Signage / Packaging,Diversified Print,North Mankato,MN,10000,$1B+,Order processing AI,$10K-$25K,VP of Technology,www.taylor.com,4,Custom packaging + print,communications@taylor.com,,11492405650,17722326122; 16810914090,scraped
884,Cimpress (Vistaprint),Printing / Signage / Packaging,Online Printing,Waltham,MA,12000,$1B+,Quality control AI,$15K-$30K,Chief Technology Officer,www.cimpress.com,5,NASDAQ listed; mass customization,info@cimpress.com,contact@cimpress.com,3333333333,6666666666; 16666666666,pattern
885,International Paper,Printing / Signage / Packaging,Packaging,Memphis,TN,39000,$10B+,Quality control AI,$30K-$50K,CTO,www.internationalpaper.com,5,NYSE listed; largest packaging co,info@internationalpaper.com,contact@internationalpaper.com,8000000000,2295503353,pattern
886,Packaging Corp of America,Printing / Signage / Packaging,Corrugated Packaging,Lake Forest,IL,15000,$5B+,Estimating AI,$20K-$40K,VP of Innovation,www.packagingcorp.com,5,NYSE listed; since 1867,info@packagingcorp.com,contact@packagingcorp.com,3333333333,6666666667; 1.4285714286,pattern
887,Graphic Packaging,Printing / Signage / Packaging,Consumer Packaging,Atlanta,GA,24000,$5B+,Quality control AI,$20K-$40K,Chief Technology Officer,www.graphicpkg.com,5,Fortune 500,info@graphicpkg.com,contact@graphicpkg.com,,,pattern
888,Sealed Air,Printing / Signage / Packaging,Protective Packaging,Charlotte,NC,17000,$5B+,Supply chain AI,$20K-$40K,CTO,www.sealedair.com,5,BUBBLE WRAP maker; NYSE,info@sealedair.com,contact@sealedair.com,,,pattern
889,Avery Dennison,Printing / Signage / Packaging,Labels/Packaging,Mentor,OH,36000,$5B+,Quality control AI,$25K-$50K,VP of Digital,www.averydennison.com,5,Fortune 500; labels leader,info@averydennison.com,contact@averydennison.com,4384266309,5122894830; 12028063132,pattern
890,Oliver Inc,Printing / Signage / Packaging,Printing/Packaging,Twinsburg,OH,500,$50M-$100M,Order processing AI,$8K-$20K,VP of Technology,www.oliverinc.com,3,250+ years combined experience,info@oliverinc.com,,1752472336,1003210713; 1770237062,pattern
891,Global Printing,Printing / Signage / Packaging,Consumer Packaging,Kowloon,HK,500,$50M-$100M,Quality control AI,$8K-$15K,Director of Operations,www.gprinting.com,3,International print solutions,info@gprinting.com,,800-610-1089,4904831874; 17430483049,pattern
892,Minuteman Press,Printing / Signage / Packaging,Franchise Print,Farmingdale,NY,5000,$200M-$500M,Estimating AI,$8K-$20K,VP of Franchise,www.minutemanpress.com,4,900+ franchise locations,info@minutemanpress.com,contact@minutemanpress.com,,,pattern
893,AlphaGraphics,Printing / Signage / Packaging,Franchise Print,Salt Lake City,UT,2000,$100M-$200M,Order processing AI,$5K-$15K,Director of Technology,www.alphagraphics.com,3,250+ franchise locations,agsupport@alphagraphics.com,,6389382440,6376067382; 6381261779,scraped
894,Sir Speedy,Printing / Signage / Packaging,Franchise Print,Mission Viejo,CA,1500,$50M-$100M,Estimating AI,$5K-$12K,VP of Operations,www.sirspeedy.com,2,Franchise Solutions brand,info@sirspeedy.com,contact@sirspeedy.com,13265234639,105 206.1054; 079 314.5617,pattern
895,FASTSIGNS International,Printing / Signage / Packaging,Signage,Carrollton,TX,5000,$200M-$500M,Order processing AI,$8K-$20K,Chief Technology Officer,www.fastsigns.com,4,770+ franchise locations,mark.jameson@fastsigns.comor,media.relations@fastsigns.com,2202211709,2307071425; 2603020927,scraped
896,Signs Now,Printing / Signage / Packaging,Signage,Daytona Beach,FL,1000,$25M-$50M,Estimating AI,$5K-$12K,Director of IT,www.signsnow.com,2,Franchise signage,info@signsnow.com,,+1-844-947-4467,10622866858; 9999999999,pattern
897,YESCO,Printing / Signage / Packaging,Signage/Lighting,Salt Lake City,UT,1500,$100M-$200M,Quality control AI,$8K-$15K,VP of Technology,www.yesco.com,3,Sign manufacturing + service,info@yesco.com,contact@yesco.com,9999999999,1729021656; 17307578813,pattern
898,SpeedPro Imaging,Printing / Signage / Packaging,Large Format Print,Denver,CO,800,$25M-$50M,Order processing AI,$5K-$12K,Director of Franchise,www.speedpro.com,2,Large format franchise,info@speedpro.com,contact@speedpro.com,3172729102,6666666667; 7826216654,pattern
899,Signarama,Printing / Signage / Packaging,Signage,West Palm Beach,FL,3000,$100M-$200M,Estimating AI,$5K-$15K,VP of Technology,www.signarama.com,3,800+ franchise locations,info@signarama.com,contact@signarama.com,12417176891,,pattern
900,Multi-Color Corporation,Printing / Signage / Packaging,Labels,Batavia,OH,6000,$1B+,Quality control AI,$10K-$25K,CTO,www.mcclabel.com,4,Now part of Clarios,recruiting@mcclabel.com,,2377696100,6132630093; 483-8812056,scraped
901,SiO2 Materials Science,Printing / Signage / Packaging,Packaging Tech,Auburn,AL,300,$50M-$100M,Quality control AI,$8K-$15K,VP of Technology,www.sio2ms.com,3,High-tech packaging,munir.panah@sio2med.com,,1772405125,1772480387; 1772405127,scraped
902,Berlin Packaging,Printing / Signage / Packaging,Packaging Distributor,Chicago,IL,2000,$1B+,Order processing AI,$10K-$25K,Chief Technology Officer,www.berlinpackaging.com,4,Packaging supply chain,info@berlinpackaging.com,contact@berlinpackaging.com,,,pattern
903,TricorBraun,Printing / Signage / Packaging,Packaging Solutions,St. Louis,MO,1500,$500M-$1B,Estimating AI,$8K-$20K,VP of Technology,www.tricorbraun.com,3,Rigid packaging distributor,info@tricorbraun.com,contact@tricorbraun.com,1772068485,1120007997; 1000518981,pattern
904,Sonoco Products,Printing / Signage / Packaging,Industrial Packaging,Hartsville,SC,22000,$5B+,Quality control AI,$20K-$40K,CTO,www.sonoco.com,5,NYSE listed; diversified packaging,roger.schrum@sonoco.com,,1134635044,1263601336; 1406893337,scraped
905,Pactiv Evergreen,Printing / Signage / Packaging,Food Packaging,Lake Forest,IL,14000,$5B+,Supply chain AI,$20K-$40K,Chief Technology Officer,www.pactivevergreen.com,4,NASDAQ; foodservice packaging,info@pactivevergreen.com,contact@pactivevergreen.com,,,pattern
906,Berry Global,Printing / Signage / Packaging,Plastic Packaging,Evansville,IN,46000,$10B+,Quality control AI,$25K-$50K,CTO,www.berryglobal.com,5,NYSE listed; $14B revenue,amcor.digital@amcor.com,celeste.abarentos@amcor.com; agi.marx@amcor.com,9806467865,17724798726; 2870259000,scraped
907,Westrock,Printing / Signage / Packaging,Corrugated/Consumer,Atlanta,GA,44000,$10B+,Estimating AI,$25K-$50K,VP of Innovation,www.westrock.com,5,NYSE listed; now Smurfit Westrock,info@westrock.com,contact@westrock.com,042681-1004,5731175161; +1 (770) 448-2193,pattern
908,GPA (Graphic Packaging Alternative),Printing / Signage / Packaging,Specialty Print,Clearwater,FL,200,$25M-$50M,Order processing AI,$5K-$12K,Director of Operations,www.askgpa.com,2,Specialty print distributor,info@askgpa.com,contact@askgpa.com,,,pattern
909,ColorDynamics,Printing / Signage / Packaging,Commercial Print,Allen,TX,100,$10M-$25M,Estimating AI,$5K-$10K,VP of Production,www.colordynamics.com,2,Texas commercial printer,info@colordynamics.com,contact@colordynamics.com,,,pattern
910,Worth Higgins & Associates,Printing / Signage / Packaging,Commercial Print,Richmond,VA,100,$10M-$25M,Quality control AI,$5K-$10K,Director of Operations,www.worthhiggins.com,2,Richmond printer,info@worthhiggins.com,contact@worthhiggins.com,,,pattern
911,Cenveo (now Ennis Inc),Printing / Signage / Packaging,Print/Forms,Midlothian,TX,4000,$500M-$1B,Order processing AI,$8K-$20K,Chief Technology Officer,www.ennis.com,3,NYSE listed; business forms,hotline@ennis.com,800.645.8339hotline@ennis.comcustomer,1769707094,1745340810; 7142221728,scraped
912,Multi Packaging Solutions,Printing / Signage / Packaging,Premium Packaging,New York,NY,6000,$500M-$1B,Quality control AI,$10K-$25K,VP of Technology,www.multipkg.com,3,Premium/specialty packaging,info@multipkg.com,contact@multipkg.com,042681-1004,5040892200; 5040892209,pattern
913,Meyers Printing,Printing / Signage / Packaging,Commercial Print,Minneapolis,MN,100,$10M-$25M,Estimating AI,$5K-$10K,Director of Production,www.meyers.com,2,Minnesota commercial printer,info@meyers.com,contact@meyers.com,1666949694,1762551442; 6666666667,pattern
914,Shutterfly,Printing / Signage / Packaging,Consumer Print,San Jose,CA,5000,$1B+,Personalization AI,$10K-$25K,Chief Technology Officer,www.shutterfly.com,4,Consumer photo printing,info@shutterfly.com,contact@shutterfly.com,17612042942,2026010704; 140725-1724,pattern
915,MOO,Printing / Signage / Packaging,Premium Print,London,UK,500,$100M-$200M,Order processing AI,$5K-$15K,CTO,www.moo.com,3,US operations; premium cards,support@moo.com,example@moo.com; pr@moo.com,1 (401) 519-7216,0668223569; 1-9812467137,scraped
916,PrintingForLess,Printing / Signage / Packaging,Online Commercial,Livingston,MT,100,$10M-$25M,Estimating AI,$5K-$10K,Director of Technology,www.printingforless.com,2,Online commercial printing,info@printingforless.com,,0384615385,7307692308; 230.4615384,pattern
917,4Over,Printing / Signage / Packaging,Trade Printing,Los Angeles,CA,1000,$100M-$200M,Order processing AI,$5K-$15K,VP of Technology,www.4over.com,3,Wholesale trade printer,websitesupport@4over.com,estimating@4over.com; mailing@4over.com,1772244422,1-844-944-6837; 1772480089,scraped
918,Mimeo,Printing / Signage / Packaging,Cloud Printing,New York,NY,200,$25M-$50M,Order automation AI,$5K-$12K,CTO,www.mimeo.com,3,Cloud-based print solutions,info@mimeo.com,contact@mimeo.com,,,pattern
919,StickerGiant,Printing / Signage / Packaging,Custom Labels,Longmont,CO,100,$10M-$25M,Order processing AI,$5K-$10K,Director of Operations,www.stickergiant.com,2,Custom sticker/label printing,support@stickergiant.com,%20support@stickergiant.com,1769483423,3521641713; 2026022323,scraped
920,PFL (Printing for Less),Printing / Signage / Packaging,Direct Mail/Print,Livingston,MT,200,$25M-$50M,Campaign automation AI,$5K-$15K,VP of Technology,www.pfl.com,3,Tactile marketing automation,inquire@pfl.com,,7729626520,14503995367; 055-6823083,scraped
921,American Red Cross,Nonprofits / Associations,Humanitarian,Washington,DC,20000,$1B+,Donor management AI,$15K-$30K,Chief Information Officer,www.redcross.org,5,Disaster relief; 300+ chapters,customercare@redcross.org,hospitalsupport@redcross.org; govtrelations@redcross.org; dotcompliancecenter@redcross.org,6621782538,1772480393; 1772480394,scraped
922,United Way Worldwide,Nonprofits / Associations,Community,Alexandria,VA,8000,$1B+,Grant writing AI,$10K-$25K,VP of Technology,www.unitedway.org,5,1800+ local organizations,kimberly.torguson@uww.unitedway.org,pr@unitedway.org,985.491.2184,837.214.2315; 442.103.5345,scraped
923,Habitat for Humanity,Nonprofits / Associations,Housing,Atlanta,GA,2000,$500M-$1B,Donor management AI,$10K-$25K,Chief Technology Officer,www.habitat.org,4,70+ countries,info@habitat.org,contact@habitat.org,19774119425,452176.1772; 470894.8480,pattern
924,Salvation Army,Nonprofits / Associations,Social Services,Alexandria,VA,60000,$5B+,Event automation AI,$20K-$40K,CIO,www.salvationarmyusa.org,5,7600+ centers in US,info@salvationarmyusa.org,contact@salvationarmyusa.org,,,pattern
925,Goodwill Industries,Nonprofits / Associations,Workforce Dev,Rockville,MD,120000,$5B+,Donor management AI,$20K-$40K,Chief Technology Officer,www.goodwill.org,5,3300+ stores,info@goodwill.org,contact@goodwill.org,16661690541,16691900918; 18351897498,pattern
926,Boys & Girls Clubs,Nonprofits / Associations,Youth,Atlanta,GA,50000,$1B+,Event automation AI,$10K-$25K,VP of Technology,www.bgca.org,4,4700+ clubs,info@bgca.org,contact@bgca.org,,,pattern
927,Feeding America,Nonprofits / Associations,Hunger Relief,Chicago,IL,2000,$1B+,Donor management AI,$10K-$25K,CTO,www.feedingamerica.org,4,200 food banks,info@feedingamerica.org,contact@feedingamerica.org,2047019759,+1-800-771-2303; 0123108549,pattern
928,YMCA of the USA,Nonprofits / Associations,Community,Chicago,IL,60000,$5B+,Member engagement AI,$20K-$40K,Chief Technology Officer,www.ymca.org,5,2700+ locations,info@ymca.org,contact@ymca.org,642 436.3242,017 282.9867; 048 288.7453,pattern
929,National Association of Realtors,Nonprofits / Associations,Trade Association,Chicago,IL,1000,$200M-$500M,Member engagement AI,$10K-$25K,CTO,www.nar.realtor,4,1.5M+ members; largest trade assn,info@nar.realtor,contact@nar.realtor,2168053393,17272776181; 4012483738,pattern
930,American Medical Association,Nonprofits / Associations,Professional Assn,Chicago,IL,1200,$500M-$1B,Grant writing AI,$10K-$25K,VP of Technology,www.ama-assn.org,4,270K+ physician members,user@domain.com,,0000000025,1781149678; 17709065566,scraped
931,American Bar Association,Nonprofits / Associations,Professional Assn,Chicago,IL,1000,$200M-$500M,Event automation AI,$8K-$20K,Director of IT,www.americanbar.org,3,400K+ members,info@americanbar.org,contact@americanbar.org,4928748645,702 151.3593; 623 151.3593,pattern
932,IEEE,Nonprofits / Associations,Professional Assn,Piscataway,NJ,2000,$500M-$1B,Member engagement AI,$10K-$25K,Chief Technology Officer,www.ieee.org,4,400K+ members; engineering,info@ieee.org,contact@ieee.org,,,pattern
933,American Chemical Society,Nonprofits / Associations,Professional Assn,Washington,DC,2000,$500M-$1B,Content management AI,$10K-$25K,CTO,www.acs.org,4,155K+ members,info@acs.org,contact@acs.org,,,pattern
934,National Association of Manufacturers,Nonprofits / Associations,Trade Association,Washington,DC,500,$50M-$100M,Event automation AI,$8K-$15K,Director of IT,www.nam.org,3,14K+ member companies,info@nam.org,contact@nam.org,1772480355,1767652306; 1706123961,pattern
935,US Chamber of Commerce,Nonprofits / Associations,Business Association,Washington,DC,1500,$200M-$500M,Member engagement AI,$10K-$25K,VP of Technology,www.uschamber.com,4,3M+ businesses represented,membership@uschamber.com,federation@uschamber.com; smallbusiness@uschamber.com; press@uschamber.com,0787207594,2785949510; 1392174542,scraped
936,AARP,Nonprofits / Associations,Advocacy/Membership,Washington,DC,2500,$1B+,Member engagement AI,$15K-$30K,Chief Technology Officer,www.aarp.org,5,38M+ members,info@aarp.org,contact@aarp.org,2026022018,0158792776; 7103123844,pattern
937,American Cancer Society,Nonprofits / Associations,Health,Atlanta,GA,5000,$500M-$1B,Donor management AI,$10K-$25K,CTO,www.cancer.org,4,Leading cancer research nonprofit,info@cancer.org,contact@cancer.org,,,pattern
938,American Heart Association,Nonprofits / Associations,Health,Dallas,TX,3500,$500M-$1B,Grant writing AI,$10K-$25K,VP of Technology,www.heart.org,4,Heart health research/advocacy,youremail@domain.com,,2567000027,6390807719; 0654303023,scraped
939,St. Jude Childrens Research,Nonprofits / Associations,Healthcare,Memphis,TN,5000,$1B+,Donor engagement AI,$15K-$30K,Chief Technology Officer,www.stjude.org,5,Leading pediatric research,donors@stjude.org,referringphysiciansoffice@stjude.org; tributes@stjude.org; giftplanning@stjude.org,4510222650,17622756976; 5759977258,scraped
940,Susan G. Komen,Nonprofits / Associations,Health,Dallas,TX,400,$100M-$200M,Donor management AI,$5K-$15K,Director of IT,www.komen.org,3,Breast cancer research,info@komen.org,contact@komen.org,,,pattern
941,World Wildlife Fund,Nonprofits / Associations,Environment,Washington,DC,3000,$200M-$500M,Donor engagement AI,$8K-$20K,VP of Technology,www.worldwildlife.org,4,100+ countries,info@worldwildlife.org,contact@worldwildlife.org,,,pattern
942,Nature Conservancy,Nonprofits / Associations,Environment,Arlington,VA,4000,$1B+,Grant writing AI,$10K-$25K,Chief Technology Officer,www.nature.org,5,79 countries; largest conservation,yourname@email.com,name@company.com; webmaster@tnc.org; member@tnc.org,034899-1003,3015384615; 15076923076,scraped
943,Sierra Club,Nonprofits / Associations,Environment,Oakland,CA,700,$100M-$200M,Member engagement AI,$5K-$15K,Director of Technology,www.sierraclub.org,3,3.8M members + supporters,webmaster@sierraclub.org,information@sierraclub.org; member.care@sierraclub.org; address.changes@sierraclub.org,034870-1003,559-8080314; 9758378218,scraped
944,Planned Parenthood,Nonprofits / Associations,Healthcare,New York,NY,12000,$1B+,Event automation AI,$10K-$25K,CTO,www.plannedparenthood.org,4,600+ health centers,info@plannedparenthood.org,contact@plannedparenthood.org,,,pattern
945,March of Dimes,Nonprofits / Associations,Health,Arlington,VA,800,$100M-$200M,Donor management AI,$5K-$15K,VP of Technology,www.marchofdimes.org,3,Maternal/infant health,info@marchofdimes.org,contact@marchofdimes.org,123-4529782,180218-0002; 17691015640,pattern
946,Special Olympics,Nonprofits / Associations,Sports/Disability,Washington,DC,500,$200M-$500M,Event automation AI,$8K-$15K,Director of IT,www.specialolympics.org,3,5.5M athletes; 170 countries,plannedgiving@specialolympics.org,sdeur@specialolympics.org,12325068613,000176-2519; 2250256547,scraped
947,ASAE,Nonprofits / Associations,Association Management,Washington,DC,200,$25M-$50M,Member engagement AI,$5K-$15K,VP of Technology,www.asaecenter.org,3,21K+ association execs,info@asaecenter.org,contact@asaecenter.org,7423791119,2168449420; 16474479370,pattern
948,PhRMA,Nonprofits / Associations,Trade Association,Washington,DC,300,$200M-$500M,Content management AI,$8K-$20K,Director of IT,www.phrma.org,3,Pharmaceutical industry advocacy,newsroom@phrma.org,,6390687889,2024110402; 2024110412,scraped
949,American Hospital Association,Nonprofits / Associations,Trade Association,Chicago,IL,500,$100M-$200M,Event automation AI,$8K-$15K,VP of Technology,www.aha.org,3,5K+ member hospitals,orders@aha.org,helpebooks@aha.org; ub-04@aha.org,3732429116,800-424-4301; 605108-5194,scraped
950,National Education Association,Nonprofits / Associations,Labor/Professional,Washington,DC,600,$200M-$500M,Member engagement AI,$8K-$20K,Chief Technology Officer,www.nea.org,4,3M+ members; largest union,faynema7@hotmail.com,,1120061226,15821530756; 1737166839,scraped
951,Make-A-Wish Foundation,Nonprofits / Associations,Children,Phoenix,AZ,2000,$200M-$500M,Donor management AI,$8K-$15K,Director of IT,www.wish.org,3,60+ chapters,mawfa@wish.org,media@wish.org; missionadvancement@wish.org; customerservice@wish.org,3072097319,781 907.5355; 1391 312.5351,scraped
952,Doctors Without Borders,Nonprofits / Associations,Healthcare,New York,NY,2000,$500M-$1B,Grant writing AI,$8K-$20K,VP of Technology,www.msf.org,4,70+ countries,info@msf.org,contact@msf.org,2195671183,841.8897705; 595.2755737,pattern
953,Direct Relief,Nonprofits / Associations,Healthcare/Disaster,Santa Barbara,CA,150,$500M-$1B,Donor management AI,$5K-$15K,Director of IT,www.directrelief.org,3,Medical aid nonprofit,info@directrelief.org,nmeghan.k.dhaliwal@gmail.com,9594016152,9999999999; 2147483647,pattern
954,Big Brothers Big Sisters,Nonprofits / Associations,Youth Mentoring,Tampa,FL,1200,$100M-$200M,Match AI,$5K-$15K,VP of Technology,www.bbbs.org,3,230+ affiliates,complaints@bbbs.org,donations@bbbs.org; tributes@bbbs.org; causemarketing@bbbs.org,1772329031,813-720-8778; 1772333268,scraped
955,Girl Scouts of the USA,Nonprofits / Associations,Youth,New York,NY,9000,$500M-$1B,Event automation AI,$10K-$20K,Chief Technology Officer,www.girlscouts.org,4,1.7M+ members,info@girlscouts.org,contact@girlscouts.org,,,pattern
956,Boy Scouts of America,Nonprofits / Associations,Youth,Irving,TX,8000,$500M-$1B,Member engagement AI,$10K-$20K,CTO,www.scouting.org,4,Now Scouting America,info@scouting.org,contact@scouting.org,,,pattern
957,American Diabetes Association,Nonprofits / Associations,Health,Arlington,VA,800,$200M-$500M,Donor management AI,$5K-$15K,Director of Technology,www.diabetes.org,3,Diabetes research/advocacy,info@diabetes.org,contact@diabetes.org,+1-800-342-2383,8499999999; 0568943099,pattern
958,Catholic Charities USA,Nonprofits / Associations,Social Services,Alexandria,VA,50000,$1B+,Grant writing AI,$10K-$25K,VP of Technology,www.catholiccharitiesusa.org,4,160 agencies,info@catholiccharitiesusa.org,email@gmail.com,1386142310,1321416110; 1772387714,pattern
959,Wounded Warrior Project,Nonprofits / Associations,Veterans,Jacksonville,FL,600,$200M-$500M,Donor engagement AI,$5K-$15K,Chief Technology Officer,www.woundedwarriorproject.org,3,Veteran services,publicrelations@woundedwarriorproject.org,donorcare@woundedwarriorproject.org; resourcecenter@woundedwarriorproject.org; events@woundedwarriorproject.org,6386235265,(887) 832-6997; 2485883705,scraped
960,Teach for America,Nonprofits / Associations,Education,New York,NY,1000,$200M-$500M,Grant writing AI,$5K-$15K,VP of Technology,www.teachforamerica.org,3,Education equity; 50+ regions,info@teachforamerica.org,contact@teachforamerica.org,,,pattern
961,Amwell,Telehealth / Digital Health,Telehealth Platform,Boston,MA,1500,$200M-$500M,Patient triage AI,$15K-$30K,Chief Technology Officer,www.amwell.com,4,NYSE listed; $254M revenue,info@amwell.com,contact@amwell.com,6390773537,,pattern
962,Doximity,Telehealth / Digital Health,Physician Platform,San Francisco,CA,900,$200M-$500M,Scheduling AI,$15K-$30K,CTO,www.doximity.com,4,NYSE listed; 80% of US MDs,bd@doximity.com,pr@doximity.com,1770676172,1529700556; 1529700559,scraped
963,Zocdoc,Telehealth / Digital Health,Appointment Platform,New York,NY,600,$200M-$500M,Follow-up automation AI,$10K-$25K,Chief Technology Officer,www.zocdoc.com,4,Patient booking marketplace,info@zocdoc.com,contact@zocdoc.com,,,pattern
964,Cerebral,Telehealth / Digital Health,Mental Health,San Francisco,CA,1500,$200M-$500M,Patient triage AI,$10K-$25K,CTO,www.cerebral.com,4,$462M raised; anxiety/depression,support@cerebral.com,,0484562807,1537193671; 1276560000,scraped
965,SteadyMD,Telehealth / Digital Health,B2B Telehealth,St. Louis,MO,500,$50M-$100M,Clinical workflow AI,$10K-$20K,Chief Technology Officer,www.steadymd.com,3,200K+ monthly visits; white-label,you@email.com,,1772473254,1772473269; 3333333333,scraped
966,Maven Clinic,Telehealth / Digital Health,Womens Health,New York,NY,500,$100M-$200M,Patient engagement AI,$10K-$25K,CTO,www.mavenclinic.com,4,Fertility to menopause,support@mavenclinic.com,,758.5453123,7093633525; 301.829 1019,scraped
967,Ro (Roman/Rory),Telehealth / Digital Health,DTC Telehealth,New York,NY,1000,$200M-$500M,Patient triage AI,$10K-$25K,Chief Technology Officer,www.ro.co,4,DTC health platform,info@ro.co,contact@ro.co,17724762000,2731367740; 4287400601,pattern
968,Nurx,Telehealth / Digital Health,Reproductive Health,San Francisco,CA,300,$50M-$100M,Prescription AI,$5K-$15K,CTO,www.nurx.com,3,DTC reproductive health,info@nurx.com,contact@nurx.com,1951196028,10304029299; 1213141301,pattern
969,Ginger (Headspace Health),Telehealth / Digital Health,Mental Health,San Francisco,CA,800,$100M-$200M,Patient triage AI,$8K-$20K,Chief Technology Officer,www.headspacehealth.com,4,Merged with Headspace,info@headspacehealth.com,contact@headspacehealth.com,5366335644,4371576037; 2572007892,pattern
970,Talkspace,Telehealth / Digital Health,Mental Health,New York,NY,600,$100M-$200M,Therapist matching AI,$8K-$20K,CTO,www.talkspace.com,3,NASDAQ listed; online therapy,info@talkspace.com,contact@talkspace.com,7882728105,6632511297; 10000000000,pattern
971,BetterHelp,Telehealth / Digital Health,Mental Health,Mountain View,CA,2000,$500M-$1B,Therapist matching AI,$15K-$30K,Chief Technology Officer,www.betterhelp.com,4,Largest online therapy platform,contact@betterhelp.com,,353360.8551,5397634639; 1772480408,pattern
972,Teladoc Health,Telehealth / Digital Health,Telehealth Platform,Purchase,NY,5000,$1B+,Patient triage AI,$20K-$40K,CTO,www.teladochealth.com,5,NYSE listed; $2.6B revenue,help@teladochealth.com,pr@teladochealth.com,2147483647,17652873462; 17652873557,scraped
973,MDLive (Evernorth),Telehealth / Digital Health,Telehealth,Sunrise,FL,800,$200M-$500M,Scheduling AI,$10K-$20K,VP of Technology,www.mdlive.com,3,Cigna/Evernorth subsidiary,engage@mdlive.com,,18004006354,0007570022; 8000000000,scraped
974,Doctor On Demand (Included Health),Telehealth / Digital Health,Telehealth,San Francisco,CA,500,$100M-$200M,Patient triage AI,$8K-$20K,Chief Technology Officer,www.includedhealth.com,3,Now Included Health,support@includedhealth.com,press@includedhealth.com; support@doctorondemand.com,1772296744,1-800-929-0926; 1014497162,scraped
975,Kaia Health,Telehealth / Digital Health,MSK Digital,New York,NY,200,$50M-$100M,AI-guided therapy,$8K-$15K,CTO,www.kaiahealth.com,3,560K+ participants; MSK/COPD,info@kaiahealth.com,contact@kaiahealth.com,2624093838,6362738485; 5559299599,pattern
976,DocGo,Telehealth / Digital Health,Mobile Health,New York,NY,5000,$200M-$500M,Patient scheduling AI,$10K-$25K,Chief Technology Officer,www.docgo.com,4,NASDAQ listed; 1K vehicles,info@docgo.com,contact@docgo.com,1763680435,17307424672; 1150453036,pattern
977,Isaac Health,Telehealth / Digital Health,Brain Health,New York,NY,100,$10M-$25M,Follow-up automation AI,$5K-$12K,CTO,www.isaachealth.com,3,Virtual dementia care,info@isaachealth.com,contact@isaachealth.com,,,pattern
978,Boulder Care,Telehealth / Digital Health,Addiction,Portland,OR,100,$10M-$25M,Patient triage AI,$5K-$12K,Chief Technology Officer,www.boulder.care,3,Telehealth addiction medicine,press@boulder.care,,503-563-2550,6282834965; 6282826569,scraped
979,Virta Health,Telehealth / Digital Health,Diabetes Reversal,San Francisco,CA,500,$100M-$200M,Patient monitoring AI,$8K-$20K,CTO,www.virtahealth.com,4,Type 2 diabetes reversal,info@virtahealth.com,contact@virtahealth.com,,,pattern
980,Omada Health,Telehealth / Digital Health,Chronic Care,San Francisco,CA,600,$100M-$200M,Patient engagement AI,$8K-$20K,Chief Technology Officer,www.omadahealth.com,4,Chronic disease management,support@omadahealth.com,support@omada.com,6430894597,17722159860; 6430817364,scraped
981,Lyra Health,Telehealth / Digital Health,Mental Health,Burlingame,CA,1000,$200M-$500M,Therapist matching AI,$10K-$25K,CTO,www.lyrahealth.com,4,Employer mental health benefit,info@lyrahealth.com,contact@lyrahealth.com,1772479906,3989162172; 2147483647,pattern
982,Spring Health,Telehealth / Digital Health,Mental Health,New York,NY,700,$100M-$200M,Treatment prediction AI,$8K-$20K,Chief Technology Officer,www.springhealth.com,4,Precision mental health,hello@springhealth.com,sales@springhealth.com; press@springhealth.com,1-855-629-0554,864-0272895; 1368104324,scraped
983,Cityblock Health,Telehealth / Digital Health,Medicaid Care,Brooklyn,NY,1000,$100M-$200M,Care coordination AI,$10K-$25K,CTO,www.cityblock.com,4,Value-based care for Medicaid,info@cityblock.com,contact@cityblock.com,3358031800,833-904-2273; +18339042273,pattern
984,Hinge Health,Telehealth / Digital Health,MSK Digital,San Francisco,CA,1200,$200M-$500M,AI exercise therapy,$10K-$25K,Chief Technology Officer,www.hingehealth.com,4,Digital MSK clinic,help@hingehealth.com,global-support@hingehealth.com,9449467369,(855) 902-2777; 2110899317,scraped
985,Noom,Telehealth / Digital Health,Weight/Wellness,New York,NY,3000,$500M-$1B,Behavior change AI,$10K-$25K,CTO,www.noom.com,4,AI-powered weight management,info@noom.com,contact@noom.com,1761630577,1771877208; 1771876572,pattern
986,98point6,Telehealth / Digital Health,AI Primary Care,Seattle,WA,300,$50M-$100M,AI clinical decision,$8K-$15K,Chief Technology Officer,www.98point6.com,3,AI-first text-based care,media@98point6.com,,1713301764,6666666667; 1.6666666667,scraped
987,Akili Interactive,Telehealth / Digital Health,Digital Therapeutics,Boston,MA,100,$25M-$50M,Treatment AI,$5K-$15K,CTO,www.akiliinteractive.com,3,FDA-cleared video game therapy,user@domain.com,support@endeavorotc.com; support@endeavorrx.com,15416042545,15416042610; 3141925352,scraped
988,Pear Therapeutics,Telehealth / Digital Health,Digital Therapeutics,Boston,MA,100,$10M-$25M,Treatment adherence AI,$5K-$12K,VP of Technology,www.peartherapeutics.com,2,Prescription digital therapeutics,info@peartherapeutics.com,contact@peartherapeutics.com,,,pattern
989,Wheel,Telehealth / Digital Health,Clinician Network,Austin,TX,200,$25M-$50M,Clinician matching AI,$5K-$15K,Chief Technology Officer,www.wheel.com,3,Telehealth infrastructure,support@wheel.com,press@wheel.com; info@wheel.com,1768409695,1028379316; 1600821268,scraped
990,Truepill,Telehealth / Digital Health,Digital Pharmacy,Hayward,CA,400,$50M-$100M,Rx fulfillment AI,$8K-$15K,CTO,www.truepill.com,3,Digital pharmacy infrastructure,rx.support@fuzehealth.com,,2026693568,1295182590; 1-833-860-1057,scraped
991,Alto Pharmacy,Telehealth / Digital Health,Digital Pharmacy,San Francisco,CA,500,$100M-$200M,Rx delivery AI,$8K-$20K,Chief Technology Officer,www.alto.com,3,Pharmacy delivery platform,care@alto.com,,1 (800) 874-5881,1633060802; 1793828061,scraped
992,Capsule Pharmacy,Telehealth / Digital Health,Digital Pharmacy,New York,NY,400,$50M-$100M,Rx management AI,$5K-$15K,CTO,www.capsule.com,3,NYC pharmacy delivery,help@capsule.com,,3333333333,+18889101808; (888) 910-1808,scraped
993,Bright Health,Telehealth / Digital Health,Health Plan,Minneapolis,MN,1500,$1B+,Member engagement AI,$10K-$25K,Chief Technology Officer,www.brighthealthgroup.com,4,Technology-first health plan,info@brighthealthgroup.com,contact@brighthealthgroup.com,8485972764,,pattern
994,Oscar Health,Telehealth / Digital Health,Health Plan,New York,NY,3000,$5B+,Member engagement AI,$15K-$30K,CTO,www.hioscar.com,5,NYSE listed; tech-first insurance,help@hioscar.com,ir@hioscar.com; press@hioscar.com,17908764894,7208544600; 358-3220081,scraped
995,Clover Health,Telehealth / Digital Health,Medicare Advantage,Franklin,TN,700,$500M-$1B,Clinical AI assistant,$10K-$20K,Chief Technology Officer,www.cloverhealth.com,3,NASDAQ listed; Clover Assistant AI,agents@cloverhealth.com,,704-3696598,1-888-778-1478; 0094873555,scraped
996,Alignment Healthcare,Telehealth / Digital Health,Senior Care,Orange,CA,3000,$500M-$1B,Care coordination AI,$10K-$25K,CTO,www.alignmenthealthcare.com,4,NASDAQ listed; value-based,user@domain.com,,17474394597,3141925352; 17724732549,scraped
997,Dispatch Health,Telehealth / Digital Health,Mobile Health,Denver,CO,3000,$200M-$500M,Dispatch AI,$10K-$25K,Chief Technology Officer,www.dispatchhealth.com,4,In-home urgent care,info@dispatchhealth.com,,720-647-5329,842.672 1226; 528.5328019,pattern
998,Babylon Health,Telehealth / Digital Health,AI Health,Austin,TX,300,$25M-$50M,AI triage,$5K-$15K,CTO,www.babylonhealth.com,3,AI-powered health platform,info@babylonhealth.com,contact@babylonhealth.com,,,pattern
999,K Health,Telehealth / Digital Health,AI Primary Care,New York,NY,300,$50M-$100M,AI symptom checker,$8K-$15K,Chief Technology Officer,www.khealth.com,3,AI-powered primary care,support@khealth.com,,1001710094,1001725635; 17702248292,scraped
1000,Hims & Hers Health,Telehealth / Digital Health,DTC Telehealth,San Francisco,CA,2000,$1B+,Patient engagement AI,$15K-$30K,CTO,www.hims.com,5,NYSE listed; $1B+ revenue,info@hims.com,contact@hims.com,160.2941176,2272727272; 0377358490,pattern
