ID,Company_Name,Industry_Vertical,Sub_Category,City,State,Estimated_Employees,Estimated_Revenue_Range,AI_Automation_Use_Case,Estimated_Deal_Size,Decision_Maker_Title,Website,Priority_Score,Notes,Contact_Email,Alt_Emails,Contact_Phone,Alt_Phones,Email_Source,DM_Name,DM_Professional_Email,DM_Email_Patterns,DM_LinkedIn_Search,LinkedIn_Company,LinkedIn_People_Found,Twitter,Facebook,Instagram,YouTube,Name_Source,DM_Google_Search
1,Ascension Medical Group,Healthcare / Medical Practices,Multi-Specialty,Chicago,IL,5000,$1B+,Patient scheduling AI,$25K-$50K,VP of Operations,www.ascension.org,5,Largest physician group with 1104 locations,info@ascension.org,contact@ascension.org,(033) 126-0218,(725) 174-1428; (772) 359-0696,pattern,,,[first].[last]@ascension.org; [f][last]@ascension.org; [first]@ascension.org; [first][last]@ascension.org,https://www.linkedin.com/search/results/people/?keywords=%22VP+of+Operations%22+%22Ascension+Medical+Group%22,https://www.linkedin.com/company/ascensionorg,,https://x.com/ascensionorg,https://www.facebook.com/ascension.org,https://www.instagram.com/ascension_org,https://www.youtube.com/channel/UCnXM-Ml3eN8NRcSy3f4_9Pw,,https://www.google.com/search?q=Ascension+Medical+Group+%22VP+of+Operations%22+site%3Alinkedin.com%2Fin
2,MDVIP,Healthcare / Medical Practices,Concierge Primary Care,Boca Raton,FL,2000,$500M-$1B,Patient engagement automation,$15K-$30K,Chief Technology Officer,www.mdvip.com,4,910 locations nationwide; concierge model,info@mdvip.com,contact@mdvip.com,,(866) 696-3847; (190) 986-2890,pattern,,,[first].[last]@mdvip.com; [f][last]@mdvip.com; [first]@mdvip.com; [first][last]@mdvip.com,https://www.linkedin.com/search/results/people/?keywords=%22Chief+Technology+Officer%22+%22MDVIP%22,https://www.linkedin.com/company/mdvip,,https://twitter.com/MDVIP,https://www.facebook.com/MDVIP,https://www.instagram.com/mymdvip,,,https://www.google.com/search?q=MDVIP+%22Chief+Technology+Officer%22+site%3Alinkedin.com%2Fin
3,Duly Health and Care,Healthcare / Medical Practices,Multi-Specialty,Downers Grove,IL,6000,$1B+,EHR integration AI,$25K-$50K,Chief Digital Officer,www.dulyhealthandcare.com,5,Largest independent multi-specialty group,info@dulyhealthandcare.com,contact@dulyhealthandcare.com,(474) 029-2990,(509) 386-0840; (630) 469-9200,pattern,,,[first].[last]@dulyhealthandcare.com; [f][last]@dulyhealthandcare.com; [first]@dulyhealthandcare.com; [first][last]@dulyhealthandcare.com,https://www.linkedin.com/search/results/people/?keywords=%22Chief+Digital+Officer%22+%22Duly+Health+and+Care%22,https://www.linkedin.com/company/duly-health-and-care,,https://www.twitter.com/dulyhealth_care,https://www.facebook.com/dulyhealthandcare,https://www.instagram.com/dulyhealthandcare/,https://www.youtube.com/c/DulyHealthandCare,,https://www.google.com/search?q=Duly+Health+and+Care+%22Chief+Digital+Officer%22+site%3Alinkedin.com%2Fin
4,Select Physical Therapy,Healthcare / Medical Practices,Physical Therapy,Mechanicsburg,PA,7000,$500M-$1B,Patient scheduling AI,$20K-$40K,VP of IT,www.selectphysicaltherapy.com,4,2000+ outpatient centers,info@selectphysicaltherapy.com,contact@selectphysicaltherapy.com,(794) 773-9205,(613) 290-9528; (204) 331-5674,pattern,,,[first].[last]@selectphysicaltherapy.com; [f][last]@selectphysicaltherapy.com; [first]@selectphysicaltherapy.com; [first][last]@selectphysicaltherapy.com,https://www.linkedin.com/search/results/people/?keywords=%22VP+of+IT%22+%22Select+Physical+Therapy%22,,,https://x.com/select_pt,https://www.facebook.com/SelectPTS,,,,https://www.google.com/search?q=Select+Physical+Therapy+%22VP+of+IT%22+site%3Alinkedin.com%2Fin
5,Concentra,Healthcare / Medical Practices,Urgent Care/Occupational,Addison,TX,10000,$1B+,Patient triage AI,$30K-$50K,Chief Information Officer,www.concentra.com,5,559 locations in 41 states,username@domain.com,,(635) 672-7118,(202) 205-0700; (464) 174-4488,scraped,,,[first].[last]@concentra.com; [f][last]@concentra.com; [first]@concentra.com; [first][last]@concentra.com,https://www.linkedin.com/search/results/people/?keywords=%22Chief+Information+Officer%22+%22Concentra%22,https://www.linkedin.com/company/concentra,,https://twitter.com/ConcentraHealth,https://www.facebook.com/concentra,,https://www.youtube.com/c/ConcentraHealth,,https://www.google.com/search?q=Concentra+%22Chief+Information+Officer%22+site%3Alinkedin.com%2Fin
6,American Family Care,Healthcare / Medical Practices,Urgent Care,Birmingham,AL,4000,$500M-$1B,Patient check-in automation,$15K-$30K,VP of Technology,www.afcurgentcare.com,4,369 locations; franchise model,info@afcurgentcare.com,contact@afcurgentcare.com,(378) 673-7273,(785) 978-1416; (857) 142-8571,pattern,,,[first].[last]@afcurgentcare.com; [f][last]@afcurgentcare.com; [first]@afcurgentcare.com; [first][last]@afcurgentcare.com,https://www.linkedin.com/search/results/people/?keywords=%22VP+of+Technology%22+%22American+Family+Care%22,https://www.linkedin.com/company/afcurgentcare/,,https://x.com/AFCinc,https://www.facebook.com/AFCcorporate/,https://www.instagram.com/american_family_care,,,https://www.google.com/search?q=American+Family+Care+%22VP+of+Technology%22+site%3Alinkedin.com%2Fin
7,NextCare Holdings,Healthcare / Medical Practices,Urgent Care,Mesa,AZ,2000,$200M-$500M,Medical billing automation,$10K-$25K,Director of Operations,www.nextcare.com,4,174 locations,info@nextcare.com,contact@nextcare.com,,,pattern,,,[first].[last]@nextcare.com; [f][last]@nextcare.com; [first]@nextcare.com; [first][last]@nextcare.com,https://www.linkedin.com/search/results/people/?keywords=%22Director+of+Operations%22+%22NextCare+Holdings%22,,,,,,,,https://www.google.com/search?q=NextCare+Holdings+%22Director+of+Operations%22+site%3Alinkedin.com%2Fin
8,MD Now Urgent Care,Healthcare / Medical Practices,Urgent Care,West Palm Beach,FL,1500,$100M-$200M,Patient follow-up automation,$10K-$20K,Chief Operating Officer,www.mdnow.com,3,110 locations in Florida,info@mdnow.com,contact@mdnow.com,,,pattern,,,[first].[last]@mdnow.com; [f][last]@mdnow.com; [first]@mdnow.com; [first][last]@mdnow.com,https://www.linkedin.com/search/results/people/?keywords=%22Chief+Operating+Officer%22+%22MD+Now+Urgent+Care%22,,,,,,,,https://www.google.com/search?q=MD+Now+Urgent+Care+%22Chief+Operating+Officer%22+site%3Alinkedin.com%2Fin
9,MedExpress Urgent Care,Healthcare / Medical Practices,Urgent Care,Morgantown,WV,3000,$200M-$500M,Scheduling AI,$15K-$30K,VP of Operations,www.medexpress.com,4,110 locations; Optum subsidiary,info@medexpress.com,contact@medexpress.com,(287) 828-0618,(102) 120-5884; (800) 367-1500,pattern,,,[first].[last]@medexpress.com; [f][last]@medexpress.com; [first]@medexpress.com; [first][last]@medexpress.com,https://www.linkedin.com/search/results/people/?keywords=%22VP+of+Operations%22+%22MedExpress+Urgent+Care%22,,,,,,,,https://www.google.com/search?q=MedExpress+Urgent+Care+%22VP+of+Operations%22+site%3Alinkedin.com%2Fin
10,GoHealth Urgent Care,Healthcare / Medical Practices,Urgent Care,Atlanta,GA,2500,$200M-$500M,Patient triage AI,$15K-$30K,CTO,www.gohealthuc.com,4,Multi-health-system partnership model,unsubscribe@gohealthuc.com,ccpa@gohealthuc.com; legalaffairs@gohealthuc.com,(507) 349-5641,(142) 816-5647; (678) 774-7100,scraped,,,[first].[last]@gohealthuc.com; [f][last]@gohealthuc.com; [first]@gohealthuc.com; [first][last]@gohealthuc.com,https://www.linkedin.com/search/results/people/?keywords=%22CTO%22+%22GoHealth+Urgent+Care%22,https://www.linkedin.com/company/gohealth-urgent-care,,https://twitter.com/GoHealthUC,https://www.facebook.com/gohealthuc/,https://www.instagram.com/gohealthuc/,https://www.youtube.com/@Gohealthuc,,https://www.google.com/search?q=GoHealth+Urgent+Care+%22CTO%22+site%3Alinkedin.com%2Fin
11,Forefront Dermatology,Healthcare / Medical Practices,Dermatology,Manitowoc,WI,2500,$200M-$500M,Patient scheduling AI,$15K-$25K,VP of IT,www.forefrontdermatology.com,4,339 physicians; 190+ clinics in 26 states,info@forefrontdermatology.com,contact@forefrontdermatology.com,(177) 153-5680,(262) 784-7820,pattern,,,[first].[last]@forefrontdermatology.com; [f][last]@forefrontdermatology.com; [first]@forefrontdermatology.com; [first][last]@forefrontdermatology.com,https://www.linkedin.com/search/results/people/?keywords=%22VP+of+IT%22+%22Forefront+Dermatology%22,https://www.linkedin.com/company/forefront-dermatology/,,https://twitter.com/forefrontderm,https://www.facebook.com/forefrontderm,,,,https://www.google.com/search?q=Forefront+Dermatology+%22VP+of+IT%22+site%3Alinkedin.com%2Fin
12,Schweiger Dermatology Group,Healthcare / Medical Practices,Dermatology,New York,NY,1500,$100M-$200M,EHR integration AI,$10K-$20K,Director of Technology,www.schweigerderm.com,3,264 physicians,info@schweigerderm.com,contact@schweigerderm.com,,(607) 417-1854; (844) 337-6362,pattern,,,[first].[last]@schweigerderm.com; [f][last]@schweigerderm.com; [first]@schweigerderm.com; [first][last]@schweigerderm.com,https://www.linkedin.com/search/results/people/?keywords=%22Director+of+Technology%22+%22Schweiger+Dermatology+Group%22,https://www.linkedin.com/company/schweiger-dermatology/,,,https://www.facebook.com/schweigerderm,https://www.instagram.com/schweigerderm,,,https://www.google.com/search?q=Schweiger+Dermatology+Group+%22Director+of+Technology%22+site%3Alinkedin.com%2Fin
13,Epiphany Dermatology,Healthcare / Medical Practices,Dermatology,Austin,TX,800,$50M-$100M,Patient engagement automation,$10K-$20K,Chief Operating Officer,www.epiphanydermatology.com,3,169 physicians; growing network,info@epiphanydermatology.com,contact@epiphanydermatology.com,(371) 551-2411,(206) 350-6169; (203) 298-7295,pattern,,,[first].[last]@epiphanydermatology.com; [f][last]@epiphanydermatology.com; [first]@epiphanydermatology.com; [first][last]@epiphanydermatology.com,https://www.linkedin.com/search/results/people/?keywords=%22Chief+Operating+Officer%22+%22Epiphany+Dermatology%22,https://www.linkedin.com/company/epiphany-dermatology/,,,https://www.facebook.com/epiphanyderm,https://www.instagram.com/epiphanydermatology/,,,https://www.google.com/search?q=Epiphany+Dermatology+%22Chief+Operating+Officer%22+site%3Alinkedin.com%2Fin
14,U.S. Dermatology Partners,Healthcare / Medical Practices,Dermatology,Dallas,TX,2000,$200M-$500M,Medical billing automation,$15K-$25K,VP of Operations,www.usdermatologypartners.com,4,100+ locations in 8 states; 2M patients/year,info@usdermatologypartners.com,contact@usdermatologypartners.com,,(102) 835-0621; (713) 879-1864,pattern,,,[first].[last]@usdermatologypartners.com; [f][last]@usdermatologypartners.com; [first]@usdermatologypartners.com; [first][last]@usdermatologypartners.com,https://www.linkedin.com/search/results/people/?keywords=%22VP+of+Operations%22+%22U.S.+Dermatology+Partners%22,,,https://x.com/USDermPartners,https://www.facebook.com/USDermatologyPartners/,https://www.instagram.com/usdermpartners/,https://www.youtube.com/c/USDermatologyPartners/,,https://www.google.com/search?q=U.S.+Dermatology+Partners+%22VP+of+Operations%22+site%3Alinkedin.com%2Fin
15,Integrated Dermatology,Healthcare / Medical Practices,Dermatology,Jacksonville,FL,1200,$100M-$200M,Appointment scheduling AI,$10K-$20K,Director of Operations,www.mydermgroup.com,3,Largest independent derm practice; 25+ states,info@mydermgroup.com,contact@mydermgroup.com,(172) 416-2637,(172) 478-0450; (722) 625-7390,pattern,,,[first].[last]@mydermgroup.com; [f][last]@mydermgroup.com; [first]@mydermgroup.com; [first][last]@mydermgroup.com,https://www.linkedin.com/search/results/people/?keywords=%22Director+of+Operations%22+%22Integrated+Dermatology%22,https://www.linkedin.com/company/integrated-dermatology-group/,,,https://www.facebook.com/IntegratedDermatologyGroup/,https://www.instagram.com/integratedderm/,,,https://www.google.com/search?q=Integrated+Dermatology+%22Director+of+Operations%22+site%3Alinkedin.com%2Fin
16,Rothman Orthopaedics,Healthcare / Medical Practices,Orthopedics,Philadelphia,PA,1500,$200M-$500M,Patient intake automation,$15K-$30K,Chief Information Officer,www.rothmanortho.com,4,Largest ortho group; est. 1970,info@rothmanortho.com,contact@rothmanortho.com,(202) 602-2820,(800) 321-9999; (267) 479-1321,pattern,,,[first].[last]@rothmanortho.com; [f][last]@rothmanortho.com; [first]@rothmanortho.com; [first][last]@rothmanortho.com,https://www.linkedin.com/search/results/people/?keywords=%22Chief+Information+Officer%22+%22Rothman+Orthopaedics%22,https://www.linkedin.com/company/rothmanortho,,https://x.com/rothmanortho,https://www.facebook.com/RothmanOrtho/,https://www.instagram.com/rothmanortho/,,,https://www.google.com/search?q=Rothman+Orthopaedics+%22Chief+Information+Officer%22+site%3Alinkedin.com%2Fin
17,OrthoCarolina,Healthcare / Medical Practices,Orthopedics,Charlotte,NC,1200,$200M-$500M,Surgical scheduling AI,$15K-$30K,VP of Technology,www.orthocarolina.com,4,30+ locations in NC,info@orthocarolina.com,contact@orthocarolina.com,(377) 619-7044,(277) 303-5410; (030) 933-5721,pattern,,,[first].[last]@orthocarolina.com; [f][last]@orthocarolina.com; [first]@orthocarolina.com; [first][last]@orthocarolina.com,https://www.linkedin.com/search/results/people/?keywords=%22VP+of+Technology%22+%22OrthoCarolina%22,https://www.linkedin.com/company/orthocarolina,,https://x.com/orthocarolina,https://www.facebook.com/OrthoCarolina,https://www.instagram.com/orthocarolina,,,https://www.google.com/search?q=OrthoCarolina+%22VP+of+Technology%22+site%3Alinkedin.com%2Fin
18,The Centers for Advanced Orthopaedics,Healthcare / Medical Practices,Orthopedics,Bethesda,MD,800,$100M-$200M,Patient follow-up automation,$10K-$25K,Director of IT,www.cfaortho.com,3,Large DC-area ortho group,info@cfaortho.com,contact@cfaortho.com,(176) 850-7599,(163) 552-7360; (176) 850-7598,pattern,,,[first].[last]@cfaortho.com; [f][last]@cfaortho.com; [first]@cfaortho.com; [first][last]@cfaortho.com,https://www.linkedin.com/search/results/people/?keywords=%22Director+of+IT%22+%22The+Centers+for+Advanced+Orthopaedics%22,,,https://twitter.com/cfaortho,https://www.facebook.com/CFAOrtho/,https://www.instagram.com/cfaortho/,https://www.youtube.com/channel/UC667Tad_Cr0boycmBk6NL6g/,,https://www.google.com/search?q=The+Centers+for+Advanced+Orthopaedics+%22Director+of+IT%22+site%3Alinkedin.com%2Fin
19,Illinois Bone & Joint Institute,Healthcare / Medical Practices,Orthopedics,Morton Grove,IL,700,$100M-$200M,EHR integration AI,$10K-$20K,Chief Operating Officer,www.ibji.com,3,100+ physicians; Chicago area,info@ibji.com,contact@ibji.com,(171) 387-0716,(176) 309-0158; (171) 825-2774,pattern,,,[first].[last]@ibji.com; [f][last]@ibji.com; [first]@ibji.com; [first][last]@ibji.com,https://www.linkedin.com/search/results/people/?keywords=%22Chief+Operating+Officer%22+%22Illinois+Bone+%26+Joint+Institute%22,https://www.linkedin.com/company/illinois-bone-and-joint-institute,,,https://www.facebook.com/IllinoisBoneAndJointInstitute,https://www.instagram.com/ibji_/,,,https://www.google.com/search?q=Illinois+Bone+%26+Joint+Institute+%22Chief+Operating+Officer%22+site%3Alinkedin.com%2Fin
20,Midwest Orthopaedics at Rush,Healthcare / Medical Practices,Orthopedics,Chicago,IL,500,$50M-$100M,Patient scheduling AI,$10K-$20K,Practice Administrator,www.rushortho.com,3,Top-ranked ortho practice,contact@rushortho.com,,(661) 534-6724,(305) 325-6444; (032) 376-6903,pattern,,,[first].[last]@rushortho.com; [f][last]@rushortho.com; [first]@rushortho.com; [first][last]@rushortho.com,https://www.linkedin.com/search/results/people/?keywords=%22Practice+Administrator%22+%22Midwest+Orthopaedics+at+Rush%22,https://www.linkedin.com/company/midwest-orthopaedics-at-rush,,https://twitter.com/RushOrthopedics,https://www.facebook.com/MidwestOrthopaedicsatRush/,https://www.instagram.com/mor_docs/,,,https://www.google.com/search?q=Midwest+Orthopaedics+at+Rush+%22Practice+Administrator%22+site%3Alinkedin.com%2Fin
21,WellNow Urgent Care,Healthcare / Medical Practices,Urgent Care,Syracuse,NY,1800,$100M-$200M,Patient triage AI,$10K-$25K,VP of Operations,www.wellnow.com,3,Expanding in Northeast US,info@wellnow.com,contact@wellnow.com,,,pattern,,,[first].[last]@wellnow.com; [f][last]@wellnow.com; [first]@wellnow.com; [first][last]@wellnow.com,https://www.linkedin.com/search/results/people/?keywords=%22VP+of+Operations%22+%22WellNow+Urgent+Care%22,,,,,,,,https://www.google.com/search?q=WellNow+Urgent+Care+%22VP+of+Operations%22+site%3Alinkedin.com%2Fin
22,Fast Pace Health,Healthcare / Medical Practices,Urgent Care,Franklin,TN,2500,$200M-$500M,Clinical documentation AI,$15K-$30K,Chief Technology Officer,www.fastpacehealth.com,4,Rapid growth; rural-focused,info@fastpacehealth.com,contact@fastpacehealth.com,(173) 406-2602,(175) 340-7932; (174) 172-7681,pattern,,,[first].[last]@fastpacehealth.com; [f][last]@fastpacehealth.com; [first]@fastpacehealth.com; [first][last]@fastpacehealth.com,https://www.linkedin.com/search/results/people/?keywords=%22Chief+Technology+Officer%22+%22Fast+Pace+Health%22,https://www.linkedin.com/company/fastpacehealth,,https://x.com/fastpacehealth,https://www.facebook.com/FastPaceHealth,https://www.instagram.com/fastpacehealth/,,,https://www.google.com/search?q=Fast+Pace+Health+%22Chief+Technology+Officer%22+site%3Alinkedin.com%2Fin
23,CityMD,Healthcare / Medical Practices,Urgent Care,New York,NY,3000,$500M-$1B,Patient check-in automation,$20K-$40K,VP of Technology,www.citymd.com,5,Part of VillageMD/Walgreens,info@citymd.com,contact@citymd.com,,,pattern,,,[first].[last]@citymd.com; [f][last]@citymd.com; [first]@citymd.com; [first][last]@citymd.com,https://www.linkedin.com/search/results/people/?keywords=%22VP+of+Technology%22+%22CityMD%22,,,,,,,,https://www.google.com/search?q=CityMD+%22VP+of+Technology%22+site%3Alinkedin.com%2Fin
24,MinuteClinic (CVS Health),Healthcare / Medical Practices,Retail Health,Woonsocket,RI,4000,$500M-$1B,Patient scheduling AI,$25K-$50K,Director of Digital Health,www.cvs.com/minuteclinic,4,1100+ locations inside CVS,info@cvs.com,contact@cvs.com,(684) 509-8009,(424) 365-8649; (207) 271-0835,pattern,,,[first].[last]@cvs.com/minuteclinic; [f][last]@cvs.com/minuteclinic; [first]@cvs.com/minuteclinic; [first][last]@cvs.com/minuteclinic,https://www.linkedin.com/search/results/people/?keywords=%22Director+of+Digital+Health%22+%22MinuteClinic+%28CVS+Health%29%22,https://www.linkedin.com/company/cvs-pharmacy,,https://twitter.com/cvspharmacy,https://www.facebook.com/CVS,https://www.instagram.com/cvspharmacy/,,,https://www.google.com/search?q=MinuteClinic+%28CVS+Health%29+%22Director+of+Digital+Health%22+site%3Alinkedin.com%2Fin
25,Oak Street Health,Healthcare / Medical Practices,Primary Care,Chicago,IL,6000,$1B+,Care coordination AI,$30K-$50K,Chief Digital Officer,www.oakstreethealth.com,5,Now part of CVS; Medicare-focused,info@oakstreethealth.com,contact@oakstreethealth.com,(829) 700-9583,(168) 607-9937; (888) 898-6762,pattern,,,[first].[last]@oakstreethealth.com; [f][last]@oakstreethealth.com; [first]@oakstreethealth.com; [first][last]@oakstreethealth.com,https://www.linkedin.com/search/results/people/?keywords=%22Chief+Digital+Officer%22+%22Oak+Street+Health%22,https://www.linkedin.com/company/oak-street-health,,https://x.com/oakstreethealth,https://www.facebook.com/OakStreetHealth,https://www.instagram.com/oakstreethealth,,,https://www.google.com/search?q=Oak+Street+Health+%22Chief+Digital+Officer%22+site%3Alinkedin.com%2Fin
26,agilon health,Healthcare / Medical Practices,Primary Care Platform,Long Beach,CA,800,$500M-$1B,Population health AI,$25K-$50K,VP of Technology,www.agilonhealth.com,5,Value-based care platform,info@agilonhealth.com,contact@agilonhealth.com,(172) 395-4126,(441) 276-5425; (774) 054-6648,pattern,,,[first].[last]@agilonhealth.com; [f][last]@agilonhealth.com; [first]@agilonhealth.com; [first][last]@agilonhealth.com,https://www.linkedin.com/search/results/people/?keywords=%22VP+of+Technology%22+%22agilon+health%22,https://www.linkedin.com/company/agilonhealth/,,,,https://www.instagram.com/agilonhealth/,https://www.youtube.com/channel/UCMf96WOxRDTqj1n9GsUvDcA,,https://www.google.com/search?q=agilon+health+%22VP+of+Technology%22+site%3Alinkedin.com%2Fin
27,One Medical,Healthcare / Medical Practices,Primary Care,San Francisco,CA,3000,$500M-$1B,Patient engagement AI,$20K-$40K,CTO,www.onemedical.com,4,Amazon subsidiary; tech-forward,techsupport@onemedical.com,feedback@onemedical.com; press@onemedical.com; strategicsourcing@onemedical.com,(015) 622-5786,(888) 663-6331; (888) 663-6331,scraped,,,[first].[last]@onemedical.com; [f][last]@onemedical.com; [first]@onemedical.com; [first][last]@onemedical.com,https://www.linkedin.com/search/results/people/?keywords=%22CTO%22+%22One+Medical%22,https://www.linkedin.com/company/one-medical-group,,https://twitter.com/onemedical,https://www.facebook.com/amazononemedical,https://www.instagram.com/amazononemedical/,https://www.youtube.com/channel/UCVuDmERByiofU8ss3Nz_Odw/,,https://www.google.com/search?q=One+Medical+%22CTO%22+site%3Alinkedin.com%2Fin
28,ChenMed,Healthcare / Medical Practices,Primary Care,Miami,FL,3500,$500M-$1B,Care management AI,$20K-$40K,Chief Information Officer,www.chenmed.com,4,Senior-focused primary care,info@chenmed.com,contact@chenmed.com,(112) 448-8044,(101) 205-2024; (101) 204-5612,pattern,,,[first].[last]@chenmed.com; [f][last]@chenmed.com; [first]@chenmed.com; [first][last]@chenmed.com,https://www.linkedin.com/search/results/people/?keywords=%22Chief+Information+Officer%22+%22ChenMed%22,https://www.linkedin.com/company/chenmed/,,https://twitter.com/ChenMed,https://www.facebook.com/ChenMedFamily,,https://www.youtube.com/channel/UCO9vTlHgHLLSZdi-qgakAUw,,https://www.google.com/search?q=ChenMed+%22Chief+Information+Officer%22+site%3Alinkedin.com%2Fin
29,Privia Health,Healthcare / Medical Practices,Multi-Specialty,Arlington,VA,4000,$1B+,Revenue cycle AI,$25K-$50K,Chief Technology Officer,www.priviahealth.com,5,700+ provider groups,priviapress@priviahealth.com,compliance@priviahealth.com; physicians@priviahealth.com,(130) 255-2950,(258) 353-0691; (133) 769-2863,scraped,,,[first].[last]@priviahealth.com; [f][last]@priviahealth.com; [first]@priviahealth.com; [first][last]@priviahealth.com,https://www.linkedin.com/search/results/people/?keywords=%22Chief+Technology+Officer%22+%22Privia+Health%22,https://www.linkedin.com/company/privia-health,https://www.linkedin.com/in/d-keith-fernandez-36837631; https://www.linkedin.com/in/mark-foulke-71617582/; https://www.linkedin.com/in/rpborchert/,https://www.x.com/priviahealth,https://www.facebook.com/PriviaInc/,https://www.instagram.com/priviahealth,,,https://www.google.com/search?q=Privia+Health+%22Chief+Technology+Officer%22+site%3Alinkedin.com%2Fin
30,Marathon Health,Healthcare / Medical Practices,Employer Health,Burlington,VT,1500,$200M-$500M,Patient scheduling AI,$15K-$25K,VP of Operations,www.marathon-health.com,3,Employer-sponsored health centers,hello@marathon.health,patient@marathon.health; press@marathon.health,(693) 078-0880,(771) 442-2102; (693) 271-1066,scraped,,,[first].[last]@marathon-health.com; [f][last]@marathon-health.com; [first]@marathon-health.com; [first][last]@marathon-health.com,https://www.linkedin.com/search/results/people/?keywords=%22VP+of+Operations%22+%22Marathon+Health%22,https://www.linkedin.com/company/marathon-health/,https://www.linkedin.com/in/chadashcraft/; https://www.linkedin.com/in/steve-tumbarello/; https://www.linkedin.com/in/velezallison/,,https://www.facebook.com/MarathonHealth/,https://www.instagram.com/marathonhealth/,,,https://www.google.com/search?q=Marathon+Health+%22VP+of+Operations%22+site%3Alinkedin.com%2Fin
31,VillageMD,Healthcare / Medical Practices,Primary Care,Chicago,IL,8000,$1B+,Clinical AI assistants,$30K-$50K,Chief Digital Officer,www.villagemd.com,5,Walgreens-backed; 680+ locations,patient-relations@villagemd.com,,(651) 750-3933,(772) 198-0090; (651) 750-3932,scraped,,,[first].[last]@villagemd.com; [f][last]@villagemd.com; [first]@villagemd.com; [first][last]@villagemd.com,https://www.linkedin.com/search/results/people/?keywords=%22Chief+Digital+Officer%22+%22VillageMD%22,,,https://twitter.com/VillageMD,https://www.facebook.com/pcvillagemd/,https://www.instagram.com/villagemd_/,,,https://www.google.com/search?q=VillageMD+%22Chief+Digital+Officer%22+site%3Alinkedin.com%2Fin
32,Carbon Health,Healthcare / Medical Practices,Primary Care/Urgent,San Francisco,CA,2000,$200M-$500M,AI-powered diagnostics,$15K-$30K,CTO,www.carbonhealth.com,4,Tech-first healthcare,support@carbonhealth.com,billing@carbonhealth.com; u003ecarbonfap@carbonhealth.com; u003creferralteam@carbonhealth.com,(115) 280-7572,(759) 476-4037; (415) 612-3256,scraped,,,[first].[last]@carbonhealth.com; [f][last]@carbonhealth.com; [first]@carbonhealth.com; [first][last]@carbonhealth.com,https://www.linkedin.com/search/results/people/?keywords=%22CTO%22+%22Carbon+Health%22,https://www.linkedin.com/company/carbon-health,,https://twitter.com/carbonhealth,https://www.facebook.com/CarbonHealth/,https://www.instagram.com/carbonhealth,,,https://www.google.com/search?q=Carbon+Health+%22CTO%22+site%3Alinkedin.com%2Fin
33,Iora Health,Healthcare / Medical Practices,Primary Care,Boston,MA,1200,$100M-$200M,Care coordination AI,$15K-$25K,VP of Technology,www.iorahealth.com,3,Now part of One Medical,info@iorahealth.com,contact@iorahealth.com,,,pattern,,,[first].[last]@iorahealth.com; [f][last]@iorahealth.com; [first]@iorahealth.com; [first][last]@iorahealth.com,https://www.linkedin.com/search/results/people/?keywords=%22VP+of+Technology%22+%22Iora+Health%22,,,,,,,,https://www.google.com/search?q=Iora+Health+%22VP+of+Technology%22+site%3Alinkedin.com%2Fin
34,PhyNet Dermatology,Healthcare / Medical Practices,Dermatology,Fort Worth,TX,600,$50M-$100M,Patient engagement automation,$10K-$20K,Director of Operations,www.phynetderm.com,3,Growing PE-backed derm platform,info@phynetderm.com,contact@phynetderm.com,,,pattern,,,[first].[last]@phynetderm.com; [f][last]@phynetderm.com; [first]@phynetderm.com; [first][last]@phynetderm.com,https://www.linkedin.com/search/results/people/?keywords=%22Director+of+Operations%22+%22PhyNet+Dermatology%22,,,,,,,,https://www.google.com/search?q=PhyNet+Dermatology+%22Director+of+Operations%22+site%3Alinkedin.com%2Fin
35,Anne Arundel Dermatology,Healthcare / Medical Practices,Dermatology,Annapolis,MD,500,$50M-$100M,Scheduling and billing AI,$10K-$20K,Practice Manager,www.aadermatology.com,3,Mid-Atlantic derm leader,info@aadermatology.com,contact@aadermatology.com,(177) 240-3267,(730) 237-7673; (177) 240-3275,pattern,,,[first].[last]@aadermatology.com; [f][last]@aadermatology.com; [first]@aadermatology.com; [first][last]@aadermatology.com,https://www.linkedin.com/search/results/people/?keywords=%22Practice+Manager%22+%22Anne+Arundel+Dermatology%22,https://www.linkedin.com/company/annearundeldermatology/,,,https://www.facebook.com/AnneArundelDermatology,https://www.instagram.com/annearundelderm/,https://www.youtube.com/@annearundeldermatology,,https://www.google.com/search?q=Anne+Arundel+Dermatology+%22Practice+Manager%22+site%3Alinkedin.com%2Fin
36,Sanova Dermatology,Healthcare / Medical Practices,Dermatology,Austin,TX,400,$25M-$50M,Patient follow-up AI,$8K-$15K,Operations Director,www.sanovadermatology.com,3,Texas-based growing network,info@sanovadermatology.com,contact@sanovadermatology.com,,,pattern,,,[first].[last]@sanovadermatology.com; [f][last]@sanovadermatology.com; [first]@sanovadermatology.com; [first][last]@sanovadermatology.com,https://www.linkedin.com/search/results/people/?keywords=%22Operations+Director%22+%22Sanova+Dermatology%22,,,,,,,,https://www.google.com/search?q=Sanova+Dermatology+%22Operations+Director%22+site%3Alinkedin.com%2Fin
37,Resurgens Orthopaedics,Healthcare / Medical Practices,Orthopedics,Atlanta,GA,600,$100M-$200M,Surgical scheduling AI,$10K-$25K,Director of IT,www.resurgens.com,3,Largest ortho in Atlanta,info@resurgens.com,,,(984) 259-0724; (248) 671-4329,pattern,,,[first].[last]@resurgens.com; [f][last]@resurgens.com; [first]@resurgens.com; [first][last]@resurgens.com,https://www.linkedin.com/search/results/people/?keywords=%22Director+of+IT%22+%22Resurgens+Orthopaedics%22,https://www.linkedin.com/company/resurgens-orthopaedics,,https://x.com/resurgensortho,https://www.facebook.com/ResurgensOrtho,https://www.instagram.com/resurgensortho/,,,https://www.google.com/search?q=Resurgens+Orthopaedics+%22Director+of+IT%22+site%3Alinkedin.com%2Fin
38,Optum Care,Healthcare / Medical Practices,Multi-Specialty,Eden Prairie,MN,50000,$10B+,AI clinical decision support,$40K-$50K,SVP of Innovation,www.optum.com,5,UnitedHealth subsidiary; massive network,info@optum.com,contact@optum.com,(287) 828-0618,(764) 692-3670; (761) 608-3908,pattern,,,[first].[last]@optum.com; [f][last]@optum.com; [first]@optum.com; [first][last]@optum.com,https://www.linkedin.com/search/results/people/?keywords=%22SVP+of+Innovation%22+%22Optum+Care%22,https://www.linkedin.com/company/optum,,https://x.com/secure/,https://www.facebook.com/myOptum/,https://www.instagram.com/optum/,,,https://www.google.com/search?q=Optum+Care+%22SVP+of+Innovation%22+site%3Alinkedin.com%2Fin
39,TeamHealth,Healthcare / Medical Practices,Hospital-Based,Knoxville,TN,20000,$5B+,Clinical documentation AI,$30K-$50K,Chief Digital Officer,www.teamhealth.com,5,16000+ clinicians,business_development@teamhealth.com,physicianjobs@teamhealth.com; patientbillinginquiries@teamhealth.com; media@teamhealth.com,(154) 274-0174,(023) 690-7292; (097) 448-3231,scraped,,,[first].[last]@teamhealth.com; [f][last]@teamhealth.com; [first]@teamhealth.com; [first][last]@teamhealth.com,https://www.linkedin.com/search/results/people/?keywords=%22Chief+Digital+Officer%22+%22TeamHealth%22,https://www.linkedin.com/company/teamhealth/,,https://twitter.com/teamhealth,https://www.facebook.com/teamhealth/,https://www.instagram.com/teamhealth/,,,https://www.google.com/search?q=TeamHealth+%22Chief+Digital+Officer%22+site%3Alinkedin.com%2Fin
40,Sound Physicians,Healthcare / Medical Practices,Hospital-Based,Tacoma,WA,4000,$500M-$1B,Revenue cycle AI,$20K-$40K,VP of Technology,www.soundphysicians.com,4,Multi-state hospitalist group,info@soundphysicians.com,contact@soundphysicians.com,(761) 941-8322,(177) 074-2473; (177) 074-4814,pattern,,,[first].[last]@soundphysicians.com; [f][last]@soundphysicians.com; [first]@soundphysicians.com; [first][last]@soundphysicians.com,https://www.linkedin.com/search/results/people/?keywords=%22VP+of+Technology%22+%22Sound+Physicians%22,https://www.linkedin.com/company/sound-physicians,,,https://www.facebook.com/soundphysicians,https://www.instagram.com/sound_physicians/,https://www.youtube.com/@sound_physicians,,https://www.google.com/search?q=Sound+Physicians+%22VP+of+Technology%22+site%3Alinkedin.com%2Fin
41,Kirkland & Ellis,Legal / Law Firms,BigLaw,Chicago,IL,3828,$5B+,Document review AI,$40K-$50K,Chief Innovation Officer,www.kirkland.com,5,Am Law #1; $8.8B gross revenue,info@kirkland.com,contact@kirkland.com,,,pattern,,,[first].[last]@kirkland.com; [f][last]@kirkland.com; [first]@kirkland.com; [first][last]@kirkland.com,https://www.linkedin.com/search/results/people/?keywords=%22Chief+Innovation+Officer%22+%22Kirkland+%26+Ellis%22,,,,,,,,https://www.google.com/search?q=Kirkland+%26+Ellis+%22Chief+Innovation+Officer%22+site%3Alinkedin.com%2Fin
42,Latham & Watkins,Legal / Law Firms,BigLaw,Los Angeles,CA,3584,$5B+,Contract analysis AI,$40K-$50K,Chief Technology Officer,www.lw.com,5,Am Law #2; $7B revenue,pr@lw.com,,(116) 682-1258,(797) 270-8479; (759) 900-5028,scraped,,,[first].[last]@lw.com; [f][last]@lw.com; [first]@lw.com; [first][last]@lw.com,https://www.linkedin.com/search/results/people/?keywords=%22Chief+Technology+Officer%22+%22Latham+%26+Watkins%22,https://www.linkedin.com/company/latham-,,https://twitter.com/lathamwatkins,https://www.facebook.com/lathamwatkins,https://www.instagram.com/lathamwatkins,,,https://www.google.com/search?q=Latham+%26+Watkins+%22Chief+Technology+Officer%22+site%3Alinkedin.com%2Fin
43,DLA Piper,Legal / Law Firms,BigLaw,Chicago,IL,4827,$1B+,Intake automation,$30K-$50K,CIO,www.dlapiper.com,5,4827 attorneys; global reach,info@dlapiper.com,contact@dlapiper.com,,,pattern,,,[first].[last]@dlapiper.com; [f][last]@dlapiper.com; [first]@dlapiper.com; [first][last]@dlapiper.com,https://www.linkedin.com/search/results/people/?keywords=%22CIO%22+%22DLA+Piper%22,,,,,,,,https://www.google.com/search?q=DLA+Piper+%22CIO%22+site%3Alinkedin.com%2Fin
44,Baker McKenzie,Legal / Law Firms,BigLaw,Chicago,IL,4700,$1B+,Contract lifecycle AI,$30K-$50K,Chief Innovation Officer,www.bakermckenzie.com,5,Global firm with AI appetite,info@bakermckenzie.com,contact@bakermckenzie.com,,,pattern,,,[first].[last]@bakermckenzie.com; [f][last]@bakermckenzie.com; [first]@bakermckenzie.com; [first][last]@bakermckenzie.com,https://www.linkedin.com/search/results/people/?keywords=%22Chief+Innovation+Officer%22+%22Baker+McKenzie%22,,,,,,,,https://www.google.com/search?q=Baker+McKenzie+%22Chief+Innovation+Officer%22+site%3Alinkedin.com%2Fin
45,Gibson Dunn,Legal / Law Firms,BigLaw,Los Angeles,CA,1940,$1B+,Litigation analytics AI,$30K-$50K,Director of Innovation,www.gibsondunn.com,5,Am Law top 5; $3.5B revenue,inquiriesmedia@gibsondunn.com,inquiries@gibsondunn.com; media@gibsondunn.com; kmarquart@gibsondunn.com,(177) 231-6499,(177) 231-6501; (240) 501-4777,scraped,,,[first].[last]@gibsondunn.com; [f][last]@gibsondunn.com; [first]@gibsondunn.com; [first][last]@gibsondunn.com,https://www.linkedin.com/search/results/people/?keywords=%22Director+of+Innovation%22+%22Gibson+Dunn%22,https://www.linkedin.com/company/gibson-dunn/,,https://x.com/gibsondunn,https://www.facebook.com/GibsonDunnCareers,,,,https://www.google.com/search?q=Gibson+Dunn+%22Director+of+Innovation%22+site%3Alinkedin.com%2Fin
46,Sidley Austin,Legal / Law Firms,BigLaw,Chicago,IL,1979,$1B+,Document review AI,$30K-$50K,CTO,www.sidley.com,4,Am Law top 10,info@sidley.com,contact@sidley.com,,,pattern,,,[first].[last]@sidley.com; [f][last]@sidley.com; [first]@sidley.com; [first][last]@sidley.com,https://www.linkedin.com/search/results/people/?keywords=%22CTO%22+%22Sidley+Austin%22,,,,,,,,https://www.google.com/search?q=Sidley+Austin+%22CTO%22+site%3Alinkedin.com%2Fin
47,Ropes & Gray,Legal / Law Firms,BigLaw,Boston,MA,1466,$1B+,Due diligence AI,$30K-$50K,Chief Knowledge Officer,www.ropesgray.com,4,Am Law top 10; $3.4B revenue,info@ropesgray.com,contact@ropesgray.com,(125) 016-8159,(768) 512-4579; (081) 125-1430,pattern,,,[first].[last]@ropesgray.com; [f][last]@ropesgray.com; [first]@ropesgray.com; [first][last]@ropesgray.com,https://www.linkedin.com/search/results/people/?keywords=%22Chief+Knowledge+Officer%22+%22Ropes+%26+Gray%22,https://www.linkedin.com/company/ropes-,,https://twitter.com/RopesGray,,https://www.instagram.com/ropesgray/,,,https://www.google.com/search?q=Ropes+%26+Gray+%22Chief+Knowledge+Officer%22+site%3Alinkedin.com%2Fin
48,Morgan Lewis,Legal / Law Firms,BigLaw,Philadelphia,PA,2200,$1B+,Contract analysis AI,$25K-$50K,Director of Legal Tech,www.morganlewis.com,4,2200+ lawyers,info@morganlewis.com,contact@morganlewis.com,,,pattern,,,[first].[last]@morganlewis.com; [f][last]@morganlewis.com; [first]@morganlewis.com; [first][last]@morganlewis.com,https://www.linkedin.com/search/results/people/?keywords=%22Director+of+Legal+Tech%22+%22Morgan+Lewis%22,,,,,,,,https://www.google.com/search?q=Morgan+Lewis+%22Director+of+Legal+Tech%22+site%3Alinkedin.com%2Fin
49,Greenberg Traurig,Legal / Law Firms,BigLaw,Miami,FL,2750,$1B+,Client intake AI,$25K-$50K,CIO,www.gtlaw.com,4,Global reach; 45 offices,info@gtlaw.com,contact@gtlaw.com,,,pattern,,,[first].[last]@gtlaw.com; [f][last]@gtlaw.com; [first]@gtlaw.com; [first][last]@gtlaw.com,https://www.linkedin.com/search/results/people/?keywords=%22CIO%22+%22Greenberg+Traurig%22,,,,,,,,https://www.google.com/search?q=Greenberg+Traurig+%22CIO%22+site%3Alinkedin.com%2Fin
50,Hogan Lovells,Legal / Law Firms,BigLaw,Washington,DC,2800,$1B+,Regulatory compliance AI,$25K-$50K,Chief Innovation Officer,www.hoganlovells.com,4,Strong regulatory practice,graduate.recruitment@hoganlovells.com,bdoperations@hoganlovells.com; accounts.payable@hoganlovells.com; informationsecurity@hoganlovells.com,(384) 497-7769,(000) 000-0029; (511) 802-2188,scraped,,,[first].[last]@hoganlovells.com; [f][last]@hoganlovells.com; [first]@hoganlovells.com; [first][last]@hoganlovells.com,https://www.linkedin.com/search/results/people/?keywords=%22Chief+Innovation+Officer%22+%22Hogan+Lovells%22,https://www.linkedin.com/company/5829/,,https://twitter.com/HoganLovells,,,,,https://www.google.com/search?q=Hogan+Lovells+%22Chief+Innovation+Officer%22+site%3Alinkedin.com%2Fin
51,Dorsey & Whitney,Legal / Law Firms,Mid-Size,Minneapolis,MN,550,$500M-$1B,Document review AI,$15K-$30K,Director of IT,www.dorsey.com,3,Am Law 101; $513M revenue,info@dorsey.com,contact@dorsey.com,,,pattern,,,[first].[last]@dorsey.com; [f][last]@dorsey.com; [first]@dorsey.com; [first][last]@dorsey.com,https://www.linkedin.com/search/results/people/?keywords=%22Director+of+IT%22+%22Dorsey+%26+Whitney%22,,,,,,,,https://www.google.com/search?q=Dorsey+%26+Whitney+%22Director+of+IT%22+site%3Alinkedin.com%2Fin
52,Williams Mullen,Legal / Law Firms,Mid-Size,Richmond,VA,300,$100M-$200M,Contract analysis AI,$10K-$25K,Director of Technology,www.williamsmullen.com,3,Am Law 173; $195M revenue,ask@williamsmullen.com,acctsdisb@williamsmullen.com; mediainquiry@williamsmullen.com,(804) 420-6000,(804) 420-6507; (315) 360-0000,scraped,,,[first].[last]@williamsmullen.com; [f][last]@williamsmullen.com; [first]@williamsmullen.com; [first][last]@williamsmullen.com,https://www.linkedin.com/search/results/people/?keywords=%22Director+of+Technology%22+%22Williams+Mullen%22,https://www.linkedin.com/company/williams-mullen/,,https://twitter.com/WilliamsMullen,https://www.facebook.com/williamsmullen,https://www.instagram.com/williams.mullen/,,,https://www.google.com/search?q=Williams+Mullen+%22Director+of+Technology%22+site%3Alinkedin.com%2Fin
53,Freeman Mathis & Gary,Legal / Law Firms,Mid-Size,Atlanta,GA,350,$100M-$200M,Litigation support AI,$10K-$25K,Chief Operating Officer,www.fmglaw.com,3,Am Law 185; fast growing,info@fmglaw.com,contact@fmglaw.com,(176) 951-7429,(170) 559-6436; (105) 434-3634,pattern,,,[first].[last]@fmglaw.com; [f][last]@fmglaw.com; [first]@fmglaw.com; [first][last]@fmglaw.com,https://www.linkedin.com/search/results/people/?keywords=%22Chief+Operating+Officer%22+%22Freeman+Mathis+%26+Gary%22,https://www.LinkedIn.com/company/freeman-mathis-,,https://Twitter.com/FMGLaw,https://www.facebook.com/fmglaw/,https://www.instagram.com/fmglawfirm/,,,https://www.google.com/search?q=Freeman+Mathis+%26+Gary+%22Chief+Operating+Officer%22+site%3Alinkedin.com%2Fin
54,Corboy & Demetrio,Legal / Law Firms,Personal Injury,Chicago,IL,50,$50M-$100M,Case intake AI,$10K-$20K,Managing Partner,www.corboydemetrio.com,3,$5B+ in verdicts,info@corboydemetrio.com,contact@corboydemetrio.com,(177) 214-4773,(794) 488-7913; (800) 356-3191,pattern,,,[first].[last]@corboydemetrio.com; [f][last]@corboydemetrio.com; [first]@corboydemetrio.com; [first][last]@corboydemetrio.com,https://www.linkedin.com/search/results/people/?keywords=%22Managing+Partner%22+%22Corboy+%26+Demetrio%22,https://www.linkedin.com/company/670612/,,http://twitter.com/CorboyDemetrio,https://www.facebook.com/tr,https://www.instagram.com/corboydemetrio/,,,https://www.google.com/search?q=Corboy+%26+Demetrio+%22Managing+Partner%22+site%3Alinkedin.com%2Fin
55,Thomas J. Henry,Legal / Law Firms,Personal Injury,San Antonio,TX,200,$100M-$200M,Lead intake automation,$15K-$25K,Director of Operations,www.thomasjhenrylaw.com,4,Major PI firm; national reach,info@tjhlaw.com,,(714) 285-7143,(571) 428-5714; (234) 285-7142,scraped,,,[first].[last]@thomasjhenrylaw.com; [f][last]@thomasjhenrylaw.com; [first]@thomasjhenrylaw.com; [first][last]@thomasjhenrylaw.com,https://www.linkedin.com/search/results/people/?keywords=%22Director+of+Operations%22+%22Thomas+J.+Henry%22,https://www.linkedin.com/company/thomas-j-henry-law/,,https://twitter.com/thomasjhenrylaw,https://www.facebook.com/tjhlaw/,https://www.instagram.com/tjhlaw/,https://www.youtube.com/channel/UCzQq-ZFJIAJOHyxyxzDZEJQ,,https://www.google.com/search?q=Thomas+J.+Henry+%22Director+of+Operations%22+site%3Alinkedin.com%2Fin
56,Lubin & Meyer,Legal / Law Firms,Personal Injury,Boston,MA,30,$25M-$50M,Case assessment AI,$8K-$15K,Managing Partner,www.lubinandmeyer.com,3,36 million-dollar verdicts in 2024,info@lubinandmeyer.com,contact@lubinandmeyer.com,(617) 720-4447,(102) 969-7315; (093) 625-3773,pattern,,,[first].[last]@lubinandmeyer.com; [f][last]@lubinandmeyer.com; [first]@lubinandmeyer.com; [first][last]@lubinandmeyer.com,https://www.linkedin.com/search/results/people/?keywords=%22Managing+Partner%22+%22Lubin+%26+Meyer%22,,,https://x.com/lubinandmeyer,https://www.facebook.com/lubinandmeyer,https://www.instagram.com/lubinandmeyer/,,,https://www.google.com/search?q=Lubin+%26+Meyer+%22Managing+Partner%22+site%3Alinkedin.com%2Fin
57,Reeves Law Group,Legal / Law Firms,Personal Injury,Los Angeles,CA,40,$25M-$50M,Client intake automation,$8K-$15K,Office Manager,www.reaborneslaw.com,3,30+ years; $250M+ recovered,info@reaborneslaw.com,contact@reaborneslaw.com,,,pattern,,,[first].[last]@reaborneslaw.com; [f][last]@reaborneslaw.com; [first]@reaborneslaw.com; [first][last]@reaborneslaw.com,https://www.linkedin.com/search/results/people/?keywords=%22Office+Manager%22+%22Reeves+Law+Group%22,,,,,,,,https://www.google.com/search?q=Reeves+Law+Group+%22Office+Manager%22+site%3Alinkedin.com%2Fin
58,Levin & Perconti,Legal / Law Firms,Personal Injury,Chicago,IL,25,$10M-$25M,Case management AI,$8K-$15K,Managing Partner,www.levinperconti.com,3,200+ years combined experience,info@levinperconti.com,contact@levinperconti.com,(214) 748-3630,(564) 301-6993; (762) 040-4808,pattern,,,[first].[last]@levinperconti.com; [f][last]@levinperconti.com; [first]@levinperconti.com; [first][last]@levinperconti.com,https://www.linkedin.com/search/results/people/?keywords=%22Managing+Partner%22+%22Levin+%26+Perconti%22,https://www.linkedin.com/company/levin-,,https://twitter.com/illinoisinjury,https://www.facebook.com/LevinAndPerconti/,https://www.instagram.com/levinperconti/,https://www.youtube.com/@levinandperconti,,https://www.google.com/search?q=Levin+%26+Perconti+%22Managing+Partner%22+site%3Alinkedin.com%2Fin
59,Goldberg Persky & White,Legal / Law Firms,Personal Injury,Pittsburgh,PA,80,$25M-$50M,Document review AI,$10K-$20K,Director of IT,www.gpwlaw.com,3,35+ years; asbestos focus,info@gpwlaw.com,contact@gpwlaw.com,(174) 595-3746,(176) 831-7983; (148) 202-9215,pattern,,,[first].[last]@gpwlaw.com; [f][last]@gpwlaw.com; [first]@gpwlaw.com; [first][last]@gpwlaw.com,https://www.linkedin.com/search/results/people/?keywords=%22Director+of+IT%22+%22Goldberg+Persky+%26+White%22,,,,,,,,https://www.google.com/search?q=Goldberg+Persky+%26+White+%22Director+of+IT%22+site%3Alinkedin.com%2Fin
60,Nelson Mullins,Legal / Law Firms,Mid-Size,Columbia,SC,900,$500M-$1B,Contract lifecycle AI,$20K-$35K,Chief Innovation Officer,www.nelsonmullins.com,4,Am Law 100; 30+ offices,gc@nelsonmullins.com,,(800) 237-2000,(176) 598-6385; (176) 494-9613,scraped,,,[first].[last]@nelsonmullins.com; [f][last]@nelsonmullins.com; [first]@nelsonmullins.com; [first][last]@nelsonmullins.com,https://www.linkedin.com/search/results/people/?keywords=%22Chief+Innovation+Officer%22+%22Nelson+Mullins%22,https://www.linkedin.com/company/165138,,https://x.com/NelsonMullins,https://www.facebook.com/NelsonMullinsRileyScarborough,https://www.instagram.com/nelson_mullins/,,,https://www.google.com/search?q=Nelson+Mullins+%22Chief+Innovation+Officer%22+site%3Alinkedin.com%2Fin
61,Polsinelli,Legal / Law Firms,Mid-Size,Kansas City,MO,1000,$500M-$1B,Healthcare regulatory AI,$20K-$35K,CIO,www.polsinelli.com,4,Am Law 100; health law focus,info@polsinelli.com,contact@polsinelli.com,,,pattern,,,[first].[last]@polsinelli.com; [f][last]@polsinelli.com; [first]@polsinelli.com; [first][last]@polsinelli.com,https://www.linkedin.com/search/results/people/?keywords=%22CIO%22+%22Polsinelli%22,,,,,,,,https://www.google.com/search?q=Polsinelli+%22CIO%22+site%3Alinkedin.com%2Fin
62,Husch Blackwell,Legal / Law Firms,Mid-Size,Kansas City,MO,750,$500M-$1B,Contract analysis AI,$15K-$30K,Director of Innovation,www.huschblackwell.com,4,18 offices; diverse practice,info@huschblackwell.com,contact@huschblackwell.com,,,pattern,,,[first].[last]@huschblackwell.com; [f][last]@huschblackwell.com; [first]@huschblackwell.com; [first][last]@huschblackwell.com,https://www.linkedin.com/search/results/people/?keywords=%22Director+of+Innovation%22+%22Husch+Blackwell%22,https://www.linkedin.com/company/husch-blackwell/,,https://twitter.com/huschblackwell,https://www.facebook.com/HuschBlackwellLawFirm,https://www.instagram.com/huschblackwell/,,,https://www.google.com/search?q=Husch+Blackwell+%22Director+of+Innovation%22+site%3Alinkedin.com%2Fin
63,Littler Mendelson,Legal / Law Firms,Employment Law,San Francisco,CA,1800,$1B+,Employment compliance AI,$20K-$40K,Chief Technology Officer,www.littler.com,4,Largest employment law firm,info@littler.com,contact@littler.com,,,pattern,,,[first].[last]@littler.com; [f][last]@littler.com; [first]@littler.com; [first][last]@littler.com,https://www.linkedin.com/search/results/people/?keywords=%22Chief+Technology+Officer%22+%22Littler+Mendelson%22,https://www.linkedin.com/company/littler-mendelson,,https://x.com/littler,https://www.facebook.com/littlerlaw,https://www.instagram.com/littler_law/,https://www.youtube.com/channel/UCDeg2MPd57_rRzLsSKWps9Q,,https://www.google.com/search?q=Littler+Mendelson+%22Chief+Technology+Officer%22+site%3Alinkedin.com%2Fin
64,Fisher Phillips,Legal / Law Firms,Employment Law,Atlanta,GA,600,$200M-$500M,HR compliance AI,$15K-$25K,Director of IT,www.fisherphillips.com,3,37 offices; labor law focus,fpcontactus@fisherphillips.com,,(143) 976-0884,(131) 897-0872; (500) 000-0000,scraped,,,[first].[last]@fisherphillips.com; [f][last]@fisherphillips.com; [first]@fisherphillips.com; [first][last]@fisherphillips.com,https://www.linkedin.com/search/results/people/?keywords=%22Director+of+IT%22+%22Fisher+Phillips%22,https://www.linkedin.com/company/fisher-,,https://twitter.com/labor_attorneys,https://www.facebook.com/fisherphillipsllp/,,https://www.youtube.com/channel/UCHCDdUXOnEjfOtUYu6OqTxA,,https://www.google.com/search?q=Fisher+Phillips+%22Director+of+IT%22+site%3Alinkedin.com%2Fin
65,Ogletree Deakins,Legal / Law Firms,Employment Law,Greenville,SC,950,$500M-$1B,Document automation,$15K-$30K,CIO,www.ogletree.com,4,56 offices; employment law,info@ogletree.com,contact@ogletree.com,,,pattern,,,[first].[last]@ogletree.com; [f][last]@ogletree.com; [first]@ogletree.com; [first][last]@ogletree.com,https://www.linkedin.com/search/results/people/?keywords=%22CIO%22+%22Ogletree+Deakins%22,https://www.linkedin.com/company/ogletree-deakins,,https://twitter.com/ogletreedeakins,,https://www.instagram.com/ogletreedeakins/,,,https://www.google.com/search?q=Ogletree+Deakins+%22CIO%22+site%3Alinkedin.com%2Fin
66,Jackson Lewis,Legal / Law Firms,Employment Law,White Plains,NY,950,$500M-$1B,Intake automation,$15K-$30K,Director of Technology,www.jacksonlewis.com,4,58 offices nationwide,info@jacksonlewis.com,contact@jacksonlewis.com,(133) 178-1687,(034) 092-1687; (273) 611-1687,pattern,,,[first].[last]@jacksonlewis.com; [f][last]@jacksonlewis.com; [first]@jacksonlewis.com; [first][last]@jacksonlewis.com,https://www.linkedin.com/search/results/people/?keywords=%22Director+of+Technology%22+%22Jackson+Lewis%22,https://www.linkedin.com/company/jackson-lewis-p-c,,https://x.com/jacksonlewispc,https://www.facebook.com/JacksonLewisPC,,,,https://www.google.com/search?q=Jackson+Lewis+%22Director+of+Technology%22+site%3Alinkedin.com%2Fin
67,Ice Miller,Legal / Law Firms,Mid-Size,Indianapolis,IN,350,$200M-$500M,Contract review AI,$10K-$25K,Director of IT,www.icemiller.com,3,Strong Midwest presence,info@icemiller.com,contact@icemiller.com,(241) 717-6891,,pattern,,,[first].[last]@icemiller.com; [f][last]@icemiller.com; [first]@icemiller.com; [first][last]@icemiller.com,https://www.linkedin.com/search/results/people/?keywords=%22Director+of+IT%22+%22Ice+Miller%22,,,,,,,,https://www.google.com/search?q=Ice+Miller+%22Director+of+IT%22+site%3Alinkedin.com%2Fin
68,Ballard Spahr,Legal / Law Firms,Mid-Size,Philadelphia,PA,600,$500M-$1B,eDiscovery AI,$15K-$30K,Chief Innovation Officer,www.ballardspahr.com,4,15 offices; diverse practice,info@ballardspahr.com,contact@ballardspahr.com,,,pattern,,,[first].[last]@ballardspahr.com; [f][last]@ballardspahr.com; [first]@ballardspahr.com; [first][last]@ballardspahr.com,https://www.linkedin.com/search/results/people/?keywords=%22Chief+Innovation+Officer%22+%22Ballard+Spahr%22,,,,,,,,https://www.google.com/search?q=Ballard+Spahr+%22Chief+Innovation+Officer%22+site%3Alinkedin.com%2Fin
69,Blank Rome,Legal / Law Firms,Mid-Size,Philadelphia,PA,600,$500M-$1B,Document review AI,$15K-$30K,Director of Technology,www.blankrome.com,4,14 offices nationwide,webmaster@blankrome.com,,(118) 760-9169,(149) 933-1632; (146) 585-4239,scraped,,,[first].[last]@blankrome.com; [f][last]@blankrome.com; [first]@blankrome.com; [first][last]@blankrome.com,https://www.linkedin.com/search/results/people/?keywords=%22Director+of+Technology%22+%22Blank+Rome%22,https://www.linkedin.com/company/blank-rome-llp/,,https://x.com/security/,,,,,https://www.google.com/search?q=Blank+Rome+%22Director+of+Technology%22+site%3Alinkedin.com%2Fin
70,Stoel Rives,Legal / Law Firms,Mid-Size,Portland,OR,400,$200M-$500M,Contract analysis AI,$10K-$25K,Director of IT,www.stoel.com,3,West Coast focused,info@stoel.com,contact@stoel.com,,,pattern,,,[first].[last]@stoel.com; [f][last]@stoel.com; [first]@stoel.com; [first][last]@stoel.com,https://www.linkedin.com/search/results/people/?keywords=%22Director+of+IT%22+%22Stoel+Rives%22,,,,,,,,https://www.google.com/search?q=Stoel+Rives+%22Director+of+IT%22+site%3Alinkedin.com%2Fin
71,Sheppard Mullin,Legal / Law Firms,Mid-Size,Los Angeles,CA,1000,$500M-$1B,Legal research AI,$20K-$35K,CIO,www.sheppardmullin.com,4,Am Law 100; 16 offices,info@sheppardmullin.com,contact@sheppardmullin.com,,,pattern,,,[first].[last]@sheppardmullin.com; [f][last]@sheppardmullin.com; [first]@sheppardmullin.com; [first][last]@sheppardmullin.com,https://www.linkedin.com/search/results/people/?keywords=%22CIO%22+%22Sheppard+Mullin%22,,,,,,,,https://www.google.com/search?q=Sheppard+Mullin+%22CIO%22+site%3Alinkedin.com%2Fin
72,Seyfarth Shaw,Legal / Law Firms,Mid-Size,Chicago,IL,900,$500M-$1B,Process automation AI,$20K-$35K,Chief Innovation Officer,www.seyfarth.com,4,Known for legal innovation,info@seyfarth.com,contact@seyfarth.com,,,pattern,,,[first].[last]@seyfarth.com; [f][last]@seyfarth.com; [first]@seyfarth.com; [first][last]@seyfarth.com,https://www.linkedin.com/search/results/people/?keywords=%22Chief+Innovation+Officer%22+%22Seyfarth+Shaw%22,,,,,,,,https://www.google.com/search?q=Seyfarth+Shaw+%22Chief+Innovation+Officer%22+site%3Alinkedin.com%2Fin
73,Lewis Brisbois,Legal / Law Firms,Mid-Size,Los Angeles,CA,1500,$500M-$1B,Litigation analytics AI,$15K-$30K,Director of Technology,www.lewisbrisbois.com,4,50+ offices; rapid growth,info@lewisbrisbois.com,contact@lewisbrisbois.com,(240) 199-4693,(176) 841-7779; (128) 172-3228,pattern,,,[first].[last]@lewisbrisbois.com; [f][last]@lewisbrisbois.com; [first]@lewisbrisbois.com; [first][last]@lewisbrisbois.com,https://www.linkedin.com/search/results/people/?keywords=%22Director+of+Technology%22+%22Lewis+Brisbois%22,https://www.linkedin.com/company/lewis-brisbois,,https://twitter.com/lewisbrisbois,https://www.facebook.com/LewisBrisboisLaw/,https://www.instagram.com/lewisbrisbois,,,https://www.google.com/search?q=Lewis+Brisbois+%22Director+of+Technology%22+site%3Alinkedin.com%2Fin
74,Buchanan Ingersoll & Rooney,Legal / Law Firms,Mid-Size,Pittsburgh,PA,400,$200M-$500M,Client intake AI,$10K-$25K,Director of IT,www.bipc.com,3,15 offices,info@bipc.com,contact@bipc.com,,,pattern,,,[first].[last]@bipc.com; [f][last]@bipc.com; [first]@bipc.com; [first][last]@bipc.com,https://www.linkedin.com/search/results/people/?keywords=%22Director+of+IT%22+%22Buchanan+Ingersoll+%26+Rooney%22,,,,,,,,https://www.google.com/search?q=Buchanan+Ingersoll+%26+Rooney+%22Director+of+IT%22+site%3Alinkedin.com%2Fin
75,Burns & Levinson,Legal / Law Firms,Mid-Size,Boston,MA,125,$50M-$100M,Contract review AI,$8K-$20K,Managing Partner,www.burnslev.com,3,Founded 1960; Boston-based,info@burnslev.com,contact@burnslev.com,,,pattern,,,[first].[last]@burnslev.com; [f][last]@burnslev.com; [first]@burnslev.com; [first][last]@burnslev.com,https://www.linkedin.com/search/results/people/?keywords=%22Managing+Partner%22+%22Burns+%26+Levinson%22,,,,,,,,https://www.google.com/search?q=Burns+%26+Levinson+%22Managing+Partner%22+site%3Alinkedin.com%2Fin
76,Davis Wright Tremaine,Legal / Law Firms,Mid-Size,Seattle,WA,550,$500M-$1B,Document review AI,$15K-$30K,CIO,www.dwt.com,4,9 offices; NW focus,info@dwt.com,contact@dwt.com,,,pattern,,,[first].[last]@dwt.com; [f][last]@dwt.com; [first]@dwt.com; [first][last]@dwt.com,https://www.linkedin.com/search/results/people/?keywords=%22CIO%22+%22Davis+Wright+Tremaine%22,,,,,,,,https://www.google.com/search?q=Davis+Wright+Tremaine+%22CIO%22+site%3Alinkedin.com%2Fin
77,Dentons,Legal / Law Firms,BigLaw,Washington,DC,12000,$1B+,Knowledge management AI,$30K-$50K,Chief Innovation Officer,www.dentons.com,5,World largest law firm,info@dentons.com,contact@dentons.com,,,pattern,,,[first].[last]@dentons.com; [f][last]@dentons.com; [first]@dentons.com; [first][last]@dentons.com,https://www.linkedin.com/search/results/people/?keywords=%22Chief+Innovation+Officer%22+%22Dentons%22,,,,,,,,https://www.google.com/search?q=Dentons+%22Chief+Innovation+Officer%22+site%3Alinkedin.com%2Fin
78,Jones Day,Legal / Law Firms,BigLaw,Cleveland,OH,2400,$1B+,Document review AI,$30K-$50K,CTO,www.jonesday.com,5,42 offices globally,info@jonesday.com,contact@jonesday.com,,,pattern,,,[first].[last]@jonesday.com; [f][last]@jonesday.com; [first]@jonesday.com; [first][last]@jonesday.com,https://www.linkedin.com/search/results/people/?keywords=%22CTO%22+%22Jones+Day%22,,,,,,,,https://www.google.com/search?q=Jones+Day+%22CTO%22+site%3Alinkedin.com%2Fin
79,Quinn Emanuel,Legal / Law Firms,Litigation,Los Angeles,CA,900,$1B+,Litigation analytics AI,$25K-$50K,Director of Innovation,www.quinnemanuel.com,5,Top litigation firm,publicrelations@quinnemanuel.com,,(639) 079-7148,,scraped,,,[first].[last]@quinnemanuel.com; [f][last]@quinnemanuel.com; [first]@quinnemanuel.com; [first][last]@quinnemanuel.com,https://www.linkedin.com/search/results/people/?keywords=%22Director+of+Innovation%22+%22Quinn+Emanuel%22,https://www.linkedin.com/company/quinn-emanuel/,,https://twitter.com/quinnemanuel,https://www.facebook.com/QETrialLawyers/,https://www.instagram.com/quinnemanuel/,https://www.youtube.com/channel/UCuAVJTZ1TkX9gPmf5ciJSjA,,https://www.google.com/search?q=Quinn+Emanuel+%22Director+of+Innovation%22+site%3Alinkedin.com%2Fin
80,Paul Weiss,Legal / Law Firms,BigLaw,New York,NY,1100,$1B+,Due diligence AI,$30K-$50K,Chief Knowledge Officer,www.paulweiss.com,5,Am Law top 10; NY-based,pdavidson@paulweiss.com,dprice@paulweiss.com; lvandrie@paulweiss.com; probono@paulweiss.com,(052) 655-4893,(517) 367-6587; (000) 003-6555,scraped,,,[first].[last]@paulweiss.com; [f][last]@paulweiss.com; [first]@paulweiss.com; [first][last]@paulweiss.com,https://www.linkedin.com/search/results/people/?keywords=%22Chief+Knowledge+Officer%22+%22Paul+Weiss%22,https://www.linkedin.com/company/paul-weiss-rifkind-wharton-,,https://x.com/paulweissllp,https://www.facebook.com/people/,,,,https://www.google.com/search?q=Paul+Weiss+%22Chief+Knowledge+Officer%22+site%3Alinkedin.com%2Fin
81,Greystar,Real Estate / Property Management,Multifamily PM,Charleston,SC,25000,$1B+,Lead qualification AI,$25K-$50K,Chief Technology Officer,www.greystar.com,5,980K+ units; largest multifamily manager,bob@greystar.com,,(000) 000-0031,(772) 262-7784; (772) 262-6614,scraped,,,[first].[last]@greystar.com; [f][last]@greystar.com; [first]@greystar.com; [first][last]@greystar.com,https://www.linkedin.com/search/results/people/?keywords=%22Chief+Technology+Officer%22+%22Greystar%22,https://www.linkedin.com/company/greystar,,https://x.com/GreystarApts,,https://www.instagram.com/greystarapartments,,,https://www.google.com/search?q=Greystar+%22Chief+Technology+Officer%22+site%3Alinkedin.com%2Fin
82,Asset Living,Real Estate / Property Management,Multifamily PM,Houston,TX,8000,$500M-$1B,Tenant screening AI,$20K-$40K,VP of Technology,www.assetliving.com,4,289K units managed,info@assetliving.com,,(533) 161-0730,(416) 666-6666; (812) 695-1092,pattern,,,[first].[last]@assetliving.com; [f][last]@assetliving.com; [first]@assetliving.com; [first][last]@assetliving.com,https://www.linkedin.com/search/results/people/?keywords=%22VP+of+Technology%22+%22Asset+Living%22,https://www.linkedin.com/company/asset-living,https://www.linkedin.com/in/cindy-batey-1157631/; https://www.linkedin.com/in/roberth3/; https://www.linkedin.com/in/adamschaefer/,https://twitter.com/Asset_Living,https://www.facebook.com/AssetLiving1/,https://www.instagram.com/assetliving/,https://www.youtube.com/channel/UCigvrnl3g1vlBZe65lplH1Q,,https://www.google.com/search?q=Asset+Living+%22VP+of+Technology%22+site%3Alinkedin.com%2Fin
83,RPM Living,Real Estate / Property Management,Multifamily PM,Austin,TX,5000,$200M-$500M,Listing automation,$15K-$30K,Director of Innovation,www.rpmliving.com,4,219K units managed,info@rpmliving.com,contact@rpmliving.com,(512) 480-9886,(765) 905-4576,pattern,,,[first].[last]@rpmliving.com; [f][last]@rpmliving.com; [first]@rpmliving.com; [first][last]@rpmliving.com,https://www.linkedin.com/search/results/people/?keywords=%22Director+of+Innovation%22+%22RPM+Living%22,https://www.linkedin.com/company/rpmliving,,,https://www.facebook.com/RPMLiving,https://www.instagram.com/rpmliving/,,,https://www.google.com/search?q=RPM+Living+%22Director+of+Innovation%22+site%3Alinkedin.com%2Fin
84,Willow Bridge Property Co,Real Estate / Property Management,Multifamily PM,Dallas,TX,4500,$200M-$500M,Tenant communication AI,$15K-$30K,CTO,www.willowbridgepc.com,4,220K units; 75 markets,info@willowbridgepc.com,contact@willowbridgepc.com,(169) 636-2820,(169) 636-2819; (169) 634-6450,pattern,,,[first].[last]@willowbridgepc.com; [f][last]@willowbridgepc.com; [first]@willowbridgepc.com; [first][last]@willowbridgepc.com,https://www.linkedin.com/search/results/people/?keywords=%22CTO%22+%22Willow+Bridge+Property+Co%22,https://www.linkedin.com/company/willow-bridge-pc/,,,https://facebook.com/WillowBridgePC,https://instagram.com/willowbridgepc,https://www.youtube.com/@WillowBridgePC,,https://www.google.com/search?q=Willow+Bridge+Property+Co+%22CTO%22+site%3Alinkedin.com%2Fin
85,Cushman & Wakefield,Real Estate / Property Management,Commercial RE,Chicago,IL,52000,$5B+,Lead qualification AI,$30K-$50K,Chief Digital Officer,www.cushmanwakefield.com,5,7.1B sq ft managed,info@cushmanwakefield.com,contact@cushmanwakefield.com,(639) 072-4524,(639) 080-0028; (281) 146-6965,pattern,,,[first].[last]@cushmanwakefield.com; [f][last]@cushmanwakefield.com; [first]@cushmanwakefield.com; [first][last]@cushmanwakefield.com,https://www.linkedin.com/search/results/people/?keywords=%22Chief+Digital+Officer%22+%22Cushman+%26+Wakefield%22,https://www.linkedin.com/company/cushman-,https://www.linkedin.com/in/michelle-m-mackay-3b720021/,https://x.com/cushwake,https://www.facebook.com/CushmanWakefield,https://www.instagram.com/cushwake/,,,https://www.google.com/search?q=Cushman+%26+Wakefield+%22Chief+Digital+Officer%22+site%3Alinkedin.com%2Fin
86,CBRE,Real Estate / Property Management,Commercial RE,Dallas,TX,130000,$10B+,Property analytics AI,$40K-$50K,CTO,www.cbre.com,5,7.3B sq ft; #1 commercial PM,info@cbre.com,contact@cbre.com,(842) 672-1226,(859) 261-4110,pattern,,,[first].[last]@cbre.com; [f][last]@cbre.com; [first]@cbre.com; [first][last]@cbre.com,https://www.linkedin.com/search/results/people/?keywords=%22CTO%22+%22CBRE%22,https://www.linkedin.com/company/cbre,,https://twitter.com/cbre,https://www.facebook.com/cbre,,,,https://www.google.com/search?q=CBRE+%22CTO%22+site%3Alinkedin.com%2Fin
87,JLL,Real Estate / Property Management,Commercial RE,Chicago,IL,106000,$10B+,Tenant engagement AI,$30K-$50K,Chief Technology Officer,www.jll.com,5,4.6B sq ft managed,info@jll.com,contact@jll.com,(000) 000-0025,(121) 074-5285; (771) 073-4191,pattern,,,[first].[last]@jll.com; [f][last]@jll.com; [first]@jll.com; [first][last]@jll.com,https://www.linkedin.com/search/results/people/?keywords=%22Chief+Technology+Officer%22+%22JLL%22,https://www.linkedin.com/company/jll,https://www.linkedin.com/in/sanjayrishi/,https://twitter.com/JLL,https://www.facebook.com/jll/,https://www.instagram.com/jll/,https://www.youtube.com/@joneslanglasalle,,https://www.google.com/search?q=JLL+%22Chief+Technology+Officer%22+site%3Alinkedin.com%2Fin
88,Lincoln Property Company,Real Estate / Property Management,Commercial RE,Dallas,TX,8000,$500M-$1B,Lease management AI,$20K-$40K,VP of Technology,www.lpc.com,4,557M sq ft managed,info@lpc.com,contact@lpc.com,(790) 988-1724,(703) 776-9522; (703) 777-2233,pattern,,,[first].[last]@lpc.com; [f][last]@lpc.com; [first]@lpc.com; [first][last]@lpc.com,https://www.linkedin.com/search/results/people/?keywords=%22VP+of+Technology%22+%22Lincoln+Property+Company%22,https://www.linkedin.com/company/lincolnpropertycompany,,https://twitter.com/lincolnpropco,,https://www.instagram.com/lincolnpropertyco/,,,https://www.google.com/search?q=Lincoln+Property+Company+%22VP+of+Technology%22+site%3Alinkedin.com%2Fin
89,Colliers International,Real Estate / Property Management,Commercial RE,Seattle,WA,19000,$1B+,Market analytics AI,$25K-$50K,Chief Innovation Officer,www.colliers.com,4,2.5B sq ft managed,info@colliers.com,contact@colliers.com,(491) 441-4348,(827) 834-5199; (694) 716-5237,pattern,,,[first].[last]@colliers.com; [f][last]@colliers.com; [first]@colliers.com; [first][last]@colliers.com,https://www.linkedin.com/search/results/people/?keywords=%22Chief+Innovation+Officer%22+%22Colliers+International%22,https://www.linkedin.com/company/colliers-international/,,https://twitter.com/Colliers,,https://www.instagram.com/colliersinternational/,,,https://www.google.com/search?q=Colliers+International+%22Chief+Innovation+Officer%22+site%3Alinkedin.com%2Fin
90,Hines,Real Estate / Property Management,Commercial RE,Houston,TX,5000,$1B+,Building operations AI,$25K-$50K,CTO,www.hines.com,5,274M sq ft; 112% growth,info@hines.com,contact@hines.com,,,pattern,,,[first].[last]@hines.com; [f][last]@hines.com; [first]@hines.com; [first][last]@hines.com,https://www.linkedin.com/search/results/people/?keywords=%22CTO%22+%22Hines%22,,,,,,,,https://www.google.com/search?q=Hines+%22CTO%22+site%3Alinkedin.com%2Fin
91,Evernest,Real Estate / Property Management,Residential PM,Birmingham,AL,1500,$100M-$200M,Tenant screening AI,$10K-$25K,Chief Technology Officer,www.evernest.co,4,47K+ doors; largest residential PM,support@evernest.co,,(205) 940-6363,(688) 338-8256; (978) 887-3410,scraped,,,[first].[last]@evernest.co; [f][last]@evernest.co; [first]@evernest.co; [first][last]@evernest.co,https://www.linkedin.com/search/results/people/?keywords=%22Chief+Technology+Officer%22+%22Evernest%22,https://www.linkedin.com/company/evernest,,,https://www.facebook.com/evernestpm,,https://www.youtube.com/c/Evernest1,,https://www.google.com/search?q=Evernest+%22Chief+Technology+Officer%22+site%3Alinkedin.com%2Fin
92,BH Management Services,Real Estate / Property Management,Multifamily PM,Des Moines,IA,3500,$200M-$500M,Leasing AI chatbot,$15K-$25K,VP of Operations,www.bhmanagement.com,4,107K units; 37 states,info@bhmanagement.com,contact@bhmanagement.com,(261) 422-2333,(349) 507-3498; (515) 244-2622,pattern,,,[first].[last]@bhmanagement.com; [f][last]@bhmanagement.com; [first]@bhmanagement.com; [first][last]@bhmanagement.com,https://www.linkedin.com/search/results/people/?keywords=%22VP+of+Operations%22+%22BH+Management+Services%22,https://www.linkedin.com/company/liveatbh,https://www.linkedin.com/in/jennifer-antos-9410a631/; https://www.linkedin.com/in/crflores11/; https://www.linkedin.com/in/kellykutach/,,https://www.facebook.com/LiveAtBH/,https://www.instagram.com/liveatbh/,,,https://www.google.com/search?q=BH+Management+Services+%22VP+of+Operations%22+site%3Alinkedin.com%2Fin
93,WinnResidential,Real Estate / Property Management,Affordable Housing,Boston,MA,4000,$200M-$500M,Compliance automation,$15K-$30K,Director of IT,www.winncompanies.com,4,116K units; largest affordable manager,info@winnco.com,residenthotline@winnco.com; tmustacato@winnco.com; vendorrelations@winnco.com,(166) 143-9729,(165) 750-8106; (165) 712-5430,scraped,,,[first].[last]@winncompanies.com; [f][last]@winncompanies.com; [first]@winncompanies.com; [first][last]@winncompanies.com,https://www.linkedin.com/search/results/people/?keywords=%22Director+of+IT%22+%22WinnResidential%22,https://www.linkedin.com/company/78885,https://www.linkedin.com/in/arthurwinn; http://www.linkedin.com/in/arthurwinn,https://twitter.com/WinnCompanies,https://www.facebook.com/WinnCompanies/,https://instagram.com/winncompanies,,,https://www.google.com/search?q=WinnResidential+%22Director+of+IT%22+site%3Alinkedin.com%2Fin
94,Keller Williams Realty,Real Estate / Property Management,Brokerage,Austin,TX,180000,$1B+,Lead nurturing AI,$25K-$50K,Chief Innovation Officer,www.kw.com,5,Largest RE brokerage; tech focus,info@kw.com,contact@kw.com,,(130) 886-6042; (017) 181-8182,pattern,,,[first].[last]@kw.com; [f][last]@kw.com; [first]@kw.com; [first][last]@kw.com,https://www.linkedin.com/search/results/people/?keywords=%22Chief+Innovation+Officer%22+%22Keller+Williams+Realty%22,https://www.linkedin.com/company/keller-williams-realty-inc,,https://twitter.com/kwri,https://www.facebook.com/KellerWilliamsRealty,https://www.instagram.com/kellerwilliamsrealty/,https://www.youtube.com/@kellerwilliams,,https://www.google.com/search?q=Keller+Williams+Realty+%22Chief+Innovation+Officer%22+site%3Alinkedin.com%2Fin
95,RE/MAX,Real Estate / Property Management,Brokerage,Denver,CO,140000,$300M-$500M,Listing automation,$20K-$40K,CTO,www.remax.com,5,Global brand; franchise model,rhonda@heartlandrealtors.com,cedarfallsoffice@cfu.net; uebelrealty@gmail.com,(372) 498-4848,(641) 425-3798; (641) 424-9413,scraped,,,[first].[last]@remax.com; [f][last]@remax.com; [first]@remax.com; [first][last]@remax.com,https://www.linkedin.com/search/results/people/?keywords=%22CTO%22+%22RE%2FMAX%22,https://www.linkedin.com/company/remax,,https://x.com/assets/,https://www.facebook.com/remax,https://www.instagram.com/remax/,,,https://www.google.com/search?q=RE%2FMAX+%22CTO%22+site%3Alinkedin.com%2Fin
96,Coldwell Banker,Real Estate / Property Management,Brokerage,Madison,NJ,100000,$500M-$1B,Lead qualification AI,$20K-$40K,VP of Technology,www.coldwellbanker.com,4,Realogy subsidiary,info@coldwellbanker.com,contact@coldwellbanker.com,(749) 999-9999,(819) 672-1311; (813) 428-3815,pattern,,,[first].[last]@coldwellbanker.com; [f][last]@coldwellbanker.com; [first]@coldwellbanker.com; [first][last]@coldwellbanker.com,https://www.linkedin.com/search/results/people/?keywords=%22VP+of+Technology%22+%22Coldwell+Banker%22,https://www.linkedin.com/company/coldwell-banker,,,https://www.facebook.com/coldwellbanker,https://www.instagram.com/coldwellbanker/,https://www.youtube.com/c/coldwellbanker,,https://www.google.com/search?q=Coldwell+Banker+%22VP+of+Technology%22+site%3Alinkedin.com%2Fin
97,Compass,Real Estate / Property Management,Brokerage,New York,NY,28000,$5B+,Market analytics AI,$25K-$50K,Chief Technology Officer,www.compass.com,5,Tech-first brokerage,press@compass.com,,(212) 913-9058,(212) 913-9058; (646) 982-0353,scraped,,,[first].[last]@compass.com; [f][last]@compass.com; [first]@compass.com; [first][last]@compass.com,https://www.linkedin.com/search/results/people/?keywords=%22Chief+Technology+Officer%22+%22Compass%22,,,https://x.com/compass/,https://facebook.com/compass/,https://instagram.com/compass/,,,https://www.google.com/search?q=Compass+%22Chief+Technology+Officer%22+site%3Alinkedin.com%2Fin
98,eXp Realty,Real Estate / Property Management,Virtual Brokerage,Bellingham,WA,85000,$1B+,Agent productivity AI,$20K-$40K,CTO,www.exprealty.com,4,Cloud-based; rapid growth,info@exprealty.net,info@zoocasa.com; privacy@expworldholdings.com,(833) 303-0610,(107) 513-4436; (110) 322-9253,scraped,,,[first].[last]@exprealty.com; [f][last]@exprealty.com; [first]@exprealty.com; [first][last]@exprealty.com,https://www.linkedin.com/search/results/people/?keywords=%22CTO%22+%22eXp+Realty%22,https://www.linkedin.com/company/exp-realty,,https://x.com/exprealty,https://www.facebook.com/eXpRealty/,https://www.instagram.com/exprealty,https://www.youtube.com/@eXpRealty,,https://www.google.com/search?q=eXp+Realty+%22CTO%22+site%3Alinkedin.com%2Fin
99,Marcus & Millichap,Real Estate / Property Management,Commercial Brokerage,Calabasas,CA,2000,$500M-$1B,Deal matching AI,$15K-$30K,Director of Technology,www.marcusmillichap.com,4,Leading investment brokerage,michael.glass@marcusmillichap.com,,(639) 045-2731,(639) 080-0028; (884) 777-3208,scraped,,,[first].[last]@marcusmillichap.com; [f][last]@marcusmillichap.com; [first]@marcusmillichap.com; [first][last]@marcusmillichap.com,https://www.linkedin.com/search/results/people/?keywords=%22Director+of+Technology%22+%22Marcus+%26+Millichap%22,http://www.linkedin.com/company/6346,,http://twitter.com/mmreis,https://www.facebook.com/pages/,,,,https://www.google.com/search?q=Marcus+%26+Millichap+%22Director+of+Technology%22+site%3Alinkedin.com%2Fin
100,Newmark,Real Estate / Property Management,Commercial RE,New York,NY,7200,$1B+,Lease analytics AI,20K-$40K,Chief Innovation Officer,www.nmrk.com,4,Full-service commercial RE,digital@nmrk.com,hello@happycog.com,(659) 888-5229,(175) 796-9226; (635) 347-6349,scraped,,,[first].[last]@nmrk.com; [f][last]@nmrk.com; [first]@nmrk.com; [first][last]@nmrk.com,https://www.linkedin.com/search/results/people/?keywords=%22Chief+Innovation+Officer%22+%22Newmark%22,https://www.linkedin.com/company/nmrk-cre,,https://x.com/Newmark,https://www.facebook.com/nmrk.cre,https://www.instagram.com/newmark/,,,https://www.google.com/search?q=Newmark+%22Chief+Innovation+Officer%22+site%3Alinkedin.com%2Fin
101,Sentral,Real Estate / Property Management,Multifamily PM,Denver,CO,800,$50M-$100M,Tenant engagement AI,$10K-$20K,CTO,www.sentral.com,3,160% growth; flexible living,info@sentral.com,contact@sentral.com,(168) 478-1907,(176) 840-8723; (168) 183-2555,pattern,,,[first].[last]@sentral.com; [f][last]@sentral.com; [first]@sentral.com; [first][last]@sentral.com,https://www.linkedin.com/search/results/people/?keywords=%22CTO%22+%22Sentral%22,,,,,,,,https://www.google.com/search?q=Sentral+%22CTO%22+site%3Alinkedin.com%2Fin
102,Tishman Speyer,Real Estate / Property Management,Commercial RE,New York,NY,4000,$1B+,Building operations AI,$25K-$50K,Chief Digital Officer,www.tishmanspeyer.com,5,207% unit growth,tsleasing@tishmanspeyer.com,invest@tishmanspeyer.com; media@tishmanspeyer.com; name@company.com,(478) 500-7273,(627) 398-2018; (503) 209-3358,scraped,,,[first].[last]@tishmanspeyer.com; [f][last]@tishmanspeyer.com; [first]@tishmanspeyer.com; [first][last]@tishmanspeyer.com,https://www.linkedin.com/search/results/people/?keywords=%22Chief+Digital+Officer%22+%22Tishman+Speyer%22,https://www.linkedin.com/company/tishman-speyer,,,,https://www.instagram.com/tishmanspeyer/,,,https://www.google.com/search?q=Tishman+Speyer+%22Chief+Digital+Officer%22+site%3Alinkedin.com%2Fin
103,Related Companies,Real Estate / Property Management,Mixed-Use,New York,NY,4000,$1B+,Tenant experience AI,$25K-$50K,VP of Technology,www.related.com,5,Hudson Yards developer,communications@related.com,,(212) 801-1000,(113) 358-6195; (116) 193-4198,scraped,,,[first].[last]@related.com; [f][last]@related.com; [first]@related.com; [first][last]@related.com,https://www.linkedin.com/search/results/people/?keywords=%22VP+of+Technology%22+%22Related+Companies%22,https://www.linkedin.com/company/related,,,,https://www.instagram.com/relatedcos/,,,https://www.google.com/search?q=Related+Companies+%22VP+of+Technology%22+site%3Alinkedin.com%2Fin
104,Brookfield Properties,Real Estate / Property Management,Commercial RE,New York,NY,18000,$5B+,Property analytics AI,$30K-$50K,CTO,www.brookfieldproperties.com,5,800+ properties globally,michelle.snyder@bpretail.com,jennifer.thatcher@bpretail.com; marin.parkinson@bpretail.com; camie.delbarba@bpretail.com,(708) 645-8750,(177) 240-3490; (071) 229-4963,scraped,,,[first].[last]@brookfieldproperties.com; [f][last]@brookfieldproperties.com; [first]@brookfieldproperties.com; [first][last]@brookfieldproperties.com,https://www.linkedin.com/search/results/people/?keywords=%22CTO%22+%22Brookfield+Properties%22,https://www.linkedin.com/company/brookfieldproperties/,,,,https://www.instagram.com/brookfieldproperties/,,,https://www.google.com/search?q=Brookfield+Properties+%22CTO%22+site%3Alinkedin.com%2Fin
105,AvalonBay Communities,Real Estate / Property Management,Multifamily REIT,Arlington,VA,3100,$1B+,Leasing AI chatbot,$20K-$40K,VP of Digital,www.avaloncommunities.com,4,300+ apartment communities,info@avaloncommunities.com,contact@avaloncommunities.com,(000) 000-0005,(026) 523-0425; (686) 748-9617,pattern,,,[first].[last]@avaloncommunities.com; [f][last]@avaloncommunities.com; [first]@avaloncommunities.com; [first][last]@avaloncommunities.com,https://www.linkedin.com/search/results/people/?keywords=%22VP+of+Digital%22+%22AvalonBay+Communities%22,https://www.linkedin.com/company/avalonbay-communities/,,https://twitter.com/avalonbay,https://www.facebook.com/avalonbaycommunities/,https://www.instagram.com/avalonbaycommunities/,https://www.youtube.com/@avalonbayapartments,,https://www.google.com/search?q=AvalonBay+Communities+%22VP+of+Digital%22+site%3Alinkedin.com%2Fin
106,Equity Residential,Real Estate / Property Management,Multifamily REIT,Chicago,IL,2500,$1B+,Tenant screening AI,$20K-$40K,Chief Technology Officer,www.equityapartments.com,4,310+ properties,info@equityapartments.com,contact@equityapartments.com,(165) 964-3218,(166) 013-6661; (167) 641-3062,pattern,,,[first].[last]@equityapartments.com; [f][last]@equityapartments.com; [first]@equityapartments.com; [first][last]@equityapartments.com,https://www.linkedin.com/search/results/people/?keywords=%22Chief+Technology+Officer%22+%22Equity+Residential%22,,,,https://www.facebook.com/tr,,,,https://www.google.com/search?q=Equity+Residential+%22Chief+Technology+Officer%22+site%3Alinkedin.com%2Fin
107,Camden Property Trust,Real Estate / Property Management,Multifamily REIT,Houston,TX,1700,$1B+,Maintenance request AI,$15K-$30K,VP of Technology,www.camdenliving.com,4,58K apartments,info@camdenliving.com,contact@camdenliving.com,(759) 756-8519,(122) 421-1768; (122) 277-8179,pattern,,,[first].[last]@camdenliving.com; [f][last]@camdenliving.com; [first]@camdenliving.com; [first][last]@camdenliving.com,https://www.linkedin.com/search/results/people/?keywords=%22VP+of+Technology%22+%22Camden+Property+Trust%22,https://www.linkedin.com/company/camden-property-trust,,,https://www.facebook.com/CamdenLiving,https://www.instagram.com/camdenliving/,,,https://www.google.com/search?q=Camden+Property+Trust+%22VP+of+Technology%22+site%3Alinkedin.com%2Fin
108,MAA (Mid-America Apartment),Real Estate / Property Management,Multifamily REIT,Germantown,TN,2500,$1B+,Lead nurturing AI,$15K-$30K,Director of IT,www.maac.com,4,100K units; Sunbelt focus,info@maac.com,contact@maac.com,,(307) 388-4032; (349) 796-2453,pattern,,,[first].[last]@maac.com; [f][last]@maac.com; [first]@maac.com; [first][last]@maac.com,https://www.linkedin.com/search/results/people/?keywords=%22Director+of+IT%22+%22MAA+%28Mid-America+Apartment%29%22,,,,,,,,https://www.google.com/search?q=MAA+%28Mid-America+Apartment%29+%22Director+of+IT%22+site%3Alinkedin.com%2Fin
109,UDR Inc,Real Estate / Property Management,Multifamily REIT,Highlands Ranch,CO,1400,$1B+,Resident experience AI,$15K-$25K,CTO,www.udr.com,3,60K apartments,info@udr.com,contact@udr.com,(202) 602-1714,(262) 661-0705; (769) 101-5640,pattern,,,[first].[last]@udr.com; [f][last]@udr.com; [first]@udr.com; [first][last]@udr.com,https://www.linkedin.com/search/results/people/?keywords=%22CTO%22+%22UDR+Inc%22,,,https://twitter.com/UDRMarketing,https://www.facebook.com/UDRApartments,https://www.instagram.com/udrapts/,https://www.youtube.com/channel/UCgtWW3UJYPtxi4_Bq2d0gGA,,https://www.google.com/search?q=UDR+Inc+%22CTO%22+site%3Alinkedin.com%2Fin
110,AppFolio,Real Estate / Property Management,PropTech,Santa Barbara,CA,1800,$500M-$1B,Property management AI,$15K-$30K,Chief Product Officer,www.appfolio.com,4,PM software + AI features,info@appfolio.com,contact@appfolio.com,(752) 339-3392,(772) 394-2737; (866) 648-1536,pattern,,,[first].[last]@appfolio.com; [f][last]@appfolio.com; [first]@appfolio.com; [first][last]@appfolio.com,https://www.linkedin.com/search/results/people/?keywords=%22Chief+Product+Officer%22+%22AppFolio%22,https://www.linkedin.com/company/appfolio,,https://x.com/appfolio,https://www.facebook.com/appfolio/,https://www.instagram.com/appfolio/,,,https://www.google.com/search?q=AppFolio+%22Chief+Product+Officer%22+site%3Alinkedin.com%2Fin
111,RealPage,Real Estate / Property Management,PropTech,Richardson,TX,3500,$1B+,Revenue management AI,$20K-$40K,CTO,www.realpage.com,4,PM analytics platform,media@realpage.com,,(772) 189-9375,(772) 189-9670; (877) 325-7243,scraped,,,[first].[last]@realpage.com; [f][last]@realpage.com; [first]@realpage.com; [first][last]@realpage.com,https://www.linkedin.com/search/results/people/?keywords=%22CTO%22+%22RealPage%22,https://www.linkedin.com/company/realpage,,https://x.com/RealPage,https://www.facebook.com/RealPage,https://www.instagram.com/realpage,,,https://www.google.com/search?q=RealPage+%22CTO%22+site%3Alinkedin.com%2Fin
112,Entrata,Real Estate / Property Management,PropTech,Lehi,UT,2500,$200M-$500M,Leasing automation AI,$15K-$30K,Chief Technology Officer,www.entrata.com,4,PM software platform,sales@entrata.com,you@website.com,(800) 700-2097,(364) 135-2803,scraped,,,[first].[last]@entrata.com; [f][last]@entrata.com; [first]@entrata.com; [first][last]@entrata.com,https://www.linkedin.com/search/results/people/?keywords=%22Chief+Technology+Officer%22+%22Entrata%22,http://www.linkedin.com/company/entratasoftware,,,https://www.facebook.com/EntrataSoftware/,https://www.instagram.com/entratasoftware/,,,https://www.google.com/search?q=Entrata+%22Chief+Technology+Officer%22+site%3Alinkedin.com%2Fin
113,Prologis,Real Estate / Property Management,Industrial REIT,San Francisco,CA,2500,$5B+,Logistics space AI,$25K-$50K,Chief Innovation Officer,www.prologis.com,5,Largest industrial REIT,info@prologis.com,contact@prologis.com,(415) 394-9000,(419) 371-9876; (640) 886-8295,pattern,,,[first].[last]@prologis.com; [f][last]@prologis.com; [first]@prologis.com; [first][last]@prologis.com,https://www.linkedin.com/search/results/people/?keywords=%22Chief+Innovation+Officer%22+%22Prologis%22,https://www.linkedin.com/company/prologis,,https://twitter.com/Prologis,,,,,https://www.google.com/search?q=Prologis+%22Chief+Innovation+Officer%22+site%3Alinkedin.com%2Fin
114,Simon Property Group,Real Estate / Property Management,Retail REIT,Indianapolis,IN,3400,$5B+,Tenant analytics AI,$25K-$50K,CTO,www.simon.com,5,Largest retail REIT,customercare@simon.com,onlinesupport@shopsimon.com,(176) 607-8725,(202) 602-0610; (202) 305-0114,scraped,,,[first].[last]@simon.com; [f][last]@simon.com; [first]@simon.com; [first][last]@simon.com,https://www.linkedin.com/search/results/people/?keywords=%22CTO%22+%22Simon+Property+Group%22,,,https://twitter.com/PremiumOutlets,https://www.facebook.com/premiumoutlets,https://www.instagram.com/themall/,,,https://www.google.com/search?q=Simon+Property+Group+%22CTO%22+site%3Alinkedin.com%2Fin
115,Boston Properties,Real Estate / Property Management,Office REIT,Boston,MA,800,$1B+,Building automation AI,$20K-$40K,VP of Technology,www.bxp.com,4,Premier office REIT,info@bxp.com,contact@bxp.com,(125) 146-7683,(617) 236-3300; (424) 330-3530,pattern,,,[first].[last]@bxp.com; [f][last]@bxp.com; [first]@bxp.com; [first][last]@bxp.com,https://www.linkedin.com/search/results/people/?keywords=%22VP+of+Technology%22+%22Boston+Properties%22,https://www.linkedin.com/company/bxp-inc,,https://x.com/mapbox,,https://www.instagram.com/bxp_inc/,,,https://www.google.com/search?q=Boston+Properties+%22VP+of+Technology%22+site%3Alinkedin.com%2Fin
116,Invitation Homes,Real Estate / Property Management,SFR REIT,Dallas,TX,1700,$1B+,Tenant screening AI,$15K-$30K,Chief Technology Officer,www.invitationhomes.com,4,80K+ single-family rentals,info@invitationhomes.com,contact@invitationhomes.com,(147) 480-4967,(169) 651-7617; (170) 724-9390,pattern,,,[first].[last]@invitationhomes.com; [f][last]@invitationhomes.com; [first]@invitationhomes.com; [first][last]@invitationhomes.com,https://www.linkedin.com/search/results/people/?keywords=%22Chief+Technology+Officer%22+%22Invitation+Homes%22,https://www.linkedin.com/company/invitation-homes/,,,https://www.facebook.com/InvitationHomesWeb,https://www.instagram.com/invitationhomes,,,https://www.google.com/search?q=Invitation+Homes+%22Chief+Technology+Officer%22+site%3Alinkedin.com%2Fin
117,American Homes 4 Rent,Real Estate / Property Management,SFR REIT,Calabasas,CA,1300,$1B+,Maintenance AI chatbot,$15K-$25K,Director of IT,www.americanhomes4rent.com,4,60K+ homes,info@americanhomes4rent.com,contact@americanhomes4rent.com,,,pattern,,,[first].[last]@americanhomes4rent.com; [f][last]@americanhomes4rent.com; [first]@americanhomes4rent.com; [first][last]@americanhomes4rent.com,https://www.linkedin.com/search/results/people/?keywords=%22Director+of+IT%22+%22American+Homes+4+Rent%22,,,,,,,,https://www.google.com/search?q=American+Homes+4+Rent+%22Director+of+IT%22+site%3Alinkedin.com%2Fin
118,Progress Residential,Real Estate / Property Management,SFR PM,Tempe,AZ,2000,$500M-$1B,Lead qualification AI,$15K-$25K,CTO,www.rentprogress.com,4,85K+ homes managed,info@rentprogress.com,contact@rentprogress.com,(784) 289-9024,(177) 033-4769; (012) 345-6789,pattern,,,[first].[last]@rentprogress.com; [f][last]@rentprogress.com; [first]@rentprogress.com; [first][last]@rentprogress.com,https://www.linkedin.com/search/results/people/?keywords=%22CTO%22+%22Progress+Residential%22,,,,https://www.facebook.com/progressresidential,https://www.instagram.com/progressresidential/,https://www.youtube.com/@Progress_Residential,,https://www.google.com/search?q=Progress+Residential+%22CTO%22+site%3Alinkedin.com%2Fin
119,Tricon Residential,Real Estate / Property Management,SFR REIT,Toronto,ON,1200,$500M-$1B,Tenant engagement AI,$15K-$25K,VP of Technology,www.triconresidential.com,3,38K+ homes; US operations,info@triconresidential.com,contact@triconresidential.com,(112) 036-8760,(320) 013-5497; (176) 348-1097,pattern,,,[first].[last]@triconresidential.com; [f][last]@triconresidential.com; [first]@triconresidential.com; [first][last]@triconresidential.com,https://www.linkedin.com/search/results/people/?keywords=%22VP+of+Technology%22+%22Tricon+Residential%22,https://www.linkedin.com/company/tricon-residential/,,,https://facebook.com/community/,https://www.instagram.com/triconresidential.home/,,,https://www.google.com/search?q=Tricon+Residential+%22VP+of+Technology%22+site%3Alinkedin.com%2Fin
120,FirstService Residential,Real Estate / Property Management,HOA/Condo PM,Dania Beach,FL,9000,$1B+,Community management AI,$20K-$40K,Chief Technology Officer,www.fsresidential.com,4,9000+ communities managed,info@fsresidential.com,contact@fsresidential.com,(000) 000-0015,(729) 899-6119; (457) 759-6797,pattern,,,[first].[last]@fsresidential.com; [f][last]@fsresidential.com; [first]@fsresidential.com; [first][last]@fsresidential.com,https://www.linkedin.com/search/results/people/?keywords=%22Chief+Technology+Officer%22+%22FirstService+Residential%22,https://www.linkedin.com/company/firstservice-residential,,,https://www.facebook.com/tr,,,,https://www.google.com/search?q=FirstService+Residential+%22Chief+Technology+Officer%22+site%3Alinkedin.com%2Fin
121,RSM US,Accounting / CPA Firms,Top 10 CPA,Chicago,IL,13000,$5B+,Tax automation AI,$25K-$50K,Chief Innovation Officer,www.rsmus.com,5,5th largest US accounting firm,info@rsmus.com,contact@rsmus.com,(771) 647-7995,(648) 142-6686; (800) 274-3978,pattern,,,[first].[last]@rsmus.com; [f][last]@rsmus.com; [first]@rsmus.com; [first][last]@rsmus.com,https://www.linkedin.com/search/results/people/?keywords=%22Chief+Innovation+Officer%22+%22RSM+US%22,https://www.linkedin.com/company/rsm-us-llp,,https://x.com/RSMUSLLP,https://www.facebook.com/rsmusllp,https://www.instagram.com/rsmusllp,https://www.youtube.com/@rsmusllp,,https://www.google.com/search?q=RSM+US+%22Chief+Innovation+Officer%22+site%3Alinkedin.com%2Fin
122,BDO USA,Accounting / CPA Firms,Top 10 CPA,Chicago,IL,11000,$1B+,Audit AI analytics,$25K-$50K,CTO,www.bdo.com,5,6th largest US firm,cpe@bdo.com,u003ecpe@bdo.com,(882) 597-5779,(368) 536-9643; (059) 646-8128,scraped,,,[first].[last]@bdo.com; [f][last]@bdo.com; [first]@bdo.com; [first][last]@bdo.com,https://www.linkedin.com/search/results/people/?keywords=%22CTO%22+%22BDO+USA%22,https://www.linkedin.com/company/bdo-usa-llp,,https://twitter.com/i/,https://www.facebook.com/bdo.usa,https://www.instagram.com/bdo.usa/,,,https://www.google.com/search?q=BDO+USA+%22CTO%22+site%3Alinkedin.com%2Fin
123,Grant Thornton,Accounting / CPA Firms,Top 10 CPA,Chicago,IL,9000,$1B+,Client onboarding AI,$25K-$50K,Chief Digital Officer,www.grantthornton.com,5,7th largest US firm,info@grantthornton.com,contact@grantthornton.com,(784) 289-9024,(769) 146-2975; (771) 926-6333,pattern,,,[first].[last]@grantthornton.com; [f][last]@grantthornton.com; [first]@grantthornton.com; [first][last]@grantthornton.com,https://www.linkedin.com/search/results/people/?keywords=%22Chief+Digital+Officer%22+%22Grant+Thornton%22,https://www.linkedin.com/company/grant-thornton-us/,,https://x.com/GrantThorntonUS,https://www.facebook.com/GrantThorntonUS,https://www.instagram.com/grantthorntonusa/,https://www.youtube.com/channel/UC5Bfk18OD9O3u8OOzntvjyw,,https://www.google.com/search?q=Grant+Thornton+%22Chief+Digital+Officer%22+site%3Alinkedin.com%2Fin
124,Forvis Mazars,Accounting / CPA Firms,Top 10 CPA,Springfield,MO,6000,$1B+,Tax automation AI,$20K-$40K,CTO,www.forvismazars.us,5,Merger of BKD + DHG + Mazars,info@forvismazars.us,contact@forvismazars.us,,,pattern,,,[first].[last]@forvismazars.us; [f][last]@forvismazars.us; [first]@forvismazars.us; [first][last]@forvismazars.us,https://www.linkedin.com/search/results/people/?keywords=%22CTO%22+%22Forvis+Mazars%22,,,,,,,,https://www.google.com/search?q=Forvis+Mazars+%22CTO%22+site%3Alinkedin.com%2Fin
125,CLA (CliftonLarsonAllen),Accounting / CPA Firms,Top 15 CPA,Minneapolis,MN,7500,$1B+,Audit workflow AI,$20K-$40K,Chief Innovation Officer,www.claconnect.com,5,9th largest US firm,info@claconnect.com,contact@claconnect.com,,,pattern,,,[first].[last]@claconnect.com; [f][last]@claconnect.com; [first]@claconnect.com; [first][last]@claconnect.com,https://www.linkedin.com/search/results/people/?keywords=%22Chief+Innovation+Officer%22+%22CLA+%28CliftonLarsonAllen%29%22,,,,,,,,https://www.google.com/search?q=CLA+%28CliftonLarsonAllen%29+%22Chief+Innovation+Officer%22+site%3Alinkedin.com%2Fin
126,Baker Tilly,Accounting / CPA Firms,Top 15 CPA,Chicago,IL,6500,$1B+,Client onboarding AI,$20K-$40K,CTO,www.bakertilly.com,5,10th largest US firm,info@bakertilly.com,contact@bakertilly.com,(528) 507-4366,(121) 406-4999; (970) 176-0543,pattern,,,[first].[last]@bakertilly.com; [f][last]@bakertilly.com; [first]@bakertilly.com; [first][last]@bakertilly.com,https://www.linkedin.com/search/results/people/?keywords=%22CTO%22+%22Baker+Tilly%22,https://www.linkedin.com/company/bakertillyus/,,,https://www.facebook.com/bakertillyus,https://www.instagram.com/bakertillyus/,,,https://www.google.com/search?q=Baker+Tilly+%22CTO%22+site%3Alinkedin.com%2Fin
127,Crowe,Accounting / CPA Firms,Top 15 CPA,Chicago,IL,5000,$1B+,Tax preparation AI,$20K-$40K,Chief Digital Officer,www.crowe.com,4,11th largest US firm,info@crowe.com,contact@crowe.com,(750) 889-9453,(119) 376-1093; (120) 041-2206,pattern,,,[first].[last]@crowe.com; [f][last]@crowe.com; [first]@crowe.com; [first][last]@crowe.com,https://www.linkedin.com/search/results/people/?keywords=%22Chief+Digital+Officer%22+%22Crowe%22,https://www.linkedin.com/company/crowe,https://www.linkedin.com/in/pamela-hrubey-ccep-ccmp-cipm-cipp-e-us-drph-fip-4533a8b/; https://www.linkedin.com/in/matthew-schell-cpa/; https://www.linkedin.com/in/katie-hamada-a13a771/,https://twitter.com/CroweUSA,http://www.facebook.com/CroweUS,https://www.instagram.com/crowecareers/,,,https://www.google.com/search?q=Crowe+%22Chief+Digital+Officer%22+site%3Alinkedin.com%2Fin
128,CBIZ,Accounting / CPA Firms,Top 15 CPA,Cleveland,OH,6500,$1B+,Compliance automation,$20K-$35K,VP of Technology,www.cbiz.com,4,Business services + accounting,info@cbiz.com,contact@cbiz.com,,,pattern,,,[first].[last]@cbiz.com; [f][last]@cbiz.com; [first]@cbiz.com; [first][last]@cbiz.com,https://www.linkedin.com/search/results/people/?keywords=%22VP+of+Technology%22+%22CBIZ%22,,,,,,,,https://www.google.com/search?q=CBIZ+%22VP+of+Technology%22+site%3Alinkedin.com%2Fin
129,Sikich,Accounting / CPA Firms,Mid-Size CPA,Naperville,IL,1500,$200M-$500M,Audit AI,$15K-$25K,Chief Technology Officer,www.sikich.com,4,Growing through acquisitions,info@sikich.com,stefanie.murphy@sikich.com,(877) 279-1900,(119) 303-7585; (119) 421-6029,pattern,,,[first].[last]@sikich.com; [f][last]@sikich.com; [first]@sikich.com; [first][last]@sikich.com,https://www.linkedin.com/search/results/people/?keywords=%22Chief+Technology+Officer%22+%22Sikich%22,https://www.linkedin.com/company/sikich/,,https://x.com/sikichglobal,https://www.facebook.com/sikichglobal,,https://www.youtube.com/@Sikich_Global,,https://www.google.com/search?q=Sikich+%22Chief+Technology+Officer%22+site%3Alinkedin.com%2Fin
130,Marcum,Accounting / CPA Firms,Mid-Size CPA,New York,NY,3000,$500M-$1B,Tax automation AI,$15K-$30K,CIO,www.marcumllp.com,4,Top 15 US firm,info@marcumllp.com,contact@marcumllp.com,,,pattern,,,[first].[last]@marcumllp.com; [f][last]@marcumllp.com; [first]@marcumllp.com; [first][last]@marcumllp.com,https://www.linkedin.com/search/results/people/?keywords=%22CIO%22+%22Marcum%22,,,,,,,,https://www.google.com/search?q=Marcum+%22CIO%22+site%3Alinkedin.com%2Fin
131,Plante Moran,Accounting / CPA Firms,Mid-Size CPA,Southfield,MI,3500,$500M-$1B,Client onboarding AI,$15K-$30K,Chief Innovation Officer,www.plantemoran.com,4,One of largest private CPA firms,info@plantemoran.com,contact@plantemoran.com,(639) 077-0877,(639) 080-0029; (468) 743-5632,pattern,,,[first].[last]@plantemoran.com; [f][last]@plantemoran.com; [first]@plantemoran.com; [first][last]@plantemoran.com,https://www.linkedin.com/search/results/people/?keywords=%22Chief+Innovation+Officer%22+%22Plante+Moran%22,https://www.linkedin.com/company/8795,,,http://www.facebook.com/plantemoran,https://www.instagram.com/plantemoran/,,,https://www.google.com/search?q=Plante+Moran+%22Chief+Innovation+Officer%22+site%3Alinkedin.com%2Fin
132,PKF O'Connor Davies,Accounting / CPA Firms,Mid-Size CPA,New York,NY,1000,$200M-$500M,Audit analytics AI,$10K-$25K,Director of IT,www.pkfod.com,3,Top 30 US firm,info@pkfod.com,contact@pkfod.com,(177) 223-5392,(912) 116-1989; (195) 620-0224,pattern,,,[first].[last]@pkfod.com; [f][last]@pkfod.com; [first]@pkfod.com; [first][last]@pkfod.com,https://www.linkedin.com/search/results/people/?keywords=%22Director+of+IT%22+%22PKF+O%27Connor+Davies%22,https://www.linkedin.com/company/pkf-oconnor-davies/,,https://x.com/PKFOD,https://www.facebook.com/pkfod,https://www.instagram.com/pkfod/,https://www.youtube.com/channel/UCV81QpS-AZd-tesWhJ-nyNg,,https://www.google.com/search?q=PKF+O%27Connor+Davies+%22Director+of+IT%22+site%3Alinkedin.com%2Fin
133,Cherry Bekaert,Accounting / CPA Firms,Mid-Size CPA,Richmond,VA,2000,$200M-$500M,Tax preparation AI,$10K-$25K,CTO,www.cbh.com,3,Southeast focused,info@cbh.com,contact@cbh.com,(501) 449-9393,(800) 279-9469; (216) 599-5588,pattern,,,[first].[last]@cbh.com; [f][last]@cbh.com; [first]@cbh.com; [first][last]@cbh.com,https://www.linkedin.com/search/results/people/?keywords=%22CTO%22+%22Cherry+Bekaert%22,https://www.linkedin.com/company/cherrybekaert/,,https://twitter.com/cherrybekaert,https://www.facebook.com/CherryBekaertCB,https://www.instagram.com/cherrybekaert,https://www.youtube.com/channel/UCwyEp0ziBxMofuo9Ag50g8w,,https://www.google.com/search?q=Cherry+Bekaert+%22CTO%22+site%3Alinkedin.com%2Fin
134,Moss Adams,Accounting / CPA Firms,Mid-Size CPA,Seattle,WA,4000,$500M-$1B,Audit workflow AI,$15K-$30K,Chief Innovation Officer,www.mossadams.com,4,Largest West Coast firm,info@mossadams.com,contact@mossadams.com,(121) 154-8657,(016) 075-1617; (416) 075-1617,pattern,,,[first].[last]@mossadams.com; [f][last]@mossadams.com; [first]@mossadams.com; [first][last]@mossadams.com,https://www.linkedin.com/search/results/people/?keywords=%22Chief+Innovation+Officer%22+%22Moss+Adams%22,https://www.linkedin.com/company/moss-adams-llp,,https://twitter.com/Moss_Adams,https://www.facebook.com/bakertillyus,https://www.instagram.com/bakertillyus/,,,https://www.google.com/search?q=Moss+Adams+%22Chief+Innovation+Officer%22+site%3Alinkedin.com%2Fin
135,Armanino,Accounting / CPA Firms,Mid-Size CPA,San Ramon,CA,1500,$200M-$500M,Client portal AI,$10K-$25K,Chief Digital Officer,www.armanino.com,4,Tech-forward firm,info@armanino.com,contact@armanino.com,(639) 080-0029,(844) 582-8883; (844) 582-8883,pattern,,,[first].[last]@armanino.com; [f][last]@armanino.com; [first]@armanino.com; [first][last]@armanino.com,https://www.linkedin.com/search/results/people/?keywords=%22Chief+Digital+Officer%22+%22Armanino%22,https://www.linkedin.com/company/armanino,,https://x.com/Armanino_HQ,https://www.facebook.com/Armanino.HQ/,https://www.instagram.com/armanino_hq/,https://www.youtube.com/c/armanino,,https://www.google.com/search?q=Armanino+%22Chief+Digital+Officer%22+site%3Alinkedin.com%2Fin
136,Wipfli,Accounting / CPA Firms,Mid-Size CPA,Milwaukee,WI,3000,$500M-$1B,Tax automation AI,$15K-$25K,CTO,www.wipfli.com,4,Midwest and Mountain West,info@wipfli.com,contact@wipfli.com,(639) 071-0527,(700) 038-0362; (639) 080-0012,pattern,,,[first].[last]@wipfli.com; [f][last]@wipfli.com; [first]@wipfli.com; [first][last]@wipfli.com,https://www.linkedin.com/search/results/people/?keywords=%22CTO%22+%22Wipfli%22,https://www.linkedin.com/company/wipfli,,https://x.com/Wipfli_Official,https://www.facebook.com/tr,,,,https://www.google.com/search?q=Wipfli+%22CTO%22+site%3Alinkedin.com%2Fin
137,Eide Bailly,Accounting / CPA Firms,Mid-Size CPA,Fargo,ND,3500,$500M-$1B,Audit AI,$15K-$25K,Director of Innovation,www.eidebailly.com,4,Great Plains focus,chad.martin@eidebailly.com,,(234) 112-1460,(748) 088-8352; (567) 254-7002,scraped,,,[first].[last]@eidebailly.com; [f][last]@eidebailly.com; [first]@eidebailly.com; [first][last]@eidebailly.com,https://www.linkedin.com/search/results/people/?keywords=%22Director+of+Innovation%22+%22Eide+Bailly%22,https://www.linkedin.com/company/eide-bailly-llp,https://www.linkedin.com/in/wendy-power-defeo/; https://www.linkedin.com/in/brian-bluhm-3b353513; https://www.linkedin.com/in/chad-martin-24a523a/,https://twitter.com/eidebaillyllp,https://www.facebook.com/EideBaillyLLP,https://www.instagram.com/eidebaillyllp/,,,https://www.google.com/search?q=Eide+Bailly+%22Director+of+Innovation%22+site%3Alinkedin.com%2Fin
138,Rehmann,Accounting / CPA Firms,Mid-Size CPA,Troy,MI,800,$100M-$200M,Client onboarding AI,$10K-$20K,VP of Technology,www.rehmann.com,3,Michigan and Ohio,info@rehmann.com,contact@rehmann.com,(177) 161-5394,(816) 842-5281; (202) 509-1510,pattern,,,[first].[last]@rehmann.com; [f][last]@rehmann.com; [first]@rehmann.com; [first][last]@rehmann.com,https://www.linkedin.com/search/results/people/?keywords=%22VP+of+Technology%22+%22Rehmann%22,https://www.linkedin.com/company/rehmann/,,https://twitter.com/RehmannNews,https://www.facebook.com/RehmannTeam,,,,https://www.google.com/search?q=Rehmann+%22VP+of+Technology%22+site%3Alinkedin.com%2Fin
139,Schneider Downs,Accounting / CPA Firms,Mid-Size CPA,Pittsburgh,PA,500,$100M-$200M,Tax prep automation,$8K-$20K,Director of IT,www.schneiderdowns.com,3,Western PA leader,contactsd@schneiderdowns.com,janesmith@yourcompany.com,(412) 261-3644,(073) 432-9282; (177) 195-7329,scraped,,,[first].[last]@schneiderdowns.com; [f][last]@schneiderdowns.com; [first]@schneiderdowns.com; [first][last]@schneiderdowns.com,https://www.linkedin.com/search/results/people/?keywords=%22Director+of+IT%22+%22Schneider+Downs%22,https://www.linkedin.com/company/schneider-downs/,,https://x.com/Schneider_Downs,https://www.facebook.com/SchneiderDowns/,,https://www.youtube.com/@schneiderdowns,,https://www.google.com/search?q=Schneider+Downs+%22Director+of+IT%22+site%3Alinkedin.com%2Fin
140,Citrin Cooperman,Accounting / CPA Firms,Mid-Size CPA,New York,NY,1800,$200M-$500M,Compliance AI,$10K-$25K,CTO,www.citrincooperman.com,3,Northeast focused,info@citrincooperman.com,contact@citrincooperman.com,(873) 272-8364,(972) 519-7852; (105) 185-6851,pattern,,,[first].[last]@citrincooperman.com; [f][last]@citrincooperman.com; [first]@citrincooperman.com; [first][last]@citrincooperman.com,https://www.linkedin.com/search/results/people/?keywords=%22CTO%22+%22Citrin+Cooperman%22,https://www.linkedin.com/company/citrin-cooperman/,,,https://www.facebook.com/CitrinCooperman.ProfessionalServices/,https://www.instagram.com/citrincooperman/,https://www.youtube.com/@CitrinCooperman,,https://www.google.com/search?q=Citrin+Cooperman+%22CTO%22+site%3Alinkedin.com%2Fin
141,WithumSmith+Brown,Accounting / CPA Firms,Mid-Size CPA,Princeton,NJ,1800,$200M-$500M,Audit analytics AI,$10K-$25K,Chief Innovation Officer,www.withum.com,3,Mid-Atlantic focus,info@withum.com,contact@withum.com,,(541) 688-4381,pattern,,,[first].[last]@withum.com; [f][last]@withum.com; [first]@withum.com; [first][last]@withum.com,https://www.linkedin.com/search/results/people/?keywords=%22Chief+Innovation+Officer%22+%22WithumSmith%2BBrown%22,https://www.linkedin.com/company/withumsmith-brown/,,https://x.com/withumcpa,https://www.facebook.com/WithumSmithBrown/,https://www.instagram.com/withumcpa,,,https://www.google.com/search?q=WithumSmith%2BBrown+%22Chief+Innovation+Officer%22+site%3Alinkedin.com%2Fin
142,EisnerAmper,Accounting / CPA Firms,Mid-Size CPA,Iselin,NJ,2500,$500M-$1B,Tax automation AI,$15K-$25K,CTO,www.eisneramper.com,4,Top 20 US firm,contact@eisneramper.com,experiencedhires@eisneramper.com; entryhires@eisneramper.com,(212) 949-8700,(140) 527-9677; (145) 960-0228,pattern,,,[first].[last]@eisneramper.com; [f][last]@eisneramper.com; [first]@eisneramper.com; [first][last]@eisneramper.com,https://www.linkedin.com/search/results/people/?keywords=%22CTO%22+%22EisnerAmper%22,https://www.linkedin.com/company/eisneramper/,,https://twitter.com/eisneramper,https://www.facebook.com/EisnerAmper,https://www.instagram.com/eisneramper/,,,https://www.google.com/search?q=EisnerAmper+%22CTO%22+site%3Alinkedin.com%2Fin
143,KraftCPAs,Accounting / CPA Firms,Regional CPA,Nashville,TN,200,$25M-$50M,Client onboarding AI,$8K-$15K,Managing Partner,www.kraftcpas.com,3,Tennessee leader,info@kraftcpas.com,contact@kraftcpas.com,(528) 507-4366,(121) 406-4999; (970) 176-0543,pattern,,,[first].[last]@kraftcpas.com; [f][last]@kraftcpas.com; [first]@kraftcpas.com; [first][last]@kraftcpas.com,https://www.linkedin.com/search/results/people/?keywords=%22Managing+Partner%22+%22KraftCPAs%22,https://www.linkedin.com/company/bakertillyus/,,,https://www.facebook.com/bakertillyus,https://www.instagram.com/bakertillyus/,,,https://www.google.com/search?q=KraftCPAs+%22Managing+Partner%22+site%3Alinkedin.com%2Fin
144,BPM,Accounting / CPA Firms,Regional CPA,San Francisco,CA,800,$100M-$200M,Audit workflow AI,$10K-$20K,Director of Technology,www.bpmcpa.com,3,Bay Area focused,jethro.may@finnpartners.com,,(305) 856-1024,(176) 931-9699,scraped,,,[first].[last]@bpmcpa.com; [f][last]@bpmcpa.com; [first]@bpmcpa.com; [first][last]@bpmcpa.com,https://www.linkedin.com/search/results/people/?keywords=%22Director+of+Technology%22+%22BPM%22,https://linkedin.com/company/bpmllp/,,,https://www.facebook.com/bpmllp/,https://www.instagram.com/bpmllp/,,,https://www.google.com/search?q=BPM+%22Director+of+Technology%22+site%3Alinkedin.com%2Fin
145,Aprio,Accounting / CPA Firms,Mid-Size CPA,Atlanta,GA,1500,$200M-$500M,Tax automation AI,$10K-$25K,CTO,www.aprio.com,4,Growing Southeast firm,info@aprio.com,contact@aprio.com,,(205) 385-1375; (222) 402-0757,pattern,,,[first].[last]@aprio.com; [f][last]@aprio.com; [first]@aprio.com; [first][last]@aprio.com,https://www.linkedin.com/search/results/people/?keywords=%22CTO%22+%22Aprio%22,https://www.linkedin.com/company/aprio/,,https://x.com/AprioAdvisors,https://www.facebook.com/aprioadvisors/,https://www.instagram.com/aprioadvisors/,,,https://www.google.com/search?q=Aprio+%22CTO%22+site%3Alinkedin.com%2Fin
146,Carr Riggs & Ingram,Accounting / CPA Firms,Regional CPA,Enterprise,AL,2000,$200M-$500M,Audit AI,$10K-$25K,Director of IT,www.cricpa.com,3,Southeast focus,info@cricpa.com,contact@cricpa.com,(176) 953-0947,(177) 187-7799; (177) 187-7803,pattern,,,[first].[last]@cricpa.com; [f][last]@cricpa.com; [first]@cricpa.com; [first][last]@cricpa.com,https://www.linkedin.com/search/results/people/?keywords=%22Director+of+IT%22+%22Carr+Riggs+%26+Ingram%22,https://www.linkedin.com/company/criadvisors,,https://x.com/criadvisors,https://www.facebook.com/CRIadvisors,https://www.instagram.com/criadvisors,https://www.youtube.com/@criadvisors,,https://www.google.com/search?q=Carr+Riggs+%26+Ingram+%22Director+of+IT%22+site%3Alinkedin.com%2Fin
147,Windham Brannon,Accounting / CPA Firms,Regional CPA,Atlanta,GA,200,$25M-$50M,Client portal AI,$8K-$15K,Managing Partner,www.windhambrannon.com,3,Atlanta-based boutique,info@windhambrannon.com,contact@windhambrannon.com,(365) 212-0452,(173) 220-6578; (236) 593-3645,pattern,,,[first].[last]@windhambrannon.com; [f][last]@windhambrannon.com; [first]@windhambrannon.com; [first][last]@windhambrannon.com,https://www.linkedin.com/search/results/people/?keywords=%22Managing+Partner%22+%22Windham+Brannon%22,https://www.linkedin.com/company/windham-brannon/,,https://twitter.com/windhambrannon,https://www.facebook.com/WindhamBrannon,https://www.instagram.com/windhambrannon/,,,https://www.google.com/search?q=Windham+Brannon+%22Managing+Partner%22+site%3Alinkedin.com%2Fin
148,LBMC,Accounting / CPA Firms,Regional CPA,Brentwood,TN,600,$100M-$200M,Tax prep automation,$10K-$20K,VP of Technology,www.lbmc.com,3,Tennessee's largest,info@lbmc.com,contact@lbmc.com,(133) 333-3333,(666) 666-6666; (333) 333-3333,pattern,,,[first].[last]@lbmc.com; [f][last]@lbmc.com; [first]@lbmc.com; [first][last]@lbmc.com,https://www.linkedin.com/search/results/people/?keywords=%22VP+of+Technology%22+%22LBMC%22,https://www.linkedin.com/company/lbmc,https://www.linkedin.com/in/jimmeadecpa/,https://x.com/LBMC_PC,https://www.facebook.com/LBMCPC/,https://www.instagram.com/lbmc_pc/,https://www.youtube.com/c/Lbmcpc,,https://www.google.com/search?q=LBMC+%22VP+of+Technology%22+site%3Alinkedin.com%2Fin
149,Mayer Hoffman McCann,Accounting / CPA Firms,Mid-Size CPA,Leawood,KS,800,$100M-$200M,Audit analytics AI,$10K-$20K,CTO,www.mhmcpa.com,3,Global affiliation; 30 offices,info@mhmcpa.com,contact@mhmcpa.com,(212) 790-5700,,pattern,,,[first].[last]@mhmcpa.com; [f][last]@mhmcpa.com; [first]@mhmcpa.com; [first][last]@mhmcpa.com,https://www.linkedin.com/search/results/people/?keywords=%22CTO%22+%22Mayer+Hoffman+McCann%22,https://www.linkedin.com/company/cbizcpas/,https://www.linkedin.com/in/bill-mann-424a376/; https://www.linkedin.com/in/bora-brock-9716348/; https://www.linkedin.com/in/sougata-banerjee-04942110/,,https://www.facebook.com/cbizservices/,https://www.instagram.com/cbizcareers/,,,https://www.google.com/search?q=Mayer+Hoffman+McCann+%22CTO%22+site%3Alinkedin.com%2Fin
150,Freed Maxick,Accounting / CPA Firms,Regional CPA,Buffalo,NY,300,$25M-$50M,Tax automation AI,$8K-$15K,Director of IT,www.freedmaxick.com,3,Western NY leader,info@freedmaxick.com,,(289) 109-6669,(742) 835-5059; (744) 651-9533,pattern,,,[first].[last]@freedmaxick.com; [f][last]@freedmaxick.com; [first]@freedmaxick.com; [first][last]@freedmaxick.com,https://www.linkedin.com/search/results/people/?keywords=%22Director+of+IT%22+%22Freed+Maxick%22,https://www.linkedin.com/company/freed-maxick,,https://x.com/FreedMaxick,https://www.facebook.com/FreedMaxick,https://www.instagram.com/freedmaxick/,,,https://www.google.com/search?q=Freed+Maxick+%22Director+of+IT%22+site%3Alinkedin.com%2Fin
151,Clark Nuber,Accounting / CPA Firms,Regional CPA,Bellevue,WA,150,$25M-$50M,Client onboarding AI,$8K-$15K,Managing Partner,www.clarknuber.com,3,Pacific NW focused,info@clarknuber.com,contact@clarknuber.com,(177) 240-3502,(177) 240-3503,pattern,,,[first].[last]@clarknuber.com; [f][last]@clarknuber.com; [first]@clarknuber.com; [first][last]@clarknuber.com,https://www.linkedin.com/search/results/people/?keywords=%22Managing+Partner%22+%22Clark+Nuber%22,,,,,,,,https://www.google.com/search?q=Clark+Nuber+%22Managing+Partner%22+site%3Alinkedin.com%2Fin
152,Henry & Horne,Accounting / CPA Firms,Regional CPA,Tempe,AZ,150,$25M-$50M,Tax prep AI,$8K-$15K,Director of Operations,www.hhcpa.com,3,Arizona focused,info@hhcpa.com,contact@hhcpa.com,(528) 507-4366,(121) 406-4999; (970) 176-0543,pattern,,,[first].[last]@hhcpa.com; [f][last]@hhcpa.com; [first]@hhcpa.com; [first][last]@hhcpa.com,https://www.linkedin.com/search/results/people/?keywords=%22Director+of+Operations%22+%22Henry+%26+Horne%22,https://www.linkedin.com/company/bakertillyus/,,,https://www.facebook.com/bakertillyus,https://www.instagram.com/bakertillyus/,,,https://www.google.com/search?q=Henry+%26+Horne+%22Director+of+Operations%22+site%3Alinkedin.com%2Fin
153,Kaufman Rossin,Accounting / CPA Firms,Regional CPA,Miami,FL,500,$50M-$100M,Audit workflow AI,$10K-$20K,CTO,www.kaufmanrossin.com,3,South Florida leader,info@kaufmanrossin.com,contact@kaufmanrossin.com,(888) 680-5726,(624) 139-7857; (350) 318-9086,pattern,,,[first].[last]@kaufmanrossin.com; [f][last]@kaufmanrossin.com; [first]@kaufmanrossin.com; [first][last]@kaufmanrossin.com,https://www.linkedin.com/search/results/people/?keywords=%22CTO%22+%22Kaufman+Rossin%22,https://www.linkedin.com/company/kaufman-rossin-,,,https://www.facebook.com/KaufmanRossin,https://www.instagram.com/kaufmanrossin/,,,https://www.google.com/search?q=Kaufman+Rossin+%22CTO%22+site%3Alinkedin.com%2Fin
154,Friedman,Accounting / CPA Firms,Regional CPA,New York,NY,400,$50M-$100M,Tax automation AI,$8K-$20K,Director of IT,www.friedmanllp.com,3,NYC-based,info@friedmanllp.com,contact@friedmanllp.com,,,pattern,,,[first].[last]@friedmanllp.com; [f][last]@friedmanllp.com; [first]@friedmanllp.com; [first][last]@friedmanllp.com,https://www.linkedin.com/search/results/people/?keywords=%22Director+of+IT%22+%22Friedman%22,,,,,,,,https://www.google.com/search?q=Friedman+%22Director+of+IT%22+site%3Alinkedin.com%2Fin
155,Grassi,Accounting / CPA Firms,Regional CPA,Jericho,NY,350,$50M-$100M,Client portal AI,$8K-$20K,Managing Partner,www.grassicpas.com,3,Long Island based,info@grassicpas.com,contact@grassicpas.com,,,pattern,,,[first].[last]@grassicpas.com; [f][last]@grassicpas.com; [first]@grassicpas.com; [first][last]@grassicpas.com,https://www.linkedin.com/search/results/people/?keywords=%22Managing+Partner%22+%22Grassi%22,,,,,,,,https://www.google.com/search?q=Grassi+%22Managing+Partner%22+site%3Alinkedin.com%2Fin
156,Anchin,Accounting / CPA Firms,Regional CPA,New York,NY,350,$50M-$100M,Audit AI,$8K-$20K,Director of Technology,www.anchin.com,3,NYC boutique firm,daniel.parchment@anchin.com,,(176) 438-9035,(726) 767-0000; (000) 520-8333,scraped,,,[first].[last]@anchin.com; [f][last]@anchin.com; [first]@anchin.com; [first][last]@anchin.com,https://www.linkedin.com/search/results/people/?keywords=%22Director+of+Technology%22+%22Anchin%22,https://www.linkedin.com/company/anchin-block-,,https://x.com/AnchinCPA,https://www.facebook.com/AnchinBlockandAnchin/,https://www.instagram.com/anchincpa/,,,https://www.google.com/search?q=Anchin+%22Director+of+Technology%22+site%3Alinkedin.com%2Fin
157,Lutz,Accounting / CPA Firms,Regional CPA,Omaha,NE,350,$25M-$50M,Tax prep automation,$8K-$15K,Director of IT,www.lutz.us,3,Nebraska leader,info@lutz.us,contact@lutz.us,(141) 938-3928,(770) 733-9037; (999) 283-4540,pattern,,,[first].[last]@lutz.us; [f][last]@lutz.us; [first]@lutz.us; [first][last]@lutz.us,https://www.linkedin.com/search/results/people/?keywords=%22Director+of+IT%22+%22Lutz%22,https://www.linkedin.com/company/lutz-/,,https://twitter.com/LutzFinancial,,https://www.instagram.com/lutzinterns/,https://www.youtube.com/@lutz-business-solutions,,https://www.google.com/search?q=Lutz+%22Director+of+IT%22+site%3Alinkedin.com%2Fin
158,Yeo & Yeo,Accounting / CPA Firms,Regional CPA,Saginaw,MI,300,$25M-$50M,Client onboarding AI,$8K-$15K,Managing Partner,www.yeoandyeo.com,3,Michigan focused,info@yeoandyeo.com,contact@yeoandyeo.com,(177) 221-5098,(223) 001-6224; (654) 602-1572,pattern,,,[first].[last]@yeoandyeo.com; [f][last]@yeoandyeo.com; [first]@yeoandyeo.com; [first][last]@yeoandyeo.com,https://www.linkedin.com/search/results/people/?keywords=%22Managing+Partner%22+%22Yeo+%26+Yeo%22,https://www.linkedin.com/company/yeo-,,https://x.com/yeoandyeo,https://www.facebook.com/YeoandYeoCPAs,https://www.instagram.com/yeo_advisors/,https://www.youtube.com/@yeo_advisors,,https://www.google.com/search?q=Yeo+%26+Yeo+%22Managing+Partner%22+site%3Alinkedin.com%2Fin
159,Berdon,Accounting / CPA Firms,Regional CPA,New York,NY,400,$50M-$100M,Tax automation AI,$8K-$20K,Director of IT,www.berdonllp.com,3,NYC real estate focus,info@berdonllp.com,contact@berdonllp.com,,,pattern,,,[first].[last]@berdonllp.com; [f][last]@berdonllp.com; [first]@berdonllp.com; [first][last]@berdonllp.com,https://www.linkedin.com/search/results/people/?keywords=%22Director+of+IT%22+%22Berdon%22,,,,,,,,https://www.google.com/search?q=Berdon+%22Director+of+IT%22+site%3Alinkedin.com%2Fin
160,Dixon Hughes Goodman,Accounting / CPA Firms,Mid-Size CPA,Charlotte,NC,2000,$200M-$500M,Audit analytics AI,$10K-$25K,CTO,www.dhg.com,3,Now part of Forvis Mazars,info@dhg.com,contact@dhg.com,,,pattern,,,[first].[last]@dhg.com; [f][last]@dhg.com; [first]@dhg.com; [first][last]@dhg.com,https://www.linkedin.com/search/results/people/?keywords=%22CTO%22+%22Dixon+Hughes+Goodman%22,,,,,,,,https://www.google.com/search?q=Dixon+Hughes+Goodman+%22CTO%22+site%3Alinkedin.com%2Fin
161,Turner Construction,Construction / General Contractors,General Contractor,New York,NY,10000,$10B+,Project management AI,$30K-$50K,Chief Technology Officer,www.turnerconstruction.com,5,Largest US GC by revenue,turner@tcco.com,cmcfadden@tcco.com,(212) 229-6000,(212) 229-6000; (888) 738-1924,scraped,,,[first].[last]@turnerconstruction.com; [f][last]@turnerconstruction.com; [first]@turnerconstruction.com; [first][last]@turnerconstruction.com,https://www.linkedin.com/search/results/people/?keywords=%22Chief+Technology+Officer%22+%22Turner+Construction%22,https://www.linkedin.com/company/turner-construction-company,,,https://www.facebook.com/turnerconstruction,https://www.instagram.com/turnerconstructioncompany/,https://www.youtube.com/@TurnerConstructionCo,,https://www.google.com/search?q=Turner+Construction+%22Chief+Technology+Officer%22+site%3Alinkedin.com%2Fin
162,DPR Construction,Construction / General Contractors,General Contractor,Redwood City,CA,9000,$5B+,Estimating automation AI,$25K-$50K,VP of Innovation,www.dpr.com,5,Self-perform leader,info@dpr.com,,(674) 684-9235,(657) 252-8968; (650) 474-1450,pattern,,,[first].[last]@dpr.com; [f][last]@dpr.com; [first]@dpr.com; [first][last]@dpr.com,https://www.linkedin.com/search/results/people/?keywords=%22VP+of+Innovation%22+%22DPR+Construction%22,https://www.linkedin.com/company/12538,,https://twitter.com/DPRConstruction,https://www.facebook.com/DPRConstruction,https://www.instagram.com/dprconstruction,,,https://www.google.com/search?q=DPR+Construction+%22VP+of+Innovation%22+site%3Alinkedin.com%2Fin
163,HITT Contracting,Construction / General Contractors,General Contractor,Falls Church,VA,1800,$1B+,Safety compliance AI,$20K-$35K,Director of Technology,www.hfrcontractor.com,4,DC area leader,info@hfrcontractor.com,contact@hfrcontractor.com,,,pattern,,,[first].[last]@hfrcontractor.com; [f][last]@hfrcontractor.com; [first]@hfrcontractor.com; [first][last]@hfrcontractor.com,https://www.linkedin.com/search/results/people/?keywords=%22Director+of+Technology%22+%22HITT+Contracting%22,,,,,,,,https://www.google.com/search?q=HITT+Contracting+%22Director+of+Technology%22+site%3Alinkedin.com%2Fin
164,Gilbane Building Company,Construction / General Contractors,General Contractor,Providence,RI,3000,$5B+,Project management AI,$25K-$50K,CTO,www.gilbaneco.com,5,Family-owned since 1870,info@gilbaneco.com,contact@gilbaneco.com,(177) 194-0100,(172) 539-1528,pattern,,,[first].[last]@gilbaneco.com; [f][last]@gilbaneco.com; [first]@gilbaneco.com; [first][last]@gilbaneco.com,https://www.linkedin.com/search/results/people/?keywords=%22CTO%22+%22Gilbane+Building+Company%22,https://www.linkedin.com/company/gilbane-inc,,http://www.twitter.com/gilbanebuilding,https://www.facebook.com/GilbaneBuildingCompany,https://www.instagram.com/gilbanebuilding/,https://www.youtube.com/@gilbanebuilding,,https://www.google.com/search?q=Gilbane+Building+Company+%22CTO%22+site%3Alinkedin.com%2Fin
165,Holder Construction,Construction / General Contractors,General Contractor,Atlanta,GA,1500,$1B+,Estimating automation,$15K-$30K,VP of Operations,www.holderconstruction.com,4,Southeast leader,info@holderconstruction.com,contact@holderconstruction.com,(254) 535-2419,(353) 738-9287; (337) 257-8893,pattern,,,[first].[last]@holderconstruction.com; [f][last]@holderconstruction.com; [first]@holderconstruction.com; [first][last]@holderconstruction.com,https://www.linkedin.com/search/results/people/?keywords=%22VP+of+Operations%22+%22Holder+Construction%22,https://www.linkedin.com/company/holder-construction-company,,https://x.com/velo/,,https://www.instagram.com/holder.construction/,,,https://www.google.com/search?q=Holder+Construction+%22VP+of+Operations%22+site%3Alinkedin.com%2Fin
166,Clayco,Construction / General Contractors,Design-Build,St. Louis,MO,2500,$5B+,Project scheduling AI,$25K-$40K,Chief Innovation Officer,www.claycorp.com,5,Design-build leader,mediainquiries@claycorp.com,info@claycorp.com,(080) 459-7701,(421) 052-6315; (202) 512-0907,scraped,,,[first].[last]@claycorp.com; [f][last]@claycorp.com; [first]@claycorp.com; [first][last]@claycorp.com,https://www.linkedin.com/search/results/people/?keywords=%22Chief+Innovation+Officer%22+%22Clayco%22,https://www.linkedin.com/company/73731,,https://www.twitter.com/ClaycoInc,https://www.facebook.com/claycoartandscience,https://www.instagram.com/clayco_inc,,,https://www.google.com/search?q=Clayco+%22Chief+Innovation+Officer%22+site%3Alinkedin.com%2Fin
167,Hensel Phelps,Construction / General Contractors,General Contractor,Greeley,CO,4000,$5B+,Safety compliance AI,$25K-$50K,Director of Innovation,www.henselphelps.com,5,Employee-owned,info@henselphelps.com,contact@henselphelps.com,,,pattern,,,[first].[last]@henselphelps.com; [f][last]@henselphelps.com; [first]@henselphelps.com; [first][last]@henselphelps.com,https://www.linkedin.com/search/results/people/?keywords=%22Director+of+Innovation%22+%22Hensel+Phelps%22,,,,,,,,https://www.google.com/search?q=Hensel+Phelps+%22Director+of+Innovation%22+site%3Alinkedin.com%2Fin
168,McCarthy Building,Construction / General Contractors,General Contractor,St. Louis,MO,6000,$5B+,BIM AI integration,$25K-$50K,CTO,www.mccarthy.com,5,Employee-owned; 150+ years,info@mccarthy.com,contact@mccarthy.com,(575) 894-1877,(112) 793-9111; (112) 798-3186,pattern,,,[first].[last]@mccarthy.com; [f][last]@mccarthy.com; [first]@mccarthy.com; [first][last]@mccarthy.com,https://www.linkedin.com/search/results/people/?keywords=%22CTO%22+%22McCarthy+Building%22,https://www.linkedin.com/company/mccarthy-building-companies-inc/,,,https://www.facebook.com/mccarthybuilding/,https://www.instagram.com/mccarthybuild/,,,https://www.google.com/search?q=McCarthy+Building+%22CTO%22+site%3Alinkedin.com%2Fin
169,Skanska USA,Construction / General Contractors,General Contractor,New York,NY,7500,$5B+,Project management AI,$30K-$50K,VP of Digital,www.usa.skanska.com,5,Swedish parent; US operations,info@usa.skanska.com,contact@usa.skanska.com,(214) 955-1031,(858) 429-2044; (704) 424-7780,pattern,,,[first].[last]@usa.skanska.com; [f][last]@usa.skanska.com; [first]@usa.skanska.com; [first][last]@usa.skanska.com,https://www.linkedin.com/search/results/people/?keywords=%22VP+of+Digital%22+%22Skanska+USA%22,,,https://twitter.com/SkanskaUSA/,,,,,https://www.google.com/search?q=Skanska+USA+%22VP+of+Digital%22+site%3Alinkedin.com%2Fin
170,Clark Construction,Construction / General Contractors,General Contractor,Bethesda,MD,4500,$5B+,Estimating AI,$25K-$50K,Chief Technology Officer,www.clarkconstruction.com,5,Mid-Atlantic leader,info@clarkconstruction.com,contact@clarkconstruction.com,(342) 250-4208,(613) 242-5310,pattern,,,[first].[last]@clarkconstruction.com; [f][last]@clarkconstruction.com; [first]@clarkconstruction.com; [first][last]@clarkconstruction.com,https://www.linkedin.com/search/results/people/?keywords=%22Chief+Technology+Officer%22+%22Clark+Construction%22,https://www.linkedin.com/company/clarkconstructiongroup/,,https://twitter.com/ClarkBuilds,https://www.facebook.com/ClarkConstructionGroup,https://www.instagram.com/clarkbuilds/,https://www.youtube.com/@ClarkBuilds,,https://www.google.com/search?q=Clark+Construction+%22Chief+Technology+Officer%22+site%3Alinkedin.com%2Fin
171,Mortenson Construction,Construction / General Contractors,General Contractor,Minneapolis,MN,5000,$5B+,Safety analytics AI,$25K-$50K,VP of Innovation,www.mortenson.com,5,Employee-owned; energy focus,info@mortenson.com,contact@mortenson.com,(732) 561-6378,(040) 004-1900; (730) 843-2303,pattern,,,[first].[last]@mortenson.com; [f][last]@mortenson.com; [first]@mortenson.com; [first][last]@mortenson.com,https://www.linkedin.com/search/results/people/?keywords=%22VP+of+Innovation%22+%22Mortenson+Construction%22,https://www.linkedin.com/company/mortenson,,,https://www.facebook.com/MAMortensonCo,https://www.instagram.com/mortenson_construction,https://www.youtube.com/channel/UCYMHIs55riyKYZvmNwBcaFw,,https://www.google.com/search?q=Mortenson+Construction+%22VP+of+Innovation%22+site%3Alinkedin.com%2Fin
172,JE Dunn Construction,Construction / General Contractors,General Contractor,Kansas City,MO,4000,$5B+,Project management AI,$25K-$40K,CTO,www.jedunn.com,5,Employee-owned,ethics@jedunn.com,,(177) 237-1739,(177) 237-1740; (176) 978-6767,scraped,,,[first].[last]@jedunn.com; [f][last]@jedunn.com; [first]@jedunn.com; [first][last]@jedunn.com,https://www.linkedin.com/search/results/people/?keywords=%22CTO%22+%22JE+Dunn+Construction%22,,,,,,,,https://www.google.com/search?q=JE+Dunn+Construction+%22CTO%22+site%3Alinkedin.com%2Fin
173,Brasfield & Gorrie,Construction / General Contractors,General Contractor,Birmingham,AL,3500,$5B+,Estimating automation,$20K-$40K,Director of Technology,www.brasfieldgorrie.com,4,Southeast leader,info@brasfieldgorrie.com,contact@brasfieldgorrie.com,(248) 911-2117,(724) 033-1341; (127) 693-4452,pattern,,,[first].[last]@brasfieldgorrie.com; [f][last]@brasfieldgorrie.com; [first]@brasfieldgorrie.com; [first][last]@brasfieldgorrie.com,https://www.linkedin.com/search/results/people/?keywords=%22Director+of+Technology%22+%22Brasfield+%26+Gorrie%22,https://www.linkedin.com/company/brasfield-,,,https://www.facebook.com/BrasfieldGorrie/,https://www.instagram.com/brasfieldgorrie/,https://www.youtube.com/@BrasfieldGorrie1964,,https://www.google.com/search?q=Brasfield+%26+Gorrie+%22Director+of+Technology%22+site%3Alinkedin.com%2Fin
174,Robins & Morton,Construction / General Contractors,General Contractor,Birmingham,AL,2000,$1B+,Safety compliance AI,$15K-$30K,VP of IT,www.robinsmorton.com,4,Healthcare construction focus,builders@robinsmorton.com,charlottebuilders@robinsmorton.com; dallasbuilders@robinsmorton.com; huntsvillebuilders@robinsmorton.com,(483) 883-6556,(165) 540-3214; (205) 870-1000,scraped,,,[first].[last]@robinsmorton.com; [f][last]@robinsmorton.com; [first]@robinsmorton.com; [first][last]@robinsmorton.com,https://www.linkedin.com/search/results/people/?keywords=%22VP+of+IT%22+%22Robins+%26+Morton%22,https://www.linkedin.com/company/robins-,,,https://www.facebook.com/RobinsMorton,https://www.instagram.com/robinsmorton/,,,https://www.google.com/search?q=Robins+%26+Morton+%22VP+of+IT%22+site%3Alinkedin.com%2Fin
175,The Walsh Group,Construction / General Contractors,General Contractor,Chicago,IL,8000,$5B+,Project scheduling AI,$25K-$50K,Chief Innovation Officer,www.walshgroup.com,5,Infrastructure focused,hr@walshgroup.com,,(638) 901-5262,(312) 563-5400; (312) 563-5466,scraped,,,[first].[last]@walshgroup.com; [f][last]@walshgroup.com; [first]@walshgroup.com; [first][last]@walshgroup.com,https://www.linkedin.com/search/results/people/?keywords=%22Chief+Innovation+Officer%22+%22The+Walsh+Group%22,https://www.linkedin.com/company/walsh-construction,,https://twitter.com/thebiggreenw,https://www.facebook.com/TheBigGreenW,https://www.instagram.com/thebiggreenw/,,,https://www.google.com/search?q=The+Walsh+Group+%22Chief+Innovation+Officer%22+site%3Alinkedin.com%2Fin
176,Barton Malow,Construction / General Contractors,General Contractor,Southfield,MI,2500,$1B+,BIM integration AI,$15K-$30K,Director of Innovation,www.bartonmalow.com,4,Employee-owned,info@bartonmalow.com,contact@bartonmalow.com,(770) 142-3792,(020) 041-3174,pattern,,,[first].[last]@bartonmalow.com; [f][last]@bartonmalow.com; [first]@bartonmalow.com; [first][last]@bartonmalow.com,https://www.linkedin.com/search/results/people/?keywords=%22Director+of+Innovation%22+%22Barton+Malow%22,https://www.linkedin.com/company/bartonmalow/,,https://x.com/bartonmalow,https://www.facebook.com/bartonmalow/,https://www.instagram.com/bartonmalow/,https://www.youtube.com/@bartonmalow,,https://www.google.com/search?q=Barton+Malow+%22Director+of+Innovation%22+site%3Alinkedin.com%2Fin
177,Webcor Builders,Construction / General Contractors,General Contractor,San Francisco,CA,1500,$1B+,Estimating AI,$15K-$30K,VP of Technology,www.webcor.com,4,Bay Area leader,info@webcor.com,contact@webcor.com,(595) 130-3975,(698) 658-2877; (640) 645-4097,pattern,,,[first].[last]@webcor.com; [f][last]@webcor.com; [first]@webcor.com; [first][last]@webcor.com,https://www.linkedin.com/search/results/people/?keywords=%22VP+of+Technology%22+%22Webcor+Builders%22,https://www.linkedin.com/company/webcor/,,https://twitter.com/webcorbuilders,https://www.facebook.com/WebcorBuilders,https://instagram.com/webcorbuilders,,,https://www.google.com/search?q=Webcor+Builders+%22VP+of+Technology%22+site%3Alinkedin.com%2Fin
178,Swinerton,Construction / General Contractors,General Contractor,San Francisco,CA,4000,$5B+,Project management AI,$25K-$40K,CTO,www.swinerton.com,5,Employee-owned; 135+ years,payroll@swinerton.com,,(177) 237-3780,(174) 230-4543; (177) 133-3659,scraped,,,[first].[last]@swinerton.com; [f][last]@swinerton.com; [first]@swinerton.com; [first][last]@swinerton.com,https://www.linkedin.com/search/results/people/?keywords=%22CTO%22+%22Swinerton%22,https://www.linkedin.com/company/swinerton/,https://www.linkedin.com/in/tim-kretzschmar-42230b7/; https://www.linkedin.com/in/lauren-nunnally-75a7676/; https://www.linkedin.com/in/rich-towler-mba-sphr/,https://twitter.com/swinerton,https://www.facebook.com/swinerton/,https://www.instagram.com/swinerton1888/,,,https://www.google.com/search?q=Swinerton+%22CTO%22+site%3Alinkedin.com%2Fin
179,Sundt Construction,Construction / General Contractors,General Contractor,Tempe,AZ,2500,$1B+,Safety analytics AI,$15K-$30K,Director of IT,www.sundt.com,4,Employee-owned; Southwest,example@email.com,,(175) 527-0706,(167) 900-8466; (698) 774-6428,scraped,,,[first].[last]@sundt.com; [f][last]@sundt.com; [first]@sundt.com; [first][last]@sundt.com,https://www.linkedin.com/search/results/people/?keywords=%22Director+of+IT%22+%22Sundt+Construction%22,https://www.linkedin.com/company/43374,,,https://www.facebook.com/SundtConstruct/,,,,https://www.google.com/search?q=Sundt+Construction+%22Director+of+IT%22+site%3Alinkedin.com%2Fin
180,Hunt Construction,Construction / General Contractors,General Contractor,Indianapolis,IN,1500,$1B+,Estimating automation,$15K-$25K,VP of Operations,www.huntconstructiongroup.com,4,Stadium specialist,info@huntconstructiongroup.com,contact@huntconstructiongroup.com,,,pattern,,,[first].[last]@huntconstructiongroup.com; [f][last]@huntconstructiongroup.com; [first]@huntconstructiongroup.com; [first][last]@huntconstructiongroup.com,https://www.linkedin.com/search/results/people/?keywords=%22VP+of+Operations%22+%22Hunt+Construction%22,,,,,,,,https://www.google.com/search?q=Hunt+Construction+%22VP+of+Operations%22+site%3Alinkedin.com%2Fin
181,Ryan Companies,Construction / General Contractors,Design-Build,Minneapolis,MN,2000,$1B+,Project management AI,$15K-$30K,Chief Technology Officer,www.ryancompanies.com,4,Development + construction,contact@ryancompanies.com,,(177) 218-6508,(134) 707-8425; (853) 462-7152,pattern,,,[first].[last]@ryancompanies.com; [f][last]@ryancompanies.com; [first]@ryancompanies.com; [first][last]@ryancompanies.com,https://www.linkedin.com/search/results/people/?keywords=%22Chief+Technology+Officer%22+%22Ryan+Companies%22,https://www.linkedin.com/company/ryan-companies-us-inc-,,https://x.com/RYANCOMPANIES,https://www.facebook.com/ryancompanies/,https://www.instagram.com/ryancompanies/,,,https://www.google.com/search?q=Ryan+Companies+%22Chief+Technology+Officer%22+site%3Alinkedin.com%2Fin
182,Structure Tone,Construction / General Contractors,Interiors/GC,New York,NY,3500,$5B+,Scheduling AI,$20K-$40K,CTO,www.structuretone.com,4,Interior construction leader,bd@stobuildinggroup.com,careers@stobuildinggroup.com; press@stobuildinggroup.com,(120) 000-0047,(681) 913-5551,scraped,,,[first].[last]@structuretone.com; [f][last]@structuretone.com; [first]@structuretone.com; [first][last]@structuretone.com,https://www.linkedin.com/search/results/people/?keywords=%22CTO%22+%22Structure+Tone%22,https://www.linkedin.com/company/sto-building-group,,https://x.com/Structuretone,https://www.facebook.com/StructureTone/,https://www.instagram.com/stobuildinggroup/,https://www.youtube.com/@STOBuildingGroup,,https://www.google.com/search?q=Structure+Tone+%22CTO%22+site%3Alinkedin.com%2Fin
183,Balfour Beatty US,Construction / General Contractors,General Contractor,Dallas,TX,3000,$1B+,Safety compliance AI,$15K-$30K,VP of Innovation,www.balfourbeattyus.com,4,UK parent; US operations,corpservaccpayable@balfourbeattyus.com,bbtalent@balfourbeattyus.com; payrollemploymentverification@balfourbeattyus.com; media@balfourbeattyus.com,(707) 166-3277,(387) 625-9297; (365) 500-8482,scraped,,,[first].[last]@balfourbeattyus.com; [f][last]@balfourbeattyus.com; [first]@balfourbeattyus.com; [first][last]@balfourbeattyus.com,https://www.linkedin.com/search/results/people/?keywords=%22VP+of+Innovation%22+%22Balfour+Beatty+US%22,https://www.linkedin.com/company/balfour-beatty-us,,,https://www.facebook.com/BalfourBeattyUS/,https://www.instagram.com/balfourbeatty_us/,https://www.youtube.com/@balfourbeattyus,,https://www.google.com/search?q=Balfour+Beatty+US+%22VP+of+Innovation%22+site%3Alinkedin.com%2Fin
184,Lendlease US,Construction / General Contractors,General Contractor,New York,NY,2000,$1B+,BIM AI integration,$20K-$35K,Director of Digital,www.lendlease.com,4,Australian parent; US ops,info@lendlease.com,contact@lendlease.com,(919) 540-6280,(312) 743-5368; (026) 679-1801,pattern,,,[first].[last]@lendlease.com; [f][last]@lendlease.com; [first]@lendlease.com; [first][last]@lendlease.com,https://www.linkedin.com/search/results/people/?keywords=%22Director+of+Digital%22+%22Lendlease+US%22,,,,,,,,https://www.google.com/search?q=Lendlease+US+%22Director+of+Digital%22+site%3Alinkedin.com%2Fin
185,Suffolk Construction,Construction / General Contractors,General Contractor,Boston,MA,3000,$5B+,Project management AI,$25K-$50K,Chief Technology Officer,www.suffolk.com,5,Tech-forward builder,info@suffolk.com,contact@suffolk.com,(111) 211-3867,(111) 211-3260; (269) 755-6754,pattern,,,[first].[last]@suffolk.com; [f][last]@suffolk.com; [first]@suffolk.com; [first][last]@suffolk.com,https://www.linkedin.com/search/results/people/?keywords=%22Chief+Technology+Officer%22+%22Suffolk+Construction%22,https://www.linkedin.com/company/suffolk-construction/,,https://x.com/SuffolkBuilds,https://www.facebook.com/SuffolkBuilds/,https://www.instagram.com/suffolkbuild/,https://www.youtube.com/c/SuffolkConstruction,,https://www.google.com/search?q=Suffolk+Construction+%22Chief+Technology+Officer%22+site%3Alinkedin.com%2Fin
186,Consigli Construction,Construction / General Contractors,General Contractor,Milford,MA,1500,$1B+,Estimating AI,$15K-$25K,VP of IT,www.consigli.com,4,New England leader,info@consigli.com,contact@consigli.com,,,pattern,,,[first].[last]@consigli.com; [f][last]@consigli.com; [first]@consigli.com; [first][last]@consigli.com,https://www.linkedin.com/search/results/people/?keywords=%22VP+of+IT%22+%22Consigli+Construction%22,,,,,,,,https://www.google.com/search?q=Consigli+Construction+%22VP+of+IT%22+site%3Alinkedin.com%2Fin
187,Messer Construction,Construction / General Contractors,General Contractor,Cincinnati,OH,1500,$1B+,Safety analytics AI,$15K-$25K,Director of Technology,www.messer.com,4,Employee-owned; Ohio Valley,info@messer.com,contact@messer.com,(733) 258-8211,(176) 601-3086; (425) 333-0105,pattern,,,[first].[last]@messer.com; [f][last]@messer.com; [first]@messer.com; [first][last]@messer.com,https://www.linkedin.com/search/results/people/?keywords=%22Director+of+Technology%22+%22Messer+Construction%22,https://www.linkedin.com/company/47158,,https://x.com/messerwearebldg,https://www.facebook.com/messerwearebldg,https://www.instagram.com/messerwearebldg/,,,https://www.google.com/search?q=Messer+Construction+%22Director+of+Technology%22+site%3Alinkedin.com%2Fin
188,Shawmut Design and Construction,Construction / General Contractors,General Contractor,Boston,MA,1200,$1B+,Scheduling AI,$15K-$25K,CTO,www.shawmut.com,4,100% employee-owned,info@shawmut.com,contact@shawmut.com,,,pattern,,,[first].[last]@shawmut.com; [f][last]@shawmut.com; [first]@shawmut.com; [first][last]@shawmut.com,https://www.linkedin.com/search/results/people/?keywords=%22CTO%22+%22Shawmut+Design+and+Construction%22,https://www.linkedin.com/company/shawmutdesignandconstruction/,,https://twitter.com/Shawmut_Builds,https://www.facebook.com/ShawmutDesignandConstruction,https://www.instagram.com/shawmut_builds,,,https://www.google.com/search?q=Shawmut+Design+and+Construction+%22CTO%22+site%3Alinkedin.com%2Fin
189,Pepper Construction,Construction / General Contractors,General Contractor,Chicago,IL,1000,$500M-$1B,BIM integration AI,$10K-$25K,VP of Innovation,www.pepperconstruction.com,3,Midwest focused,media@pepperconstruction.com,,(000) 000-0032,(122) 000-2915; (771) 604-6132,scraped,,,[first].[last]@pepperconstruction.com; [f][last]@pepperconstruction.com; [first]@pepperconstruction.com; [first][last]@pepperconstruction.com,https://www.linkedin.com/search/results/people/?keywords=%22VP+of+Innovation%22+%22Pepper+Construction%22,https://www.linkedin.com/company/rush-street-gaming/,https://www.linkedin.com/in/ACoAAAQeIgsBHSBmMzZeM2wOvgYrttpNGovGwGE; https://www.linkedin.com/in/acoaaaqeigsbhsbmmzzem2wovgyrttpngovgwge,https://twitter.com/PepperConstruct,https://www.facebook.com/PepperConstruction,https://www.instagram.com/pepperconstruction/,https://www.youtube.com/channel/UC5mL_pF-VmxAVCLc2DU0Nqw,,https://www.google.com/search?q=Pepper+Construction+%22VP+of+Innovation%22+site%3Alinkedin.com%2Fin
190,W.M. Jordan Company,Construction / General Contractors,General Contractor,Newport News,VA,600,$500M-$1B,Project management AI,$10K-$20K,Director of IT,www.wmjordan.com,3,Virginia focused,info@wmjordan.com,contact@wmjordan.com,(202) 602-1012,(177) 229-3053; (177) 229-5696,pattern,,,[first].[last]@wmjordan.com; [f][last]@wmjordan.com; [first]@wmjordan.com; [first][last]@wmjordan.com,https://www.linkedin.com/search/results/people/?keywords=%22Director+of+IT%22+%22W.M.+Jordan+Company%22,https://www.linkedin.com/company/w-m-jordan-company,,https://x.com/WMJordan_Co,https://www.facebook.com/wmjordancompany/,https://www.instagram.com/wmjordan_co/,,,https://www.google.com/search?q=W.M.+Jordan+Company+%22Director+of+IT%22+site%3Alinkedin.com%2Fin
191,Choate Construction,Construction / General Contractors,General Contractor,Atlanta,GA,800,$500M-$1B,Estimating automation,$10K-$20K,VP of Operations,www.choateco.com,3,Southeast focused,info@choateco.com,contact@choateco.com,(174) 422-9297,(749) 743-0134; (658) 855-4446,pattern,,,[first].[last]@choateco.com; [f][last]@choateco.com; [first]@choateco.com; [first][last]@choateco.com,https://www.linkedin.com/search/results/people/?keywords=%22VP+of+Operations%22+%22Choate+Construction%22,http://www.linkedin.com/company/choate-construction-company,,http://twitter.com/choateco,https://www.facebook.com/ChoateConstructionCo,https://www.instagram.com/choateco/,,,https://www.google.com/search?q=Choate+Construction+%22VP+of+Operations%22+site%3Alinkedin.com%2Fin
192,Harvey-Cleary Builders,Construction / General Contractors,General Contractor,Houston,TX,300,$200M-$500M,Project scheduling AI,$8K-$20K,Director of Operations,www.harvey-cleary.com,3,Texas focused,info@harvey-cleary.com,contact@harvey-cleary.com,,,pattern,,,[first].[last]@harvey-cleary.com; [f][last]@harvey-cleary.com; [first]@harvey-cleary.com; [first][last]@harvey-cleary.com,https://www.linkedin.com/search/results/people/?keywords=%22Director+of+Operations%22+%22Harvey-Cleary+Builders%22,,,,,,,,https://www.google.com/search?q=Harvey-Cleary+Builders+%22Director+of+Operations%22+site%3Alinkedin.com%2Fin
193,Alston Construction,Construction / General Contractors,General Contractor,Phoenix,AZ,400,$500M-$1B,Safety compliance AI,$10K-$20K,VP of IT,www.alstonconstruction.com,3,Industrial/distribution focus,info@alstonconstruction.com,contact@alstonconstruction.com,,,pattern,,,[first].[last]@alstonconstruction.com; [f][last]@alstonconstruction.com; [first]@alstonconstruction.com; [first][last]@alstonconstruction.com,https://www.linkedin.com/search/results/people/?keywords=%22VP+of+IT%22+%22Alston+Construction%22,,,,,,,,https://www.google.com/search?q=Alston+Construction+%22VP+of+IT%22+site%3Alinkedin.com%2Fin
194,The Boldt Company,Construction / General Contractors,General Contractor,Appleton,WI,2500,$1B+,Prefab/modular AI,$15K-$30K,Chief Innovation Officer,www.boldt.com,4,Employee-owned,info@boldt.com,contact@boldt.com,(035) 599-9469,(920) 225-6225,pattern,,,[first].[last]@boldt.com; [f][last]@boldt.com; [first]@boldt.com; [first][last]@boldt.com,https://www.linkedin.com/search/results/people/?keywords=%22Chief+Innovation+Officer%22+%22The+Boldt+Company%22,https://www.linkedin.com/company/the-boldt-company/,,,https://www.facebook.com/theboldtcompany/,https://www.instagram.com/theboldtco/,,,https://www.google.com/search?q=The+Boldt+Company+%22Chief+Innovation+Officer%22+site%3Alinkedin.com%2Fin
195,Findorff,Construction / General Contractors,General Contractor,Madison,WI,500,$200M-$500M,Project management AI,$8K-$20K,Director of IT,www.findorff.com,3,Wisconsin focused,info@findorff.com,contact@findorff.com,,,pattern,,,[first].[last]@findorff.com; [f][last]@findorff.com; [first]@findorff.com; [first][last]@findorff.com,https://www.linkedin.com/search/results/people/?keywords=%22Director+of+IT%22+%22Findorff%22,,,,,,,,https://www.google.com/search?q=Findorff+%22Director+of+IT%22+site%3Alinkedin.com%2Fin
196,CD Smith Construction,Construction / General Contractors,General Contractor,Fond du Lac,WI,300,$200M-$500M,Estimating AI,$8K-$15K,VP of Operations,www.cdsmith.com,3,Wisconsin focused,hbrenner@cdsmith.com,mkrolczyk@cdsmith.com; jvanhandel@cdsmith.com; dloest@cdsmith.com,(894) 937-1917,(741) 949-6514; (307) 421-8753,scraped,,,[first].[last]@cdsmith.com; [f][last]@cdsmith.com; [first]@cdsmith.com; [first][last]@cdsmith.com,https://www.linkedin.com/search/results/people/?keywords=%22VP+of+Operations%22+%22CD+Smith+Construction%22,https://www.linkedin.com/company/cdsmithconstruction/,https://www.linkedin.com/in/joe-van-handel-64a46b25/; https://www.linkedin.com/in/hollybrenner/; https://www.linkedin.com/in/michaelkrolczyk/,https://twitter.com/CDSmithInc,https://www.facebook.com/cdsmithconstruction,https://www.instagram.com/cdsmithconstruction/,https://www.youtube.com/channel/UCz2YiG8tiSPI6gdNeJz-6Hw,,https://www.google.com/search?q=CD+Smith+Construction+%22VP+of+Operations%22+site%3Alinkedin.com%2Fin
197,Miron Construction,Construction / General Contractors,General Contractor,Neenah,WI,1500,$500M-$1B,Safety analytics AI,$10K-$25K,Director of Technology,www.miron-construction.com,3,Employee-owned; Wisconsin,info@miron-construction.com,contact@miron-construction.com,(015) 612-5962,(379) 137-3661; (866) 969-1966,pattern,,,[first].[last]@miron-construction.com; [f][last]@miron-construction.com; [first]@miron-construction.com; [first][last]@miron-construction.com,https://www.linkedin.com/search/results/people/?keywords=%22Director+of+Technology%22+%22Miron+Construction%22,https://www.linkedin.com/company/miron-construction-co--inc-/,,https://twitter.com/MironConstruct,https://www.facebook.com/mironconstruction,https://www.instagram.com/mironconstruction/,,,https://www.google.com/search?q=Miron+Construction+%22Director+of+Technology%22+site%3Alinkedin.com%2Fin
198,Charles Perry Partners,Construction / General Contractors,General Contractor,Gainesville,FL,200,$100M-$200M,Project management AI,$8K-$15K,VP of Operations,www.charlesperry.com,3,Florida focused,info@charlesperry.com,contact@charlesperry.com,,,pattern,,,[first].[last]@charlesperry.com; [f][last]@charlesperry.com; [first]@charlesperry.com; [first][last]@charlesperry.com,https://www.linkedin.com/search/results/people/?keywords=%22VP+of+Operations%22+%22Charles+Perry+Partners%22,,,,,,,,https://www.google.com/search?q=Charles+Perry+Partners+%22VP+of+Operations%22+site%3Alinkedin.com%2Fin
199,Austin Commercial,Construction / General Contractors,General Contractor,Dallas,TX,1000,$500M-$1B,BIM integration AI,$10K-$25K,Director of IT,www.austin-ind.com,3,Part of Austin Industries,info@austin-ind.com,contact@austin-ind.com,(717) 435-8680,(201) 737-4667; (616) 666-6666,pattern,,,[first].[last]@austin-ind.com; [f][last]@austin-ind.com; [first]@austin-ind.com; [first][last]@austin-ind.com,https://www.linkedin.com/search/results/people/?keywords=%22Director+of+IT%22+%22Austin+Commercial%22,http://www.linkedin.com/company/austin-industries,,,https://www.facebook.com/AustinIndustries,https://www.instagram.com/austinindustries/,,,https://www.google.com/search?q=Austin+Commercial+%22Director+of+IT%22+site%3Alinkedin.com%2Fin
200,Batson-Cook Company,Construction / General Contractors,General Contractor,West Point,GA,400,$200M-$500M,Estimating automation,$8K-$20K,VP of Operations,www.bfrconstructors.com,3,Southeast focused,info@bfrconstructors.com,contact@bfrconstructors.com,,,pattern,,,[first].[last]@bfrconstructors.com; [f][last]@bfrconstructors.com; [first]@bfrconstructors.com; [first][last]@bfrconstructors.com,https://www.linkedin.com/search/results/people/?keywords=%22VP+of+Operations%22+%22Batson-Cook+Company%22,,,,,,,,https://www.google.com/search?q=Batson-Cook+Company+%22VP+of+Operations%22+site%3Alinkedin.com%2Fin
201,OLIPOP,eCommerce / DTC Brands,Beverages,Oakland,CA,200,$200M-$500M,Customer service AI,$10K-$25K,VP of E-Commerce,www.drinkolipop.com,4,Functional soda DTC leader,info@drinkolipop.com,contact@drinkolipop.com,(744) 020-7683,(177) 240-2096; (214) 748-3645,pattern,,,[first].[last]@drinkolipop.com; [f][last]@drinkolipop.com; [first]@drinkolipop.com; [first][last]@drinkolipop.com,https://www.linkedin.com/search/results/people/?keywords=%22VP+of+E-Commerce%22+%22OLIPOP%22,https://www.linkedin.com/company/olipop-pbc,,https://twitter.com/drinkolipop,https://www.facebook.com/drinkolipop,https://www.instagram.com/drinkolipop/,,,https://www.google.com/search?q=OLIPOP+%22VP+of+E-Commerce%22+site%3Alinkedin.com%2Fin
202,Death Wish Coffee,eCommerce / DTC Brands,Coffee,Saratoga Springs,NY,50,$25M-$50M,Customer support AI,$8K-$15K,Director of Operations,www.deathwishcoffee.com,3,Worlds strongest coffee brand,info@deathwishcoffee.com,contact@deathwishcoffee.com,(164) 268-5806,(162) 533-5264; (582) 515-4475,pattern,,,[first].[last]@deathwishcoffee.com; [f][last]@deathwishcoffee.com; [first]@deathwishcoffee.com; [first][last]@deathwishcoffee.com,https://www.linkedin.com/search/results/people/?keywords=%22Director+of+Operations%22+%22Death+Wish+Coffee%22,,,https://twitter.com/deathwishcoffee,https://www.facebook.com/deathwishcoffee,https://www.instagram.com/deathwishcoffee/,https://www.youtube.com/channel/UC1uurJMded2rRJioe8yka7g,,https://www.google.com/search?q=Death+Wish+Coffee+%22Director+of+Operations%22+site%3Alinkedin.com%2Fin
203,Brooklinen,eCommerce / DTC Brands,Home/Bedding,Brooklyn,NY,200,$100M-$200M,Personalization engine AI,$10K-$25K,CTO,www.brooklinen.com,4,DTC bedding leader,hello@brooklinen.com,,(292) 325-5800,(804) 816-5408; (994) 502-5441,scraped,,,[first].[last]@brooklinen.com; [f][last]@brooklinen.com; [first]@brooklinen.com; [first][last]@brooklinen.com,https://www.linkedin.com/search/results/people/?keywords=%22CTO%22+%22Brooklinen%22,,,https://x.com/brooklinen,,,,,https://www.google.com/search?q=Brooklinen+%22CTO%22+site%3Alinkedin.com%2Fin
204,Warby Parker,eCommerce / DTC Brands,Eyewear,New York,NY,3000,$500M-$1B,Virtual try-on AI,$20K-$40K,Chief Technology Officer,www.warbyparker.com,5,Public DTC brand; retail + online,info@warbyparker.com,contact@warbyparker.com,(263) 413-3934,(797) 807-1156; (460) 893-3942,pattern,,,[first].[last]@warbyparker.com; [f][last]@warbyparker.com; [first]@warbyparker.com; [first][last]@warbyparker.com,https://www.linkedin.com/search/results/people/?keywords=%22Chief+Technology+Officer%22+%22Warby+Parker%22,,,https://twitter.com/warbyparker,https://www.facebook.com/warbyparker,https://www.instagram.com/warbyparker/,,,https://www.google.com/search?q=Warby+Parker+%22Chief+Technology+Officer%22+site%3Alinkedin.com%2Fin
205,Allbirds,eCommerce / DTC Brands,Footwear,San Francisco,CA,800,$100M-$200M,Inventory automation AI,$10K-$25K,VP of Technology,www.allbirds.com,4,Sustainable footwear brand,info@allbirds.com,contact@allbirds.com,(175) 372-0776,(171) 958-4207; (757) 277-0508,pattern,,,[first].[last]@allbirds.com; [f][last]@allbirds.com; [first]@allbirds.com; [first][last]@allbirds.com,https://www.linkedin.com/search/results/people/?keywords=%22VP+of+Technology%22+%22Allbirds%22,,,,,,,,https://www.google.com/search?q=Allbirds+%22VP+of+Technology%22+site%3Alinkedin.com%2Fin
206,Glossier,eCommerce / DTC Brands,Beauty,New York,NY,500,$100M-$200M,Customer engagement AI,$10K-$25K,CTO,www.glossier.com,4,DTC beauty pioneer,gteam@glossier.com,press@glossier.com; brand@glossier.com,(229) 161-0153,(168) 182-1732; (168) 182-1719,scraped,,,[first].[last]@glossier.com; [f][last]@glossier.com; [first]@glossier.com; [first][last]@glossier.com,https://www.linkedin.com/search/results/people/?keywords=%22CTO%22+%22Glossier%22,,,,https://www.facebook.com/glossier,https://www.instagram.com/glossier/,,,https://www.google.com/search?q=Glossier+%22CTO%22+site%3Alinkedin.com%2Fin
207,Dollar Shave Club,eCommerce / DTC Brands,Grooming,Marina del Rey,CA,500,$200M-$500M,Subscription AI,$15K-$25K,VP of Engineering,www.dollarshaveclub.com,4,Subscription grooming leader,info@dollarshaveclub.com,contact@dollarshaveclub.com,(568) 394-3838,(171) 338-8415; (663) 465-9573,pattern,,,[first].[last]@dollarshaveclub.com; [f][last]@dollarshaveclub.com; [first]@dollarshaveclub.com; [first][last]@dollarshaveclub.com,https://www.linkedin.com/search/results/people/?keywords=%22VP+of+Engineering%22+%22Dollar+Shave+Club%22,,,https://twitter.com/DollarShaveClub,https://www.facebook.com/DollarShaveClub,https://www.instagram.com/dollarshaveclub/,,,https://www.google.com/search?q=Dollar+Shave+Club+%22VP+of+Engineering%22+site%3Alinkedin.com%2Fin
208,MVMT Watches,eCommerce / DTC Brands,Accessories,Los Angeles,CA,100,$50M-$100M,Customer retention AI,$8K-$20K,Director of E-Commerce,www.mvmt.com,3,Movado subsidiary,info@mvmt.com,contact@mvmt.com,(772) 315-2584,(913) 106-9661; (899) 111-2456,pattern,,,[first].[last]@mvmt.com; [f][last]@mvmt.com; [first]@mvmt.com; [first][last]@mvmt.com,https://www.linkedin.com/search/results/people/?keywords=%22Director+of+E-Commerce%22+%22MVMT+Watches%22,,,,https://www.facebook.com/mvmt,https://www.instagram.com/mvmt/,,,https://www.google.com/search?q=MVMT+Watches+%22Director+of+E-Commerce%22+site%3Alinkedin.com%2Fin
209,Casper,eCommerce / DTC Brands,Mattress,New York,NY,400,$500M-$1B,Customer service AI,$15K-$25K,CTO,www.casper.com,4,DTC mattress pioneer,info@casper.com,contact@casper.com,(200) 031-0135,(200) 063-5208; (879) 401-1070,pattern,,,[first].[last]@casper.com; [f][last]@casper.com; [first]@casper.com; [first][last]@casper.com,https://www.linkedin.com/search/results/people/?keywords=%22CTO%22+%22Casper%22,https://www.linkedin.com/company/casper/,,https://x.com/casper,https://www.facebook.com/Casper/,https://www.instagram.com/casper/,https://www.youtube.com/channel/UCvjxT5R3HviugBbIJQNkToQ,,https://www.google.com/search?q=Casper+%22CTO%22+site%3Alinkedin.com%2Fin
210,Away,eCommerce / DTC Brands,Travel/Luggage,New York,NY,600,$200M-$500M,Customer engagement AI,$10K-$25K,VP of Technology,www.awaytravel.com,4,DTC luggage brand,hello@awaytravel.com,,(664) 741-8079,(174) 101-1796; (174) 058-3733,scraped,,,[first].[last]@awaytravel.com; [f][last]@awaytravel.com; [first]@awaytravel.com; [first][last]@awaytravel.com,https://www.linkedin.com/search/results/people/?keywords=%22VP+of+Technology%22+%22Away%22,,,https://x.com/away,,,,,https://www.google.com/search?q=Away+%22VP+of+Technology%22+site%3Alinkedin.com%2Fin
211,Bombas,eCommerce / DTC Brands,Apparel/Socks,New York,NY,300,$200M-$500M,Inventory automation,$10K-$20K,Director of Technology,www.bombas.com,4,Social mission; $300M+ revenue,info@bombas.com,contact@bombas.com,(175) 400-2334,(150) 387-6604; (047) 133-8148,pattern,,,[first].[last]@bombas.com; [f][last]@bombas.com; [first]@bombas.com; [first][last]@bombas.com,https://www.linkedin.com/search/results/people/?keywords=%22Director+of+Technology%22+%22Bombas%22,,,https://www.twitter.com/bombas,https://www.facebook.com/bombassocks,https://www.instagram.com/bombas,,,https://www.google.com/search?q=Bombas+%22Director+of+Technology%22+site%3Alinkedin.com%2Fin
212,Rothys,eCommerce / DTC Brands,Footwear,San Francisco,CA,500,$100M-$200M,Personalization AI,$10K-$25K,CTO,www.rothys.com,4,Sustainable footwear,info@rothys.com,contact@rothys.com,(442) 134-0952,(305) 706-6561; (614) 515-8379,pattern,,,[first].[last]@rothys.com; [f][last]@rothys.com; [first]@rothys.com; [first][last]@rothys.com,https://www.linkedin.com/search/results/people/?keywords=%22CTO%22+%22Rothys%22,https://www.linkedin.com/company/rothy,,,https://www.facebook.com/rothys,https://www.instagram.com/rothys/,,,https://www.google.com/search?q=Rothys+%22CTO%22+site%3Alinkedin.com%2Fin
213,ThirdLove,eCommerce / DTC Brands,Apparel/Intimates,San Francisco,CA,200,$50M-$100M,Fit recommendation AI,$8K-$20K,VP of Engineering,www.thirdlove.com,3,AI-powered fit tech,info@thirdlove.com,contact@thirdlove.com,(955) 856-9057,(880) 430-2881; (750) 422-9628,pattern,,,[first].[last]@thirdlove.com; [f][last]@thirdlove.com; [first]@thirdlove.com; [first][last]@thirdlove.com,https://www.linkedin.com/search/results/people/?keywords=%22VP+of+Engineering%22+%22ThirdLove%22,,,https://twitter.com/ThirdLove,https://www.facebook.com/thirdlove,https://www.instagram.com/thirdlove,,,https://www.google.com/search?q=ThirdLove+%22VP+of+Engineering%22+site%3Alinkedin.com%2Fin
214,Quip,eCommerce / DTC Brands,Oral Care,Brooklyn,NY,100,$50M-$100M,Subscription management AI,$8K-$15K,CTO,www.getquip.com,3,Subscription oral care,info@getquip.com,contact@getquip.com,(200) 031-0135,(200) 063-5208; (282) 170-2253,pattern,,,[first].[last]@getquip.com; [f][last]@getquip.com; [first]@getquip.com; [first][last]@getquip.com,https://www.linkedin.com/search/results/people/?keywords=%22CTO%22+%22Quip%22,,,,,,,,https://www.google.com/search?q=Quip+%22CTO%22+site%3Alinkedin.com%2Fin
215,Hims & Hers Health,eCommerce / DTC Brands,Telehealth/DTC,San Francisco,CA,2000,$1B+,Customer service AI,$20K-$40K,Chief Technology Officer,www.forhims.com,5,Public company; $1B+ revenue,info@forhims.com,contact@forhims.com,(160) 294-1176,(227) 272-7272; (037) 735-8490,pattern,,,[first].[last]@forhims.com; [f][last]@forhims.com; [first]@forhims.com; [first][last]@forhims.com,https://www.linkedin.com/search/results/people/?keywords=%22Chief+Technology+Officer%22+%22Hims+%26+Hers+Health%22,https://www.linkedin.com/company/hims-,,https://twitter.com/wearehims,https://facebook.com/wearehims,https://instagram.com/hims,https://www.youtube.com/channel/UCH5P78PeOn_5mnbDK-tl8mw,,https://www.google.com/search?q=Hims+%26+Hers+Health+%22Chief+Technology+Officer%22+site%3Alinkedin.com%2Fin
216,Native,eCommerce / DTC Brands,Personal Care,San Francisco,CA,100,$100M-$200M,Customer engagement AI,$8K-$20K,Director of E-Commerce,www.nativecos.com,3,P&G subsidiary,info@nativecos.com,contact@nativecos.com,(584) 937-8679,(580) 716-0894; (585) 961-5395,pattern,,,[first].[last]@nativecos.com; [f][last]@nativecos.com; [first]@nativecos.com; [first][last]@nativecos.com,https://www.linkedin.com/search/results/people/?keywords=%22Director+of+E-Commerce%22+%22Native%22,,,,,,,,https://www.google.com/search?q=Native+%22Director+of+E-Commerce%22+site%3Alinkedin.com%2Fin
217,Function of Beauty,eCommerce / DTC Brands,Hair Care,New York,NY,200,$100M-$200M,Personalization engine AI,$10K-$20K,CTO,www.functionofbeauty.com,4,Custom hair care,hello@functionofbeauty.com,,,(866) 488-4904; (469) 106-8708,scraped,,,[first].[last]@functionofbeauty.com; [f][last]@functionofbeauty.com; [first]@functionofbeauty.com; [first][last]@functionofbeauty.com,https://www.linkedin.com/search/results/people/?keywords=%22CTO%22+%22Function+of+Beauty%22,,,,https://www.facebook.com/functionofbeauty/,https://www.instagram.com/functionofbeauty,https://www.youtube.com/@functionofbeauty1072,,https://www.google.com/search?q=Function+of+Beauty+%22CTO%22+site%3Alinkedin.com%2Fin
218,Prose,eCommerce / DTC Brands,Hair Care,New York,NY,150,$50M-$100M,Product customization AI,$8K-$20K,VP of Technology,www.prose.com,3,Custom hair care formulas,hello@prosehair.com,,(617) 966-9332,(598) 959-7356; (147) 899-5994,scraped,,,[first].[last]@prose.com; [f][last]@prose.com; [first]@prose.com; [first][last]@prose.com,https://www.linkedin.com/search/results/people/?keywords=%22VP+of+Technology%22+%22Prose%22,,,,,,,,https://www.google.com/search?q=Prose+%22VP+of+Technology%22+site%3Alinkedin.com%2Fin
219,Billie,eCommerce / DTC Brands,Personal Care,New York,NY,80,$50M-$100M,Subscription AI,$8K-$15K,Director of E-Commerce,www.mybillie.com,3,Womens razor brand,hello@mybillie.com,press@mybillie.com,(257) 055-8233,(812) 302-1441; (888) 820-7422,scraped,,,[first].[last]@mybillie.com; [f][last]@mybillie.com; [first]@mybillie.com; [first][last]@mybillie.com,https://www.linkedin.com/search/results/people/?keywords=%22Director+of+E-Commerce%22+%22Billie%22,,,,https://facebook.com/billiebodybrand,https://instagram.com/billie,,,https://www.google.com/search?q=Billie+%22Director+of+E-Commerce%22+site%3Alinkedin.com%2Fin
220,Hubble Contacts,eCommerce / DTC Brands,Eye Care,New York,NY,100,$50M-$100M,Customer retention AI,$8K-$15K,CTO,www.hubblecontacts.com,3,Subscription contacts,info@hubblecontacts.com,contact@hubblecontacts.com,(305) 778-8945,(650) 514-2574; (689) 431-9763,pattern,,,[first].[last]@hubblecontacts.com; [f][last]@hubblecontacts.com; [first]@hubblecontacts.com; [first][last]@hubblecontacts.com,https://www.linkedin.com/search/results/people/?keywords=%22CTO%22+%22Hubble+Contacts%22,,,,,,,,https://www.google.com/search?q=Hubble+Contacts+%22CTO%22+site%3Alinkedin.com%2Fin
221,BarkBox,eCommerce / DTC Brands,Pet/Subscription,New York,NY,500,$200M-$500M,Customer engagement AI,$10K-$25K,VP of Engineering,www.barkbox.com,4,BARK Inc; public company,info@barkbox.com,contact@barkbox.com,(762) 132-3625,(569) 940-2090; (162) 736-3639,pattern,,,[first].[last]@barkbox.com; [f][last]@barkbox.com; [first]@barkbox.com; [first][last]@barkbox.com,https://www.linkedin.com/search/results/people/?keywords=%22VP+of+Engineering%22+%22BarkBox%22,https://www.linkedin.com/company/bark-thedogcompany,,https://x.com/assets/,https://www.facebook.com/Bark/,https://www.instagram.com/bark/,,,https://www.google.com/search?q=BarkBox+%22VP+of+Engineering%22+site%3Alinkedin.com%2Fin
222,Chewy,eCommerce / DTC Brands,Pet E-Commerce,Dania Beach,FL,20000,$10B+,Customer service AI,$30K-$50K,Chief Technology Officer,www.chewy.com,5,Largest online pet retailer,info@chewy.com,contact@chewy.com,,,pattern,,,[first].[last]@chewy.com; [f][last]@chewy.com; [first]@chewy.com; [first][last]@chewy.com,https://www.linkedin.com/search/results/people/?keywords=%22Chief+Technology+Officer%22+%22Chewy%22,,,,,,,,https://www.google.com/search?q=Chewy+%22Chief+Technology+Officer%22+site%3Alinkedin.com%2Fin
223,FabFitFun,eCommerce / DTC Brands,Subscription Box,Los Angeles,CA,300,$200M-$500M,Personalization AI,$10K-$25K,CTO,www.fabfitfun.com,4,Seasonal subscription box,info@fabfitfun.com,contact@fabfitfun.com,,,pattern,,,[first].[last]@fabfitfun.com; [f][last]@fabfitfun.com; [first]@fabfitfun.com; [first][last]@fabfitfun.com,https://www.linkedin.com/search/results/people/?keywords=%22CTO%22+%22FabFitFun%22,,,,,,,,https://www.google.com/search?q=FabFitFun+%22CTO%22+site%3Alinkedin.com%2Fin
224,Stitch Fix,eCommerce / DTC Brands,Fashion/AI,San Francisco,CA,5000,$1B+,Style recommendation AI,$20K-$40K,Chief Algorithm Officer,www.stitchfix.com,5,AI-powered fashion,info@stitchfix.com,contact@stitchfix.com,,,pattern,,,[first].[last]@stitchfix.com; [f][last]@stitchfix.com; [first]@stitchfix.com; [first][last]@stitchfix.com,https://www.linkedin.com/search/results/people/?keywords=%22Chief+Algorithm+Officer%22+%22Stitch+Fix%22,,,,,,,,https://www.google.com/search?q=Stitch+Fix+%22Chief+Algorithm+Officer%22+site%3Alinkedin.com%2Fin
225,Italic,eCommerce / DTC Brands,Luxury DTC,Los Angeles,CA,50,$10M-$25M,Inventory management AI,$8K-$15K,CEO,www.italic.com,3,Direct-from-manufacturer,wholesale@italic.com,hello@italic.com,(334) 843-1052,(615) 232-1064; (257) 131-1008,scraped,,,[first].[last]@italic.com; [f][last]@italic.com; [first]@italic.com; [first][last]@italic.com,https://www.linkedin.com/search/results/people/?keywords=%22CEO%22+%22Italic%22,,,https://x.com/italic,,https://www.instagram.com/italic/,https://www.youtube.com/c/Italictv,,https://www.google.com/search?q=Italic+%22CEO%22+site%3Alinkedin.com%2Fin
226,TRUFF,eCommerce / DTC Brands,Food/Condiments,Irvine,CA,50,$50M-$100M,Customer engagement AI,$8K-$15K,Director of E-Commerce,www.truff.com,3,Truffle hot sauce brand,support@truff.com,support@truffhotsauce.com; support@storefront.com,(169) 965-2007,(177) 087-5814; (175) 683-8731,scraped,,,[first].[last]@truff.com; [f][last]@truff.com; [first]@truff.com; [first][last]@truff.com,https://www.linkedin.com/search/results/people/?keywords=%22Director+of+E-Commerce%22+%22TRUFF%22,,,https://www.twitter.com/truffsauce,https://www.facebook.com/truffsauce,https://www.instagram.com/sauce,https://www.youtube.com/c/truffkitchen,,https://www.google.com/search?q=TRUFF+%22Director+of+E-Commerce%22+site%3Alinkedin.com%2Fin
227,Fly By Jing,eCommerce / DTC Brands,Food/Condiments,Los Angeles,CA,30,$10M-$25M,Inventory automation,$8K-$12K,CEO,www.flybyjing.com,3,Sichuan-inspired sauces,info@flybyjing.com,contact@flybyjing.com,(174) 138-9583,(403) 751-8533; (519) 453-6761,pattern,,,[first].[last]@flybyjing.com; [f][last]@flybyjing.com; [first]@flybyjing.com; [first][last]@flybyjing.com,https://www.linkedin.com/search/results/people/?keywords=%22CEO%22+%22Fly+By+Jing%22,,,,,https://instagram.com/flybyjing,,,https://www.google.com/search?q=Fly+By+Jing+%22CEO%22+site%3Alinkedin.com%2Fin
228,Brightland,eCommerce / DTC Brands,Food/Olive Oil,Los Angeles,CA,20,$5M-$10M,Customer retention AI,$5K-$10K,Founder,www.brightland.co,2,DTC olive oil brand,info@brightland.co,contact@brightland.co,(333) 414-4620,(161) 478-8804; (804) 130-9697,pattern,,,[first].[last]@brightland.co; [f][last]@brightland.co; [first]@brightland.co; [first][last]@brightland.co,https://www.linkedin.com/search/results/people/?keywords=%22Founder%22+%22Brightland%22,,,,,https://www.instagram.com/wearebrightland/,,,https://www.google.com/search?q=Brightland+%22Founder%22+site%3Alinkedin.com%2Fin
229,Feat Clothing,eCommerce / DTC Brands,Athleisure,Henderson,NV,50,$10M-$25M,Customer service AI,$5K-$12K,Director of E-Commerce,www.featclothing.com,2,Growing DTC athleisure,info@featclothing.com,contact@featclothing.com,(165) 643-5291,(782) 352-3422; (635) 332-6431,pattern,,,[first].[last]@featclothing.com; [f][last]@featclothing.com; [first]@featclothing.com; [first][last]@featclothing.com,https://www.linkedin.com/search/results/people/?keywords=%22Director+of+E-Commerce%22+%22Feat+Clothing%22,,,,,,,,https://www.google.com/search?q=Feat+Clothing+%22Director+of+E-Commerce%22+site%3Alinkedin.com%2Fin
230,ASRV,eCommerce / DTC Brands,Athleisure,Carlsbad,CA,50,$10M-$25M,Inventory automation,$5K-$12K,CEO,www.asrv.com,2,Mens athletic brand,wes@topshelfbrandz.com,info@stagheaddesigns.com,(197) 032-8739,(474) 682-0017; (075) 868-5839,scraped,,,[first].[last]@asrv.com; [f][last]@asrv.com; [first]@asrv.com; [first][last]@asrv.com,https://www.linkedin.com/search/results/people/?keywords=%22CEO%22+%22ASRV%22,https://www.linkedin.com/company/asrv,,https://twitter.com/asrvsportswear,https://www.facebook.com/asrvsportswear/,https://www.instagram.com/asrv/,https://www.youtube.com/channel/UCYUwDoGKEGis5Q1mASQA7Kg,,https://www.google.com/search?q=ASRV+%22CEO%22+site%3Alinkedin.com%2Fin
231,Bylt Basics,eCommerce / DTC Brands,Apparel,Huntington Beach,CA,50,$10M-$25M,Customer engagement AI,$5K-$12K,Director of Marketing,www.byltbasics.com,2,Basics-focused apparel,info@byltbasics.com,contact@byltbasics.com,(173) 922-7096,(177) 130-8181; (177) 130-8165,pattern,,,[first].[last]@byltbasics.com; [f][last]@byltbasics.com; [first]@byltbasics.com; [first][last]@byltbasics.com,https://www.linkedin.com/search/results/people/?keywords=%22Director+of+Marketing%22+%22Bylt+Basics%22,https://www.linkedin.com/company/bylt-basics/,,,https://www.facebook.com/BYLTbasics/,https://www.instagram.com/byltbasics/,https://www.youtube.com/channel/UC0ZGeZLtp4ojjKz-3P1evcA,,https://www.google.com/search?q=Bylt+Basics+%22Director+of+Marketing%22+site%3Alinkedin.com%2Fin
232,Lunya,eCommerce / DTC Brands,Sleepwear,Los Angeles,CA,100,$25M-$50M,Personalization AI,$8K-$15K,VP of E-Commerce,www.lunya.co,3,Premium sleepwear,support@glood.ai,,(232) 815-5278,(647) 884-9041; (167) 469-5178,scraped,,,[first].[last]@lunya.co; [f][last]@lunya.co; [first]@lunya.co; [first][last]@lunya.co,https://www.linkedin.com/search/results/people/?keywords=%22VP+of+E-Commerce%22+%22Lunya%22,,,,https://www.facebook.com/lunya.co,https://www.instagram.com/lunya/,https://www.youtube.com/channel/UCMU6LqrJ2PJrHpFiEN_yQJA,,https://www.google.com/search?q=Lunya+%22VP+of+E-Commerce%22+site%3Alinkedin.com%2Fin
233,Thousand Fell,eCommerce / DTC Brands,Footwear,New York,NY,30,$5M-$10M,Customer retention AI,$5K-$10K,CEO,www.thousandfell.com,2,Recyclable sneakers,info@thousandfell.com,contact@thousandfell.com,(200) 031-0135,(200) 063-5208; (384) 416-2159,pattern,,,[first].[last]@thousandfell.com; [f][last]@thousandfell.com; [first]@thousandfell.com; [first][last]@thousandfell.com,https://www.linkedin.com/search/results/people/?keywords=%22CEO%22+%22Thousand+Fell%22,,,,,https://www.instagram.com/thousand_fell/,,,https://www.google.com/search?q=Thousand+Fell+%22CEO%22+site%3Alinkedin.com%2Fin
234,Bite Toothpaste,eCommerce / DTC Brands,Personal Care,Los Angeles,CA,50,$10M-$25M,Subscription AI,$5K-$12K,Director of Operations,www.bitetoothpastebits.com,2,Sustainable oral care,hello@bitetoothpastebits.com,,(346) 346-0260,(166) 576-6023; (891) 792-1101,scraped,,,[first].[last]@bitetoothpastebits.com; [f][last]@bitetoothpastebits.com; [first]@bitetoothpastebits.com; [first][last]@bitetoothpastebits.com,https://www.linkedin.com/search/results/people/?keywords=%22Director+of+Operations%22+%22Bite+Toothpaste%22,,,https://twitter.com/uwt,https://www.facebook.com/bitetoothpastebits,https://www.instagram.com/bite,,,https://www.google.com/search?q=Bite+Toothpaste+%22Director+of+Operations%22+site%3Alinkedin.com%2Fin
235,Huron,eCommerce / DTC Brands,Mens Grooming,New York,NY,30,$5M-$10M,Customer engagement AI,$5K-$10K,CEO,www.usehuron.com,2,Mens personal care,help@usehuron.com,,(515) 892-8473,(856) 858-3613; (168) 296-4811,scraped,,,[first].[last]@usehuron.com; [f][last]@usehuron.com; [first]@usehuron.com; [first][last]@usehuron.com,https://www.linkedin.com/search/results/people/?keywords=%22CEO%22+%22Huron%22,,,,,,,,https://www.google.com/search?q=Huron+%22CEO%22+site%3Alinkedin.com%2Fin
236,Wild One,eCommerce / DTC Brands,Pet Products,New York,NY,40,$10M-$25M,Customer service AI,$5K-$12K,Director of E-Commerce,www.wildone.com,2,Modern pet brand,info@wildone.com,contact@wildone.com,(166) 488-3879,(106) 323-7065; (997) 461-2881,pattern,,,[first].[last]@wildone.com; [f][last]@wildone.com; [first]@wildone.com; [first][last]@wildone.com,https://www.linkedin.com/search/results/people/?keywords=%22Director+of+E-Commerce%22+%22Wild+One%22,,,,http://facebook.com/wildonepets,http://instagram.com/wildone,,,https://www.google.com/search?q=Wild+One+%22Director+of+E-Commerce%22+site%3Alinkedin.com%2Fin
237,Chippin,eCommerce / DTC Brands,Pet Food,New York,NY,20,$5M-$10M,Subscription management AI,$5K-$10K,CEO,www.chippin.com,2,Sustainable pet food,info@chippin.com,contact@chippin.com,(666) 666-6666,(754) 385-9649,pattern,,,[first].[last]@chippin.com; [f][last]@chippin.com; [first]@chippin.com; [first][last]@chippin.com,https://www.linkedin.com/search/results/people/?keywords=%22CEO%22+%22Chippin%22,https://www.linkedin.com/company/2522661/,,https://twitter.com/ChippinApp,https://www.facebook.com/chippinapp/,https://www.instagram.com/chippinapp,https://www.youtube.com/@chippinapp,,https://www.google.com/search?q=Chippin+%22CEO%22+site%3Alinkedin.com%2Fin
238,The Farmers Dog,eCommerce / DTC Brands,Pet Food,New York,NY,500,$200M-$500M,Customer service AI,$10K-$25K,CTO,www.thefarmersdog.com,4,Fresh dog food subscription,info@thefarmersdog.com,contact@thefarmersdog.com,(578) 015-2491,(106) 788-0890; (716) 006-8596,pattern,,,[first].[last]@thefarmersdog.com; [f][last]@thefarmersdog.com; [first]@thefarmersdog.com; [first][last]@thefarmersdog.com,https://www.linkedin.com/search/results/people/?keywords=%22CTO%22+%22The+Farmers+Dog%22,,,https://twitter.com/thefarmersdog,https://www.facebook.com/thefarmersdog,https://www.instagram.com/thefarmersdog/,https://www.youtube.com/channel/UC3leux6UUKfAiNxlZeiMg7g,,https://www.google.com/search?q=The+Farmers+Dog+%22CTO%22+site%3Alinkedin.com%2Fin
239,MUSH,eCommerce / DTC Brands,Food/Oats,Los Angeles,CA,30,$10M-$25M,Inventory automation,$5K-$12K,Director of Operations,www.eatmush.com,2,Ready-to-eat oats,hello@eatmush.com,info@stagheaddesigns.com,(162) 690-5343,(162) 944-6388; (620) 734-3553,scraped,,,[first].[last]@eatmush.com; [f][last]@eatmush.com; [first]@eatmush.com; [first][last]@eatmush.com,https://www.linkedin.com/search/results/people/?keywords=%22Director+of+Operations%22+%22MUSH%22,,,,,https://www.instagram.com/mush,,,https://www.google.com/search?q=MUSH+%22Director+of+Operations%22+site%3Alinkedin.com%2Fin
240,ColourPop,eCommerce / DTC Brands,Beauty,Los Angeles,CA,400,$200M-$500M,Personalization engine AI,$10K-$25K,VP of E-Commerce,www.colourpop.com,4,Affordable DTC beauty,info@colourpop.com,contact@colourpop.com,(405) 958-2218,(756) 063-2071; (730) 357-4505,pattern,,,[first].[last]@colourpop.com; [f][last]@colourpop.com; [first]@colourpop.com; [first][last]@colourpop.com,https://www.linkedin.com/search/results/people/?keywords=%22VP+of+E-Commerce%22+%22ColourPop%22,,,https://x.com/colourpopco,,,,,https://www.google.com/search?q=ColourPop+%22VP+of+E-Commerce%22+site%3Alinkedin.com%2Fin
241,Planet Fitness,Fitness / Gym Franchises,Value Gym,Hampton,NH,40000,$1B+,Member retention AI,$25K-$50K,Chief Digital Officer,www.planetfitness.com,5,2400+ locations; NYSE listed,info@planetfitness.com,contact@planetfitness.com,,,pattern,,,[first].[last]@planetfitness.com; [f][last]@planetfitness.com; [first]@planetfitness.com; [first][last]@planetfitness.com,https://www.linkedin.com/search/results/people/?keywords=%22Chief+Digital+Officer%22+%22Planet+Fitness%22,,,,,,,,https://www.google.com/search?q=Planet+Fitness+%22Chief+Digital+Officer%22+site%3Alinkedin.com%2Fin
242,Anytime Fitness,Fitness / Gym Franchises,24-Hour Gym,Woodbury,MN,30000,$500M-$1B,Lead nurturing AI,$20K-$40K,VP of Technology,www.anytimefitness.com,5,5000+ locations worldwide,mediainquiries@sebrands.com,customercare@abcfitness.com; member.solutions@sebrands.com,(675) 078-6091,(439) 540-9186; (943) 872-5055,scraped,,,[first].[last]@anytimefitness.com; [f][last]@anytimefitness.com; [first]@anytimefitness.com; [first][last]@anytimefitness.com,https://www.linkedin.com/search/results/people/?keywords=%22VP+of+Technology%22+%22Anytime+Fitness%22,https://www.linkedin.com/company/anytime-fitness/,,https://x.com/AnytimeFitness,https://www.facebook.com/AnytimeFitness,https://www.instagram.com/anytimefitness/,,,https://www.google.com/search?q=Anytime+Fitness+%22VP+of+Technology%22+site%3Alinkedin.com%2Fin
243,Crunch Fitness,Fitness / Gym Franchises,Full-Service Gym,New York,NY,10000,$500M-$1B,Scheduling automation,$15K-$30K,CTO,www.crunch.com,4,450+ locations,info@crunch.com,contact@crunch.com,(472) 903-9075,(993) 949-8621; (482) 313-6230,pattern,,,[first].[last]@crunch.com; [f][last]@crunch.com; [first]@crunch.com; [first][last]@crunch.com,https://www.linkedin.com/search/results/people/?keywords=%22CTO%22+%22Crunch+Fitness%22,,,https://twitter.com/crunchgym/,https://www.facebook.com/crunch/,https://www.instagram.com/crunchgym/,,,https://www.google.com/search?q=Crunch+Fitness+%22CTO%22+site%3Alinkedin.com%2Fin
244,Golds Gym,Fitness / Gym Franchises,Full-Service Gym,Dallas,TX,5000,$200M-$500M,Member engagement AI,$15K-$30K,VP of Digital,www.goldsgym.com,4,Iconic brand; 700+ locations,websiteinquiries@goldsgym.com,,(158) 901-7372,(151) 034-9791; (956) 804-9105,scraped,,,[first].[last]@goldsgym.com; [f][last]@goldsgym.com; [first]@goldsgym.com; [first][last]@goldsgym.com,https://www.linkedin.com/search/results/people/?keywords=%22VP+of+Digital%22+%22Golds+Gym%22,,,https://twitter.com/GoldsGym,https://www.facebook.com/goldsgym/,https://www.instagram.com/goldsgym,,,https://www.google.com/search?q=Golds+Gym+%22VP+of+Digital%22+site%3Alinkedin.com%2Fin
245,Orangetheory Fitness,Fitness / Gym Franchises,Boutique Fitness,Boca Raton,FL,15000,$1B+,Member retention AI,$20K-$40K,Chief Technology Officer,www.orangetheory.com,5,1500+ studios,info@orangetheory.com,contact@orangetheory.com,(662) 918-4900,(614) 952-0992; (621) 592-6870,pattern,,,[first].[last]@orangetheory.com; [f][last]@orangetheory.com; [first]@orangetheory.com; [first][last]@orangetheory.com,https://www.linkedin.com/search/results/people/?keywords=%22Chief+Technology+Officer%22+%22Orangetheory+Fitness%22,https://www.linkedin.com/company/orangetheory-fitness/,,https://twitter.com/orangetheory,https://www.facebook.com/OrangetheoryFitness,https://www.instagram.com/orangetheory/,,,https://www.google.com/search?q=Orangetheory+Fitness+%22Chief+Technology+Officer%22+site%3Alinkedin.com%2Fin
246,F45 Training,Fitness / Gym Franchises,Boutique Fitness,Austin,TX,5000,$200M-$500M,Scheduling AI,$10K-$25K,CTO,www.f45training.com,4,1750+ studios globally,info@f45training.com,contact@f45training.com,(934) 385-6500,(177) 191-1747; (114) 085-3335,pattern,,,[first].[last]@f45training.com; [f][last]@f45training.com; [first]@f45training.com; [first][last]@f45training.com,https://www.linkedin.com/search/results/people/?keywords=%22CTO%22+%22F45+Training%22,https://www.linkedin.com/company/f45-training,,https://x.com/mapbox,https://www.facebook.com/tr,https://instagram.com/f45_training/,,,https://www.google.com/search?q=F45+Training+%22CTO%22+site%3Alinkedin.com%2Fin
247,Club Pilates,Fitness / Gym Franchises,Boutique Fitness,Irvine,CA,8000,$200M-$500M,Lead nurturing AI,$10K-$25K,VP of Technology,www.clubpilates.com,4,Xponential brand; 800+ studios,operations@clubpilates.com,,(664) 089-4093,(736) 465-9659; (664) 198-5216,scraped,,,[first].[last]@clubpilates.com; [f][last]@clubpilates.com; [first]@clubpilates.com; [first][last]@clubpilates.com,https://www.linkedin.com/search/results/people/?keywords=%22VP+of+Technology%22+%22Club+Pilates%22,https://www.linkedin.com/company/club-pilates-san-diego/,,https://x.com/mapbox,https://www.facebook.com/clubpilates,https://www.instagram.com/clubpilates,,,https://www.google.com/search?q=Club+Pilates+%22VP+of+Technology%22+site%3Alinkedin.com%2Fin
248,HOTWORX,Fitness / Gym Franchises,Infrared Fitness,Baton Rouge,LA,3000,$100M-$200M,Member retention AI,$8K-$20K,Director of Technology,www.hotworx.net,3,700+ locations,manager.tx0198@hotworx.net,studio.tx0198@hotworx.net; studio.tx0057@hotworx.net; manager.tx0057@hotworx.net,(591) 510-9173,(294) 212-2015; (742) 887-5613,scraped,,,[first].[last]@hotworx.net; [f][last]@hotworx.net; [first]@hotworx.net; [first][last]@hotworx.net,https://www.linkedin.com/search/results/people/?keywords=%22Director+of+Technology%22+%22HOTWORX%22,https://www.linkedin.com/company/hotworx/,,,https://www.facebook.com/tr,https://www.instagram.com/hotworx/,,,https://www.google.com/search?q=HOTWORX+%22Director+of+Technology%22+site%3Alinkedin.com%2Fin
249,Pure Barre,Fitness / Gym Franchises,Boutique Fitness,Irvine,CA,5000,$100M-$200M,Scheduling automation,$8K-$20K,VP of Operations,www.purebarre.com,3,Xponential brand; 600+ studios,info@purebarre.com,contact@purebarre.com,(674) 425-4712,(769) 124-4789; (769) 038-3245,pattern,,,[first].[last]@purebarre.com; [f][last]@purebarre.com; [first]@purebarre.com; [first][last]@purebarre.com,https://www.linkedin.com/search/results/people/?keywords=%22VP+of+Operations%22+%22Pure+Barre%22,https://www.linkedin.com/company/pure-barre/,,https://x.com/mapbox,https://www.facebook.com/purebarre,https://www.instagram.com/pure_barre,,,https://www.google.com/search?q=Pure+Barre+%22VP+of+Operations%22+site%3Alinkedin.com%2Fin
250,D1 Training,Fitness / Gym Franchises,Athletic Training,Nashville,TN,2000,$50M-$100M,Lead qualification AI,$8K-$15K,Director of Technology,www.d1training.com,3,100+ locations,info@d1training.com,contact@d1training.com,(256) 510-4887,(726) 381-7988; (651) 123-7585,pattern,,,[first].[last]@d1training.com; [f][last]@d1training.com; [first]@d1training.com; [first][last]@d1training.com,https://www.linkedin.com/search/results/people/?keywords=%22Director+of+Technology%22+%22D1+Training%22,https://www.linkedin.com/company/d1-sports-training,,https://x.com/D1Sports,https://www.facebook.com/D1Sports/,https://www.instagram.com/d1training_official,https://www.youtube.com/@d1training,,https://www.google.com/search?q=D1+Training+%22Director+of+Technology%22+site%3Alinkedin.com%2Fin
251,Burn Boot Camp,Fitness / Gym Franchises,Boutique Fitness,Cornelius,NC,3000,$100M-$200M,Member engagement AI,$8K-$20K,VP of Technology,www.burnbootcamp.com,3,350+ locations,info@burnbootcamp.com,contact@burnbootcamp.com,(021) 700-8361,(176) 617-0287; (541) 818-5427,pattern,,,[first].[last]@burnbootcamp.com; [f][last]@burnbootcamp.com; [first]@burnbootcamp.com; [first][last]@burnbootcamp.com,https://www.linkedin.com/search/results/people/?keywords=%22VP+of+Technology%22+%22Burn+Boot+Camp%22,https://www.linkedin.com/company/burn-boot-camp/,,https://twitter.com/burnbootcamp,https://www.facebook.com/BurnBootCamp,https://www.instagram.com/burnbootcamp/,https://www.youtube.com/c/BurnBootCamp,,https://www.google.com/search?q=Burn+Boot+Camp+%22VP+of+Technology%22+site%3Alinkedin.com%2Fin
252,The Exercise Coach,Fitness / Gym Franchises,Personal Training,Lake Zurich,IL,1000,$25M-$50M,Scheduling AI,$5K-$15K,Director of Operations,www.exercisecoach.com,3,140+ studios,info@exercisecoach.com,contact@exercisecoach.com,(177) 006-7602,(177) 006-7726; (177) 006-7604,pattern,,,[first].[last]@exercisecoach.com; [f][last]@exercisecoach.com; [first]@exercisecoach.com; [first][last]@exercisecoach.com,https://www.linkedin.com/search/results/people/?keywords=%22Director+of+Operations%22+%22The+Exercise+Coach%22,https://www.linkedin.com/company/the-exercise-coach-illinois/,,https://twitter.com/enjoystrength,https://www.facebook.com/theexercisecoach/,https://www.instagram.com/theexercisecoach/,https://www.youtube.com/channel/UCJn2uiUCAumWilp3k_eTk2Q,,https://www.google.com/search?q=The+Exercise+Coach+%22Director+of+Operations%22+site%3Alinkedin.com%2Fin
253,StretchLab,Fitness / Gym Franchises,Recovery/Stretch,Irvine,CA,3000,$50M-$100M,Appointment scheduling AI,$8K-$15K,VP of Technology,www.stretchlab.com,3,Xponential brand; 300+ studios,info@stretchlab.com,contact@stretchlab.com,(674) 461-0524,(755) 627-2642; (674) 452-5965,pattern,,,[first].[last]@stretchlab.com; [f][last]@stretchlab.com; [first]@stretchlab.com; [first][last]@stretchlab.com,https://www.linkedin.com/search/results/people/?keywords=%22VP+of+Technology%22+%22StretchLab%22,https://www.linkedin.com/company/stretchlab/,,https://x.com/mapbox,https://www.facebook.com/stretchlabofficial,https://www.instagram.com/stretchlabofficial,https://www.youtube.com/channel/UCE7ASlSWBKwwMteai5hsc_Q,,https://www.google.com/search?q=StretchLab+%22VP+of+Technology%22+site%3Alinkedin.com%2Fin
254,TITLE Boxing Club,Fitness / Gym Franchises,Boxing Fitness,Kansas City,MO,1500,$25M-$50M,Lead nurturing AI,$5K-$15K,Director of Marketing,www.titleboxingclub.com,3,150+ locations,info@titleboxingclub.com,,(911) 563-9424,(765) 846-1994; (914) 594-8118,pattern,,,[first].[last]@titleboxingclub.com; [f][last]@titleboxingclub.com; [first]@titleboxingclub.com; [first][last]@titleboxingclub.com,https://www.linkedin.com/search/results/people/?keywords=%22Director+of+Marketing%22+%22TITLE+Boxing+Club%22,https://www.linkedin.com/company/title-boxing-club,,https://x.com/mapbox,https://www.facebook.com/TITLEBoxingClub/,https://www.instagram.com/titleboxingclub/,,,https://www.google.com/search?q=TITLE+Boxing+Club+%22Director+of+Marketing%22+site%3Alinkedin.com%2Fin
255,Row House,Fitness / Gym Franchises,Boutique Fitness,Irvine,CA,1500,$25M-$50M,Member retention AI,$5K-$15K,VP of Operations,www.therowhouse.com,3,Xponential brand; rowing focus,marketing@therowhouse.com,,(519) 167-8449,(674) 442-7858; (736) 974-4058,scraped,,,[first].[last]@therowhouse.com; [f][last]@therowhouse.com; [first]@therowhouse.com; [first][last]@therowhouse.com,https://www.linkedin.com/search/results/people/?keywords=%22VP+of+Operations%22+%22Row+House%22,,,https://x.com/mapbox,,,,,https://www.google.com/search?q=Row+House+%22VP+of+Operations%22+site%3Alinkedin.com%2Fin
256,Barrys,Fitness / Gym Franchises,Boutique Fitness,Los Angeles,CA,2000,$100M-$200M,Scheduling automation AI,$10K-$20K,CTO,www.barrys.com,3,80+ studios,info@barrys.com,contact@barrys.com,(464) 308-6696,(511) 589-6696; (964) 063-2232,pattern,,,[first].[last]@barrys.com; [f][last]@barrys.com; [first]@barrys.com; [first][last]@barrys.com,https://www.linkedin.com/search/results/people/?keywords=%22CTO%22+%22Barrys%22,https://www.linkedin.com/company/barry,,https://x.com/barrysbootcamp,https://www.facebook.com/BarrysBootcamp/,https://www.instagram.com/barrys/,,,https://www.google.com/search?q=Barrys+%22CTO%22+site%3Alinkedin.com%2Fin
257,SoulCycle,Fitness / Gym Franchises,Cycling,New York,NY,2000,$100M-$200M,Member engagement AI,$10K-$20K,VP of Technology,www.soul-cycle.com,3,Premium cycling studios,yoursoulmatters@soul-cycle.com,,(292) 486-1034,(647) 595-0959; (646) 755-6872,scraped,,,[first].[last]@soul-cycle.com; [f][last]@soul-cycle.com; [first]@soul-cycle.com; [first][last]@soul-cycle.com,https://www.linkedin.com/search/results/people/?keywords=%22VP+of+Technology%22+%22SoulCycle%22,,,https://twitter.com/soulcycle/,https://www.facebook.com/pages/,https://instagram.com/soulcycle/,,,https://www.google.com/search?q=SoulCycle+%22VP+of+Technology%22+site%3Alinkedin.com%2Fin
258,Equinox,Fitness / Gym Franchises,Premium Fitness,New York,NY,10000,$1B+,Personalization AI,$20K-$40K,Chief Digital Officer,www.equinox.com,5,Premium fitness brand; 100+ clubs,concierge@equinox.com,pr@equinox.com,(453) 347-0681,(276) 376-9630; (459) 726-3290,scraped,,,[first].[last]@equinox.com; [f][last]@equinox.com; [first]@equinox.com; [first][last]@equinox.com,https://www.linkedin.com/search/results/people/?keywords=%22Chief+Digital+Officer%22+%22Equinox%22,,,https://x.com/fonts/,https://www.facebook.com/Equinox,https://www.instagram.com/equinox/,,,https://www.google.com/search?q=Equinox+%22Chief+Digital+Officer%22+site%3Alinkedin.com%2Fin
259,Life Time Fitness,Fitness / Gym Franchises,Premium Fitness,Chanhassen,MN,30000,$1B+,Member engagement AI,$25K-$50K,Chief Technology Officer,www.lifetime.life,5,170+ destinations; NYSE listed,info@lifetime.life,contact@lifetime.life,(701) 881-2414,(905) 590-1499,pattern,,,[first].[last]@lifetime.life; [f][last]@lifetime.life; [first]@lifetime.life; [first][last]@lifetime.life,https://www.linkedin.com/search/results/people/?keywords=%22Chief+Technology+Officer%22+%22Life+Time+Fitness%22,,,,https://www.facebook.com/LifeTime.Life,https://instagram.com/lifetime.life,,,https://www.google.com/search?q=Life+Time+Fitness+%22Chief+Technology+Officer%22+site%3Alinkedin.com%2Fin
260,LA Fitness,Fitness / Gym Franchises,Full-Service Gym,Irvine,CA,10000,$1B+,Member retention AI,$20K-$35K,VP of Technology,www.lafitness.com,4,700+ clubs,info@lafitness.com,contact@lafitness.com,(638) 901-5197,(102) 335-1969; (100) 000-0000,pattern,,,[first].[last]@lafitness.com; [f][last]@lafitness.com; [first]@lafitness.com; [first][last]@lafitness.com,https://www.linkedin.com/search/results/people/?keywords=%22VP+of+Technology%22+%22LA+Fitness%22,,,https://x.com/LAFitness,https://www.facebook.com/LAFitness,https://www.instagram.com/LAFitness,,,https://www.google.com/search?q=LA+Fitness+%22VP+of+Technology%22+site%3Alinkedin.com%2Fin
261,24 Hour Fitness,Fitness / Gym Franchises,Full-Service Gym,San Ramon,CA,8000,$500M-$1B,Scheduling automation AI,$15K-$30K,CTO,www.24hourfitness.com,4,300+ clubs,info@24hourfitness.com,contact@24hourfitness.com,(230) 086-6441,(033) 126-0218; (771) 867-9317,pattern,,,[first].[last]@24hourfitness.com; [f][last]@24hourfitness.com; [first]@24hourfitness.com; [first][last]@24hourfitness.com,https://www.linkedin.com/search/results/people/?keywords=%22CTO%22+%2224+Hour+Fitness%22,,,,https://www.facebook.com/24HourFitness,https://www.instagram.com/24HourFitness,,,https://www.google.com/search?q=24+Hour+Fitness+%22CTO%22+site%3Alinkedin.com%2Fin
262,YMCA of Greater New York,Fitness / Gym Franchises,Community Fitness,New York,NY,5000,$200M-$500M,Member engagement AI,$15K-$25K,CIO,www.ymcanyc.org,4,Largest US YMCA association,bedstuy@ymcanyc.org,mjhangir@ymcanyc.org; dodge_contact@ymcanyc.org; flatbush_contact@ymcanyc.org,(212) 630-9600,(128) 993-3359; (153) 075-4645,scraped,,,[first].[last]@ymcanyc.org; [f][last]@ymcanyc.org; [first]@ymcanyc.org; [first][last]@ymcanyc.org,https://www.linkedin.com/search/results/people/?keywords=%22CIO%22+%22YMCA+of+Greater+New+York%22,https://www.linkedin.com/company/ymca-of-greater-new-york/,,https://twitter.com/ymcanyc,https://www.facebook.com/ymcanyc/,https://www.instagram.com/YMCANYC,,,https://www.google.com/search?q=YMCA+of+Greater+New+York+%22CIO%22+site%3Alinkedin.com%2Fin
263,UFC Gym,Fitness / Gym Franchises,MMA Fitness,Irvine,CA,3000,$100M-$200M,Lead nurturing AI,$10K-$20K,VP of Technology,www.ufcgym.com,3,150+ locations,contact@ufcgym.com,,(175) 176-3661,(115) 938-7112; (161) 002-5918,pattern,,,[first].[last]@ufcgym.com; [f][last]@ufcgym.com; [first]@ufcgym.com; [first][last]@ufcgym.com,https://www.linkedin.com/search/results/people/?keywords=%22VP+of+Technology%22+%22UFC+Gym%22,,,https://twitter.com/ufcgym,https://www.facebook.com/ufcgym,https://www.instagram.com/ufcgym,,,https://www.google.com/search?q=UFC+Gym+%22VP+of+Technology%22+site%3Alinkedin.com%2Fin
264,Snap Fitness,Fitness / Gym Franchises,24-Hour Gym,Chanhassen,MN,5000,$100M-$200M,Member retention AI,$8K-$20K,Director of Technology,www.snapfitness.com,3,1000+ locations,info@snapfitness.com,contact@snapfitness.com,(048) 456-2807,(153) 510-8079,pattern,,,[first].[last]@snapfitness.com; [f][last]@snapfitness.com; [first]@snapfitness.com; [first][last]@snapfitness.com,https://www.linkedin.com/search/results/people/?keywords=%22Director+of+Technology%22+%22Snap+Fitness%22,,,,,,,,https://www.google.com/search?q=Snap+Fitness+%22Director+of+Technology%22+site%3Alinkedin.com%2Fin
265,Blink Fitness,Fitness / Gym Franchises,Value Gym,New York,NY,3000,$100M-$200M,Scheduling AI,$8K-$20K,CTO,www.blinkfitness.com,3,100+ locations,info@blinkfitness.com,contact@blinkfitness.com,(210) 922-1049,(177) 240-3517; (838) 709-6774,pattern,,,[first].[last]@blinkfitness.com; [f][last]@blinkfitness.com; [first]@blinkfitness.com; [first][last]@blinkfitness.com,https://www.linkedin.com/search/results/people/?keywords=%22CTO%22+%22Blink+Fitness%22,https://www.linkedin.com/company/officialpuregymus/,,,https://www.facebook.com/PureGymUS,https://www.instagram.com/puregymus,,,https://www.google.com/search?q=Blink+Fitness+%22CTO%22+site%3Alinkedin.com%2Fin
266,EOS Fitness,Fitness / Gym Franchises,Full-Service Gym,Phoenix,AZ,2000,$50M-$100M,Lead qualification AI,$8K-$15K,VP of Operations,www.eosfitness.com,3,Growing Southwest brand,info@eosfitness.com,contact@eosfitness.com,(978) 853-8365,(200) 465-3821; (406) 216-7793,pattern,,,[first].[last]@eosfitness.com; [f][last]@eosfitness.com; [first]@eosfitness.com; [first][last]@eosfitness.com,https://www.linkedin.com/search/results/people/?keywords=%22VP+of+Operations%22+%22EOS+Fitness%22,https://www.linkedin.com/company/eosfitness,,,https://www.facebook.com/EoSFitness/,https://www.instagram.com/eosfitness/,https://www.youtube.com/@GoEOSfit,,https://www.google.com/search?q=EOS+Fitness+%22VP+of+Operations%22+site%3Alinkedin.com%2Fin
267,Xponential Fitness,Fitness / Gym Franchises,Multi-Brand,Irvine,CA,5000,$200M-$500M,Multi-brand analytics AI,$20K-$40K,Chief Technology Officer,www.xponential.com,5,Parent of 10 fitness brands; NYSE,info@xponential.com,contact@xponential.com,(166) 457-4886,(742) 875-9417; (799) 814-2403,pattern,,,[first].[last]@xponential.com; [f][last]@xponential.com; [first]@xponential.com; [first][last]@xponential.com,https://www.linkedin.com/search/results/people/?keywords=%22Chief+Technology+Officer%22+%22Xponential+Fitness%22,https://www.linkedin.com/company/xponential-fitness/,,https://x.com/mapbox,https://www.facebook.com/xponentialfitness,https://www.instagram.com/xponentialfitness/,https://www.youtube.com/channel/UCOGZ2ZXmRY81WWiW-tbzDsQ,,https://www.google.com/search?q=Xponential+Fitness+%22Chief+Technology+Officer%22+site%3Alinkedin.com%2Fin
268,CycleBar,Fitness / Gym Franchises,Cycling,Irvine,CA,2000,$50M-$100M,Member engagement AI,$8K-$15K,VP of Technology,www.cyclebar.com,3,Xponential brand; 200+ studios,info@cyclebar.com,contact@cyclebar.com,(674) 418-3330,(736) 467-3795; (674) 415-5939,pattern,,,[first].[last]@cyclebar.com; [f][last]@cyclebar.com; [first]@cyclebar.com; [first][last]@cyclebar.com,https://www.linkedin.com/search/results/people/?keywords=%22VP+of+Technology%22+%22CycleBar%22,https://www.linkedin.com/company/cyclebar/,,https://x.com/mapbox,https://www.facebook.com/CycleBar,https://www.instagram.com/cyclebar,,,https://www.google.com/search?q=CycleBar+%22VP+of+Technology%22+site%3Alinkedin.com%2Fin
269,YogaSix,Fitness / Gym Franchises,Yoga,Irvine,CA,2000,$50M-$100M,Scheduling automation,$8K-$15K,Director of Operations,www.yogasix.com,3,Xponential brand; 200+ studios,contact@yogasix.com,,(671) 135-4561,(738) 877-2469; (741) 824-7724,pattern,,,[first].[last]@yogasix.com; [f][last]@yogasix.com; [first]@yogasix.com; [first][last]@yogasix.com,https://www.linkedin.com/search/results/people/?keywords=%22Director+of+Operations%22+%22YogaSix%22,https://www.linkedin.com/company/yoga-six/,,https://x.com/hubfs/,https://www.facebook.com/yogasix,https://www.instagram.com/yogasix,https://www.youtube.com/channel/UCL2512NzMCHGhuEkdLSSCQg,,https://www.google.com/search?q=YogaSix+%22Director+of+Operations%22+site%3Alinkedin.com%2Fin
270,AKT,Fitness / Gym Franchises,Dance Fitness,Irvine,CA,500,$10M-$25M,Lead nurturing AI,$5K-$12K,VP of Operations,www.theakt.com,2,Xponential brand,aktbriercreek@theakt.com,,(670) 780-1988,(741) 531-8134; (670) 835-8047,scraped,,,[first].[last]@theakt.com; [f][last]@theakt.com; [first]@theakt.com; [first][last]@theakt.com,https://www.linkedin.com/search/results/people/?keywords=%22VP+of+Operations%22+%22AKT%22,,,https://x.com/mapbox,https://www.facebook.com/aktbriercreek/,https://www.instagram.com/theaktbriercreek/,,,https://www.google.com/search?q=AKT+%22VP+of+Operations%22+site%3Alinkedin.com%2Fin
271,Rumble Boxing,Fitness / Gym Franchises,Boxing Fitness,New York,NY,1000,$25M-$50M,Member retention AI,$8K-$15K,Director of Technology,www.rumbleboxinggym.com,3,Xponential brand,info@rumbleboxinggym.com,contact@rumbleboxinggym.com,(674) 428-5956,(736) 467-7245; (674) 450-3685,pattern,,,[first].[last]@rumbleboxinggym.com; [f][last]@rumbleboxinggym.com; [first]@rumbleboxinggym.com; [first][last]@rumbleboxinggym.com,https://www.linkedin.com/search/results/people/?keywords=%22Director+of+Technology%22+%22Rumble+Boxing%22,,,https://x.com/mapbox,https://www.facebook.com/doyourumble,https://www.instagram.com/doyourumble/,,,https://www.google.com/search?q=Rumble+Boxing+%22Director+of+Technology%22+site%3Alinkedin.com%2Fin
272,BFT (Body Fit Training),Fitness / Gym Franchises,Functional Training,Irvine,CA,1500,$25M-$50M,Scheduling AI,$5K-$15K,VP of Technology,www.bodyfittraining.com,3,Xponential brand; Australian origin,info@bodyfittraining.com,contact@bodyfittraining.com,(674) 588-7318,(736) 467-2349; (675) 475-2453,pattern,,,[first].[last]@bodyfittraining.com; [f][last]@bodyfittraining.com; [first]@bodyfittraining.com; [first][last]@bodyfittraining.com,https://www.linkedin.com/search/results/people/?keywords=%22VP+of+Technology%22+%22BFT+%28Body+Fit+Training%29%22,,,,https://www.facebook.com/BFTStudios/,https://www.instagram.com/bft_studios/,,,https://www.google.com/search?q=BFT+%28Body+Fit+Training%29+%22VP+of+Technology%22+site%3Alinkedin.com%2Fin
273,Solidcore,Fitness / Gym Franchises,Pilates/Strength,Washington,DC,1500,$50M-$100M,Member engagement AI,$8K-$20K,CTO,www.solidcore.co,3,100+ studios,info@solidcore.co,contact@solidcore.co,(145) 246-0311,,pattern,,,[first].[last]@solidcore.co; [f][last]@solidcore.co; [first]@solidcore.co; [first][last]@solidcore.co,https://www.linkedin.com/search/results/people/?keywords=%22CTO%22+%22Solidcore%22,,,,,,,,https://www.google.com/search?q=Solidcore+%22CTO%22+site%3Alinkedin.com%2Fin
274,CorePower Yoga,Fitness / Gym Franchises,Yoga,Denver,CO,3000,$100M-$200M,Scheduling automation AI,$10K-$20K,VP of Technology,www.corepoweryoga.com,3,200+ studios,mediainquiries@corepoweryoga.com,partnerships@corepoweryoga.com; corepoweryoga@azionepr.com,(324) 310-4517,(278) 524-7414; (813) 303-1103,scraped,,,[first].[last]@corepoweryoga.com; [f][last]@corepoweryoga.com; [first]@corepoweryoga.com; [first][last]@corepoweryoga.com,https://www.linkedin.com/search/results/people/?keywords=%22VP+of+Technology%22+%22CorePower+Yoga%22,,,https://twitter.com/CorePowerYoga,https://www.facebook.com/CorePowerYoga,https://instagram.com/corepoweryoga,,,https://www.google.com/search?q=CorePower+Yoga+%22VP+of+Technology%22+site%3Alinkedin.com%2Fin
275,Club4 Fitness,Fitness / Gym Franchises,Value Gym,Flowood,MS,1000,$25M-$50M,Lead qualification AI,$5K-$15K,Director of Operations,www.club4fitness.com,2,Southeast value gym,info@club4fitness.com,contact@club4fitness.com,(177) 066-5344,(177) 164-0929; (177) 164-0930,pattern,,,[first].[last]@club4fitness.com; [f][last]@club4fitness.com; [first]@club4fitness.com; [first][last]@club4fitness.com,https://www.linkedin.com/search/results/people/?keywords=%22Director+of+Operations%22+%22Club4+Fitness%22,,,,https://www.facebook.com/CLUB4everybody,https://www.instagram.com/CLUB4everybody,,,https://www.google.com/search?q=Club4+Fitness+%22Director+of+Operations%22+site%3Alinkedin.com%2Fin
276,Workout Anytime,Fitness / Gym Franchises,24-Hour Gym,Alpharetta,GA,1500,$25M-$50M,Member retention AI,$5K-$15K,VP of Technology,www.workoutanytime.com,3,200+ locations,info@workoutanytime.com,contact@workoutanytime.com,(736) 812-3149,(400) 168-0189; (400) 168-0724,pattern,,,[first].[last]@workoutanytime.com; [f][last]@workoutanytime.com; [first]@workoutanytime.com; [first][last]@workoutanytime.com,https://www.linkedin.com/search/results/people/?keywords=%22VP+of+Technology%22+%22Workout+Anytime%22,,,,,,,,https://www.google.com/search?q=Workout+Anytime+%22VP+of+Technology%22+site%3Alinkedin.com%2Fin
277,Retro Fitness,Fitness / Gym Franchises,Value Gym,Colts Neck,NJ,2000,$50M-$100M,Lead nurturing AI,$8K-$15K,Director of Technology,www.retrofitness.com,3,140+ locations,info@retrofitness.com,contact@retrofitness.com,(177) 240-3534,(177) 240-3535,pattern,,,[first].[last]@retrofitness.com; [f][last]@retrofitness.com; [first]@retrofitness.com; [first][last]@retrofitness.com,https://www.linkedin.com/search/results/people/?keywords=%22Director+of+Technology%22+%22Retro+Fitness%22,,,,,,,,https://www.google.com/search?q=Retro+Fitness+%22Director+of+Technology%22+site%3Alinkedin.com%2Fin
278,Basecamp Fitness,Fitness / Gym Franchises,HIIT,Irvine,CA,500,$10M-$25M,Scheduling automation,$5K-$12K,Director of Operations,www.basecampfitness.com,2,Xponential brand,info@basecampfitness.com,contact@basecampfitness.com,(146) 082-9662,(947) 248-5305; (106) 568-0974,pattern,,,[first].[last]@basecampfitness.com; [f][last]@basecampfitness.com; [first]@basecampfitness.com; [first][last]@basecampfitness.com,https://www.linkedin.com/search/results/people/?keywords=%22Director+of+Operations%22+%22Basecamp+Fitness%22,https://www.linkedin.com/company/dethrone-basecamp-cardio-studio/,,https://twitter.com/basecampfitness,https://www.facebook.com/basecampfitnessstudios,https://www.instagram.com/basecampfitness,,,https://www.google.com/search?q=Basecamp+Fitness+%22Director+of+Operations%22+site%3Alinkedin.com%2Fin
279,MADabolic,Fitness / Gym Franchises,Strength Training,Charlotte,NC,500,$10M-$25M,Member engagement AI,$5K-$12K,Director of Operations,www.madabolic.com,2,50+ studios,southpark@madabolic.com,coloradosprings@madabolic.com; iondistrict@madabolic.com; bend@madabolic.com,(225) 272-8365,(742) 435-4612; (463) 800-7824,scraped,,,[first].[last]@madabolic.com; [f][last]@madabolic.com; [first]@madabolic.com; [first][last]@madabolic.com,https://www.linkedin.com/search/results/people/?keywords=%22Director+of+Operations%22+%22MADabolic%22,,,,https://www.facebook.com/tr,https://www.instagram.com/MADabolic,,,https://www.google.com/search?q=MADabolic+%22Director+of+Operations%22+site%3Alinkedin.com%2Fin
280,CrossFit Mayhem,Fitness / Gym Franchises,CrossFit,Cookeville,TN,50,$5M-$10M,Member scheduling AI,$5K-$10K,Owner,www.crossfitmayhem.com,2,Top CrossFit affiliate; Rich Froning,shop@mayhemnation.com,,(718) 213-4731,(269) 684-2561; (822) 025-1795,scraped,,,[first].[last]@crossfitmayhem.com; [f][last]@crossfitmayhem.com; [first]@crossfitmayhem.com; [first][last]@crossfitmayhem.com,https://www.linkedin.com/search/results/people/?keywords=%22Owner%22+%22CrossFit+Mayhem%22,,,,https://www.facebook.com/crossfitmayhem/,https://www.instagram.com/thecrossfitmayhem,https://www.youtube.com/channel/UChnsdG5s-4v0oP77Up0fJQQ,,https://www.google.com/search?q=CrossFit+Mayhem+%22Owner%22+site%3Alinkedin.com%2Fin
281,Lockton Companies,Insurance Agencies,Private Brokerage,Kansas City,MO,10500,$1B+,Claims processing AI,$25K-$50K,Chief Technology Officer,www.lockton.com,5,Largest privately held brokerage,ty.thurmond@lockton.com,mbohmbach@lockton.com,(000) 000-0032,(869) 714-8073; (005) 624-0306,scraped,,,[first].[last]@lockton.com; [f][last]@lockton.com; [first]@lockton.com; [first][last]@lockton.com,https://www.linkedin.com/search/results/people/?keywords=%22Chief+Technology+Officer%22+%22Lockton+Companies%22,https://www.linkedin.com/company/lockton-companies/,,https://twitter.com/Lockton,https://www.facebook.com/LocktonCompanies,https://www.instagram.com/lockton_usa/,https://www.youtube.com/channel/UCdPKkkdy45n4UAF_vr5oL6w,,https://www.google.com/search?q=Lockton+Companies+%22Chief+Technology+Officer%22+site%3Alinkedin.com%2Fin
282,USI Insurance Services,Insurance Agencies,Brokerage,Valhalla,NY,10500,$1B+,Lead scoring AI,$25K-$50K,CTO,www.usi.com,5,10500 professionals; 200 offices,kate.bang@usi.com,careerinfo@usi.com; ebsolutions@usi.com; benefits.servicecenter@usi.com,(360) 514-2025,(412) 083-6920; (250) 522-0604,scraped,,,[first].[last]@usi.com; [f][last]@usi.com; [first]@usi.com; [first][last]@usi.com,https://www.linkedin.com/search/results/people/?keywords=%22CTO%22+%22USI+Insurance+Services%22,https://www.linkedin.com/company/usi-insurance-services,,https://www.twitter.com/usiins,,,,,https://www.google.com/search?q=USI+Insurance+Services+%22CTO%22+site%3Alinkedin.com%2Fin
283,Marsh McLennan Agency,Insurance Agencies,Brokerage,New York,NY,15000,$1B+,Underwriting automation,$30K-$50K,Chief Digital Officer,www.marshmma.com,5,Part of Marsh McLennan,alexandra.oconnor@marshmma.com,,(788) 538-2162,(922) 296-0274; (155) 434-7084,scraped,,,[first].[last]@marshmma.com; [f][last]@marshmma.com; [first]@marshmma.com; [first][last]@marshmma.com,https://www.linkedin.com/search/results/people/?keywords=%22Chief+Digital+Officer%22+%22Marsh+McLennan+Agency%22,https://www.linkedin.com/company/marsh-mclennan-agency,,https://twitter.com/Marsh_MMA,https://www.facebook.com/LifeatMMA,https://www.instagram.com/lifeatmma/,https://www.youtube.com/channel/UCN8Wd0k_PW9H_UcAxTb470Q,,https://www.google.com/search?q=Marsh+McLennan+Agency+%22Chief+Digital+Officer%22+site%3Alinkedin.com%2Fin
284,Hub International,Insurance Agencies,Brokerage,Chicago,IL,18000,$1B+,Claims processing AI,$25K-$50K,VP of Technology,www.hubinternational.com,5,500+ offices,info@hubinternational.com,contact@hubinternational.com,(793) 192-4799,(806) 448-4524; (162) 691-2514,pattern,,,[first].[last]@hubinternational.com; [f][last]@hubinternational.com; [first]@hubinternational.com; [first][last]@hubinternational.com,https://www.linkedin.com/search/results/people/?keywords=%22VP+of+Technology%22+%22Hub+International%22,https://www.linkedin.com/company/hub-international,,https://twitter.com/HUBInsurance,https://www.facebook.com/HUBInternationalLimited/,https://www.instagram.com/HUB_Intl,,,https://www.google.com/search?q=Hub+International+%22VP+of+Technology%22+site%3Alinkedin.com%2Fin
285,Acrisure,Insurance Agencies,Brokerage,Grand Rapids,MI,16000,$1B+,AI-powered quoting,$25K-$50K,CTO,www.acrisure.com,5,Fast growing; PE-backed,username@email.com,,(792) 749-2383,(814) 277-7667; (301) 877-7087,scraped,,,[first].[last]@acrisure.com; [f][last]@acrisure.com; [first]@acrisure.com; [first][last]@acrisure.com,https://www.linkedin.com/search/results/people/?keywords=%22CTO%22+%22Acrisure%22,https://www.linkedin.com/company/acrisure,,,https://www.facebook.com/Acrisure/,https://www.instagram.com/acrisure/,,,https://www.google.com/search?q=Acrisure+%22CTO%22+site%3Alinkedin.com%2Fin
286,Gallagher,Insurance Agencies,Global Brokerage,Rolling Meadows,IL,52000,$5B+,Underwriting AI,$30K-$50K,Chief Innovation Officer,www.ajg.com,5,Acquired AssuredPartners,info@ajg.com,contact@ajg.com,,,pattern,,,[first].[last]@ajg.com; [f][last]@ajg.com; [first]@ajg.com; [first][last]@ajg.com,https://www.linkedin.com/search/results/people/?keywords=%22Chief+Innovation+Officer%22+%22Gallagher%22,,,,,,,,https://www.google.com/search?q=Gallagher+%22Chief+Innovation+Officer%22+site%3Alinkedin.com%2Fin
287,Brown & Brown,Insurance Agencies,Brokerage,Daytona Beach,FL,16000,$1B+,Claims automation AI,$25K-$50K,Chief Technology Officer,www.bbinsurance.com,5,NYSE listed; acquisition-driven,info@bbinsurance.com,contact@bbinsurance.com,(021) 141-4300,(739) 540-1902; (746) 642-4340,pattern,,,[first].[last]@bbinsurance.com; [f][last]@bbinsurance.com; [first]@bbinsurance.com; [first][last]@bbinsurance.com,https://www.linkedin.com/search/results/people/?keywords=%22Chief+Technology+Officer%22+%22Brown+%26+Brown%22,https://www.linkedin.com/company/brown-brown,,https://X.com/brownbrowninc,https://Facebook.com/brownbrowninc,http://Instagram.com/brownbrowninc,,,https://www.google.com/search?q=Brown+%26+Brown+%22Chief+Technology+Officer%22+site%3Alinkedin.com%2Fin
288,AssuredPartners,Insurance Agencies,Brokerage,Lake Mary,FL,11000,$1B+,Lead scoring AI,$20K-$40K,CTO,www.assuredpartners.com,4,Acquired by Gallagher,info@assuredpartners.com,contact@assuredpartners.com,(190) 751-4478,(992) 757-5988; (149) 207-5293,pattern,,,[first].[last]@assuredpartners.com; [f][last]@assuredpartners.com; [first]@assuredpartners.com; [first][last]@assuredpartners.com,https://www.linkedin.com/search/results/people/?keywords=%22CTO%22+%22AssuredPartners%22,https://www.linkedin.com/company/gallagher-global,,https://x.com/404,https://www.facebook.com/ArthurJGallagherCoCareers,https://www.instagram.com/gallagherglobal/,,,https://www.google.com/search?q=AssuredPartners+%22CTO%22+site%3Alinkedin.com%2Fin
289,NFP,Insurance Agencies,Brokerage,New York,NY,7000,$1B+,Client onboarding AI,$20K-$35K,VP of Innovation,www.nfp.com,4,Part of Aon,info@nfp.com,contact@nfp.com,(144) 123-1484,(473) 901-1417; (453) 552-9090,pattern,,,[first].[last]@nfp.com; [f][last]@nfp.com; [first]@nfp.com; [first][last]@nfp.com,https://www.linkedin.com/search/results/people/?keywords=%22VP+of+Innovation%22+%22NFP%22,https://www.linkedin.com/company/wearenfp,,,https://www.facebook.com/OneNFP,https://www.instagram.com/wearenfp/,https://www.youtube.com/channel/UCdGcdO_NMRI9Sh5OMN1wL-w,,https://www.google.com/search?q=NFP+%22VP+of+Innovation%22+site%3Alinkedin.com%2Fin
290,Risk Strategies,Insurance Agencies,Specialty Brokerage,Boston,MA,5000,$500M-$1B,Underwriting automation,$15K-$30K,Director of Technology,www.risk-strategies.com,4,Top 20 brokerage,info@risk-strategies.com,contact@risk-strategies.com,(810) 977-2860,(771) 962-3407; (810) 977-2859,pattern,,,[first].[last]@risk-strategies.com; [f][last]@risk-strategies.com; [first]@risk-strategies.com; [first][last]@risk-strategies.com,https://www.linkedin.com/search/results/people/?keywords=%22Director+of+Technology%22+%22Risk+Strategies%22,https://www.linkedin.com/company/risk-strategies-company/,https://www.linkedin.com/in/alex-maza-3717952/; https://www.linkedin.com/in/richard-skorupski-cpcu-crm-cic-a90ba116/; https://www.linkedin.com/in/peter-galasinao-6346217/,https://x.com/RiskStrategies,https://www.facebook.com/RiskStrategiesCompany/,https://www.instagram.com/riskstrategiescompany,,,https://www.google.com/search?q=Risk+Strategies+%22Director+of+Technology%22+site%3Alinkedin.com%2Fin
291,Alliant Insurance Services,Insurance Agencies,Specialty Brokerage,Newport Beach,CA,3500,$500M-$1B,Claims processing AI,$15K-$30K,CTO,www.alliant.com,4,Employee-owned,info@alliant.com,contact@alliant.com,(000) 000-0004,(213) 334-1237; (168) 235-5853,pattern,,,[first].[last]@alliant.com; [f][last]@alliant.com; [first]@alliant.com; [first][last]@alliant.com,https://www.linkedin.com/search/results/people/?keywords=%22CTO%22+%22Alliant+Insurance+Services%22,http://www.linkedin.com/company/alliant-insurance-services,,https://twitter.com/alliantins,https://www.facebook.com/AlliantInsuranceServices/,https://www.instagram.com/alliantinsurance/,,,https://www.google.com/search?q=Alliant+Insurance+Services+%22CTO%22+site%3Alinkedin.com%2Fin
292,IMA Financial Group,Insurance Agencies,Brokerage,Denver,CO,2000,$200M-$500M,Lead scoring AI,$10K-$25K,VP of Technology,www.imacorp.com,3,Employee-owned,info@imacorp.com,contact@imacorp.com,,(175) 976-7217; (176) 478-1342,pattern,,,[first].[last]@imacorp.com; [f][last]@imacorp.com; [first]@imacorp.com; [first][last]@imacorp.com,https://www.linkedin.com/search/results/people/?keywords=%22VP+of+Technology%22+%22IMA+Financial+Group%22,https://www.linkedin.com/company/ima-financial-group-inc/,,https://x.com/IMAfinancial,https://www.facebook.com/IMAfinancial/,,,,https://www.google.com/search?q=IMA+Financial+Group+%22VP+of+Technology%22+site%3Alinkedin.com%2Fin
293,EPIC Insurance Brokers,Insurance Agencies,Brokerage,San Francisco,CA,2800,$200M-$500M,Client engagement AI,$10K-$25K,Director of Technology,www.epicbrokers.com,3,Growth-focused,info@epicbrokers.com,contact@epicbrokers.com,(177) 160-6825,(173) 168-9794; (211) 804-9149,pattern,,,[first].[last]@epicbrokers.com; [f][last]@epicbrokers.com; [first]@epicbrokers.com; [first][last]@epicbrokers.com,https://www.linkedin.com/search/results/people/?keywords=%22Director+of+Technology%22+%22EPIC+Insurance+Brokers%22,https://www.linkedin.com/company/epicinsurancebrokers/,,https://x.com/EPIC_Insurance,https://www.facebook.com/EPICInsuranceBrokersAndConsultants/,https://www.instagram.com/epic_brokers_consultants,https://www.youtube.com/@EPICBrokers,,https://www.google.com/search?q=EPIC+Insurance+Brokers+%22Director+of+Technology%22+site%3Alinkedin.com%2Fin
294,Higginbotham,Insurance Agencies,Regional Brokerage,Fort Worth,TX,2500,$200M-$500M,Claims automation,$10K-$25K,VP of IT,www.higginbotham.com,3,Largest independent in TX,info@higginbotham.com,contact@higginbotham.com,(702) 683-5338,(176) 380-0968; (176) 380-0678,pattern,,,[first].[last]@higginbotham.com; [f][last]@higginbotham.com; [first]@higginbotham.com; [first][last]@higginbotham.com,https://www.linkedin.com/search/results/people/?keywords=%22VP+of+IT%22+%22Higginbotham%22,https://www.linkedin.com/company/higginbothaminsurance/,,https://x.com/higginbothamins,https://www.facebook.com/higginbothamins,https://www.instagram.com/higginbotham_ins/,https://www.youtube.com/@higginbothamins,,https://www.google.com/search?q=Higginbotham+%22VP+of+IT%22+site%3Alinkedin.com%2Fin
295,Holmes Murphy,Insurance Agencies,Regional Brokerage,Waukee,IA,1800,$100M-$200M,Underwriting AI,$10K-$20K,Director of Innovation,www.holmesmurphy.com,3,Employee-owned; Midwest,info@holmesmurphy.com,contact@holmesmurphy.com,(877) 951-1776,(480) 951-4060; (844) 484-7750,pattern,,,[first].[last]@holmesmurphy.com; [f][last]@holmesmurphy.com; [first]@holmesmurphy.com; [first][last]@holmesmurphy.com,https://www.linkedin.com/search/results/people/?keywords=%22Director+of+Innovation%22+%22Holmes+Murphy%22,https://www.linkedin.com/company/holmes-murphy,,https://twitter.com/holmesmurphyins,https://www.facebook.com/holmesmurphyins/,https://www.instagram.com/holmesmurphyins/,,,https://www.google.com/search?q=Holmes+Murphy+%22Director+of+Innovation%22+site%3Alinkedin.com%2Fin
296,Hylant,Insurance Agencies,Regional Brokerage,Toledo,OH,1000,$100M-$200M,Claims processing AI,$8K-$20K,VP of Technology,www.hylant.com,3,Top 30 US brokerage,info@hylant.com,contact@hylant.com,(175) 388-8310,(111) 688-9596; (167) 329-0694,pattern,,,[first].[last]@hylant.com; [f][last]@hylant.com; [first]@hylant.com; [first][last]@hylant.com,https://www.linkedin.com/search/results/people/?keywords=%22VP+of+Technology%22+%22Hylant%22,https://www.linkedin.com/company/hylant,,,,,,,https://www.google.com/search?q=Hylant+%22VP+of+Technology%22+site%3Alinkedin.com%2Fin
297,Woodruff Sawyer,Insurance Agencies,Regional Brokerage,San Francisco,CA,500,$100M-$200M,Lead qualification AI,$8K-$20K,Director of IT,www.wsandco.com,3,West Coast focused,info@wsandco.com,contact@wsandco.com,,,pattern,,,[first].[last]@wsandco.com; [f][last]@wsandco.com; [first]@wsandco.com; [first][last]@wsandco.com,https://www.linkedin.com/search/results/people/?keywords=%22Director+of+IT%22+%22Woodruff+Sawyer%22,https://www.linkedin.com/company/gallagher-global,,,https://www.facebook.com/ArthurJGallagherCoCareers,https://www.instagram.com/gallagherglobal/,,,https://www.google.com/search?q=Woodruff+Sawyer+%22Director+of+IT%22+site%3Alinkedin.com%2Fin
298,CCIG,Insurance Agencies,Regional Agency,Greenwood Village,CO,200,$25M-$50M,Client onboarding AI,$5K-$15K,VP of Operations,www.thinkccig.com,3,Colorado leader; top 100,info@thinkccig.com,contact@thinkccig.com,,,pattern,,,[first].[last]@thinkccig.com; [f][last]@thinkccig.com; [first]@thinkccig.com; [first][last]@thinkccig.com,https://www.linkedin.com/search/results/people/?keywords=%22VP+of+Operations%22+%22CCIG%22,,,,,,,,https://www.google.com/search?q=CCIG+%22VP+of+Operations%22+site%3Alinkedin.com%2Fin
299,Atlas Insurance Brokers,Insurance Agencies,Regional Brokerage,Overland Park,KS,300,$50M-$100M,Lead scoring AI,$8K-$15K,Director of Technology,www.aibme.com,3,Top 100 P&C agency; 8 yrs running,info@aibme.com,contact@aibme.com,(177) 240-3541,(177) 240-3542,pattern,,,[first].[last]@aibme.com; [f][last]@aibme.com; [first]@aibme.com; [first][last]@aibme.com,https://www.linkedin.com/search/results/people/?keywords=%22Director+of+Technology%22+%22Atlas+Insurance+Brokers%22,,,,,,,,https://www.google.com/search?q=Atlas+Insurance+Brokers+%22Director+of+Technology%22+site%3Alinkedin.com%2Fin
300,Rate Insurance,Insurance Agencies,Personal Lines,Chicago,IL,500,$50M-$100M,AI-powered quoting,$8K-$20K,CTO,www.rate.com/insurance,3,Top 100; fastest growing,direct.quote@rate.com,,(866) 934-7283,(202) 602-2618; (980) 133-8611,scraped,,,[first].[last]@rate.com/insurance; [f][last]@rate.com/insurance; [first]@rate.com/insurance; [first][last]@rate.com/insurance,https://www.linkedin.com/search/results/people/?keywords=%22CTO%22+%22Rate+Insurance%22,https://linkedin.com/company/rate-official,,https://x.com/Rate_Mortgages,https://facebook.com/official.Rate,https://instagram.com/rate_official,https://youtube.com/@Rate_Official,,https://www.google.com/search?q=Rate+Insurance+%22CTO%22+site%3Alinkedin.com%2Fin
301,Patriot Growth Insurance,Insurance Agencies,Brokerage,Fort Lauderdale,FL,3000,$200M-$500M,Claims automation AI,$10K-$25K,VP of Technology,www.patriotgis.com,4,Fast-growing platform,info@patriotgis.com,payroll@patriotgis.com; yourname@emailaddress.com,(016) 970-8029,(086) 770-8079; (790) 469-6683,pattern,,,[first].[last]@patriotgis.com; [f][last]@patriotgis.com; [first]@patriotgis.com; [first][last]@patriotgis.com,https://www.linkedin.com/search/results/people/?keywords=%22VP+of+Technology%22+%22Patriot+Growth+Insurance%22,https://www.linkedin.com/company/patriot-growth-insurance-services/,,,https://www.facebook.com/patriotgrowthinsurance/,https://www.instagram.com/patriotgrowthinsurance/,,,https://www.google.com/search?q=Patriot+Growth+Insurance+%22VP+of+Technology%22+site%3Alinkedin.com%2Fin
302,Relation Insurance Services,Insurance Agencies,Brokerage,Scottsdale,AZ,2000,$100M-$200M,Client engagement AI,$10K-$20K,Director of IT,www.relationinsurance.com,3,PE-backed growth,info@relationinsurance.com,contact@relationinsurance.com,(177) 240-3543,(177) 238-1640; (177) 238-1638,pattern,,,[first].[last]@relationinsurance.com; [f][last]@relationinsurance.com; [first]@relationinsurance.com; [first][last]@relationinsurance.com,https://www.linkedin.com/search/results/people/?keywords=%22Director+of+IT%22+%22Relation+Insurance+Services%22,https://www.linkedin.com/company/relation-insurance-services/,,,https://www.facebook.com/RelationInsurance/,https://www.instagram.com/relationinsurance/,,,https://www.google.com/search?q=Relation+Insurance+Services+%22Director+of+IT%22+site%3Alinkedin.com%2Fin
303,Insurity,Insurance Agencies,InsurTech,Hartford,CT,800,$100M-$200M,Underwriting automation AI,$15K-$30K,Chief Technology Officer,www.insurity.com,4,Cloud insurance platform,info@insurity.com,,(971) 963-9045,(306) 820-7739; (989) 540-0592,pattern,,,[first].[last]@insurity.com; [f][last]@insurity.com; [first]@insurity.com; [first][last]@insurity.com,https://www.linkedin.com/search/results/people/?keywords=%22Chief+Technology+Officer%22+%22Insurity%22,https://www.linkedin.com/company/insurity/,,,,,,,https://www.google.com/search?q=Insurity+%22Chief+Technology+Officer%22+site%3Alinkedin.com%2Fin
304,Lemonade,Insurance Agencies,InsurTech,New York,NY,1500,$200M-$500M,AI claims processing,$15K-$30K,CTO,www.lemonade.com,4,AI-first insurance company,info@lemonade.com,contact@lemonade.com,(960) 413-7856,(605) 854-1301; (083) 181-5074,pattern,,,[first].[last]@lemonade.com; [f][last]@lemonade.com; [first]@lemonade.com; [first][last]@lemonade.com,https://www.linkedin.com/search/results/people/?keywords=%22CTO%22+%22Lemonade%22,https://www.linkedin.com/company/lemonade-inc-,,https://twitter.com/lemonade_inc,https://www.facebook.com/Lemonade/,https://www.instagram.com/lemonade_inc/,https://www.youtube.com/c/Lemonade_Inc,,https://www.google.com/search?q=Lemonade+%22CTO%22+site%3Alinkedin.com%2Fin
305,Hippo Insurance,Insurance Agencies,InsurTech,Austin,TX,800,$100M-$200M,Home insurance AI,$10K-$25K,Chief Technology Officer,www.hippo.com,4,Smart home insurance,sales@hippo.com,u003esales@hippo.com; support@hippo.com; u003esupport@hippo.com,(218) 664-8773,(156) 521-2096; (740) 715-1811,scraped,,,[first].[last]@hippo.com; [f][last]@hippo.com; [first]@hippo.com; [first][last]@hippo.com,https://www.linkedin.com/search/results/people/?keywords=%22Chief+Technology+Officer%22+%22Hippo+Insurance%22,https://www.linkedin.com/company/10604033,,https://x.com/coralogix/,https://www.facebook.com/hippo.home.insurance,,,,https://www.google.com/search?q=Hippo+Insurance+%22Chief+Technology+Officer%22+site%3Alinkedin.com%2Fin
306,Kin Insurance,Insurance Agencies,InsurTech,Chicago,IL,500,$100M-$200M,Underwriting AI,$10K-$20K,CTO,www.kin.com,3,Direct-to-consumer home insurance,support@kin.com,marketing@kin.com,(855) 717-0022,(855) 216-7674; (654) 900-1842,scraped,,,[first].[last]@kin.com; [f][last]@kin.com; [first]@kin.com; [first][last]@kin.com,https://www.linkedin.com/search/results/people/?keywords=%22CTO%22+%22Kin+Insurance%22,https://www.linkedin.com/company/kin-insurance,,https://x.com/kin,https://www.facebook.com/kinsured,https://www.instagram.com/kin/,https://www.youtube.com/c/KinInsurance,,https://www.google.com/search?q=Kin+Insurance+%22CTO%22+site%3Alinkedin.com%2Fin
307,Goosehead Insurance,Insurance Agencies,Franchise Agency,Westlake,TX,2500,$200M-$500M,Lead scoring AI,$10K-$25K,VP of Technology,www.gooseheadinsurance.com,4,NYSE listed; franchise model,info@gooseheadinsurance.com,contact@gooseheadinsurance.com,,,pattern,,,[first].[last]@gooseheadinsurance.com; [f][last]@gooseheadinsurance.com; [first]@gooseheadinsurance.com; [first][last]@gooseheadinsurance.com,https://www.linkedin.com/search/results/people/?keywords=%22VP+of+Technology%22+%22Goosehead+Insurance%22,,,,,,,,https://www.google.com/search?q=Goosehead+Insurance+%22VP+of+Technology%22+site%3Alinkedin.com%2Fin
308,Brightway Insurance,Insurance Agencies,Franchise Agency,Jacksonville,FL,1500,$100M-$200M,Quote comparison AI,$8K-$20K,Director of Technology,www.brightway.com,3,300+ franchise locations,info@brightway.com,contact@brightway.com,(634) 058-0170,(985) 364-7867; (932) 706-3247,pattern,,,[first].[last]@brightway.com; [f][last]@brightway.com; [first]@brightway.com; [first][last]@brightway.com,https://www.linkedin.com/search/results/people/?keywords=%22Director+of+Technology%22+%22Brightway+Insurance%22,https://www.linkedin.com/company/brightway-insurance/,,,https://www.facebook.com/BrightwayInsurance,https://www.instagram.com/brightwayinsurance/,https://www.youtube.com/@BrightwayInsurance,,https://www.google.com/search?q=Brightway+Insurance+%22Director+of+Technology%22+site%3Alinkedin.com%2Fin
309,The Hartford,Insurance Agencies,Carrier/Agency,Hartford,CT,19000,$10B+,Claims AI automation,$30K-$50K,Chief Digital Officer,www.thehartford.com,5,Fortune 500 insurer,info@thehartford.com,contact@thehartford.com,,,pattern,,,[first].[last]@thehartford.com; [f][last]@thehartford.com; [first]@thehartford.com; [first][last]@thehartford.com,https://www.linkedin.com/search/results/people/?keywords=%22Chief+Digital+Officer%22+%22The+Hartford%22,,,,,,,,https://www.google.com/search?q=The+Hartford+%22Chief+Digital+Officer%22+site%3Alinkedin.com%2Fin
310,Erie Insurance,Insurance Agencies,Regional Carrier,Erie,PA,6000,$5B+,Claims processing AI,$20K-$40K,VP of Innovation,www.erieinsurance.com,4,Top regional insurer,fraud.finders@erieinsurance.com,,(265) 853-0543,(353) 119-6990; (151) 826-3302,scraped,,,[first].[last]@erieinsurance.com; [f][last]@erieinsurance.com; [first]@erieinsurance.com; [first][last]@erieinsurance.com,https://www.linkedin.com/search/results/people/?keywords=%22VP+of+Innovation%22+%22Erie+Insurance%22,https://www.linkedin.com/company/erie-insurance-group,,https://twitter.com/erie_insurance,https://www.facebook.com/erieinsurance,https://www.instagram.com/erie_insurance/,,,https://www.google.com/search?q=Erie+Insurance+%22VP+of+Innovation%22+site%3Alinkedin.com%2Fin
311,Selective Insurance,Insurance Agencies,Specialty Carrier,Branchville,NJ,2500,$1B+,Underwriting AI,$15K-$30K,CTO,www.selective.com,4,Commercial lines focus,itservicedesk@selective.com,,(014) 238-4731,(114) 090-0145; (888) 974-7400,scraped,,,[first].[last]@selective.com; [f][last]@selective.com; [first]@selective.com; [first][last]@selective.com,https://www.linkedin.com/search/results/people/?keywords=%22CTO%22+%22Selective+Insurance%22,https://www.linkedin.com/company/selective-insurance,,https://twitter.com/Selective,https://www.facebook.com/Selective,https://www.instagram.com/selectiveinsurance,https://www.youtube.com/channel/UCeKSKleOaP126TFirKW8XdA,,https://www.google.com/search?q=Selective+Insurance+%22CTO%22+site%3Alinkedin.com%2Fin
312,Westfield Insurance,Insurance Agencies,Regional Carrier,Westfield Center,OH,2500,$1B+,Claims automation,$15K-$25K,VP of Technology,www.westfieldinsurance.com,3,Midwest focus,info@westfieldinsurance.com,contact@westfieldinsurance.com,(137) 152-9574,(130) 433-3576; (084) 411-5879,pattern,,,[first].[last]@westfieldinsurance.com; [f][last]@westfieldinsurance.com; [first]@westfieldinsurance.com; [first][last]@westfieldinsurance.com,https://www.linkedin.com/search/results/people/?keywords=%22VP+of+Technology%22+%22Westfield+Insurance%22,https://www.linkedin.com/company/westfield1848/,,https://twitter.com/Westfield1848/,https://www.facebook.com/Westfield1848,https://www.instagram.com/westfield1848/,https://www.youtube.com/c/WestfieldIns,,https://www.google.com/search?q=Westfield+Insurance+%22VP+of+Technology%22+site%3Alinkedin.com%2Fin
313,Hanover Insurance Group,Insurance Agencies,Regional Carrier,Worcester,MA,4500,$5B+,Underwriting AI,$20K-$35K,Chief Digital Officer,www.hanover.com,4,Top 30 P&C insurer,info@hanover.com,contact@hanover.com,,,pattern,,,[first].[last]@hanover.com; [f][last]@hanover.com; [first]@hanover.com; [first][last]@hanover.com,https://www.linkedin.com/search/results/people/?keywords=%22Chief+Digital+Officer%22+%22Hanover+Insurance+Group%22,,,,,,,,https://www.google.com/search?q=Hanover+Insurance+Group+%22Chief+Digital+Officer%22+site%3Alinkedin.com%2Fin
314,EMC Insurance,Insurance Agencies,Regional Carrier,Des Moines,IA,2500,$1B+,Claims processing AI,$15K-$25K,Director of IT,www.emcins.com,3,Midwest commercial lines,info@emcins.com,contact@emcins.com,,,pattern,,,[first].[last]@emcins.com; [f][last]@emcins.com; [first]@emcins.com; [first][last]@emcins.com,https://www.linkedin.com/search/results/people/?keywords=%22Director+of+IT%22+%22EMC+Insurance%22,,,,,,,,https://www.google.com/search?q=EMC+Insurance+%22Director+of+IT%22+site%3Alinkedin.com%2Fin
315,Donegal Insurance Group,Insurance Agencies,Regional Carrier,Marietta,PA,1500,$500M-$1B,Underwriting automation,$10K-$20K,VP of Technology,www.donegalgroup.com,3,Mid-Atlantic focus,info@donegalgroup.com,contact@donegalgroup.com,(638) 942-0668,(800) 877-0600; (833) 908-1606,pattern,,,[first].[last]@donegalgroup.com; [f][last]@donegalgroup.com; [first]@donegalgroup.com; [first][last]@donegalgroup.com,https://www.linkedin.com/search/results/people/?keywords=%22VP+of+Technology%22+%22Donegal+Insurance+Group%22,https://www.linkedin.com/company/donegal-insurance-group,,,https://www.facebook.com/DonegalGroup,https://www.instagram.com/donegalinsurancegroup,,,https://www.google.com/search?q=Donegal+Insurance+Group+%22VP+of+Technology%22+site%3Alinkedin.com%2Fin
316,Cincinnati Financial,Insurance Agencies,Regional Carrier,Fairfield,OH,5000,$5B+,Claims AI,$20K-$35K,CTO,www.cinfin.com,4,Fortune 500; 35 years dividend growth,kerri_hinkel@cinfin.com,andrew_scheidt@cinfin.com; jennifer_baker@cinfin.com,(033) 126-0218,(173) 404-1152; (772) 122-5229,scraped,,,[first].[last]@cinfin.com; [f][last]@cinfin.com; [first]@cinfin.com; [first][last]@cinfin.com,https://www.linkedin.com/search/results/people/?keywords=%22CTO%22+%22Cincinnati+Financial%22,https://www.linkedin.com/company/the-cincinnati-insurance-companies/,,,https://www.facebook.com/CincinnatiInsurance/,https://www.instagram.com/cincinnati_insurance/,https://www.youtube.com/c/TheCincinnatiInsuranceCompanies,,https://www.google.com/search?q=Cincinnati+Financial+%22CTO%22+site%3Alinkedin.com%2Fin
317,Auto-Owners Insurance,Insurance Agencies,Regional Carrier,Lansing,MI,5500,$5B+,Claims automation AI,$20K-$35K,VP of Innovation,www.auto-owners.com,4,26 states; top 20 P&C,info@auto-owners.com,contact@auto-owners.com,(771) 760-2840,(771) 742-1886; (771) 742-1666,pattern,,,[first].[last]@auto-owners.com; [f][last]@auto-owners.com; [first]@auto-owners.com; [first][last]@auto-owners.com,https://www.linkedin.com/search/results/people/?keywords=%22VP+of+Innovation%22+%22Auto-Owners+Insurance%22,https://www.linkedin.com/company/auto-owners-insurance,,,https://www.facebook.com/AutoOwnersInsurance,https://www.instagram.com/autoownersinsurance/,,,https://www.google.com/search?q=Auto-Owners+Insurance+%22VP+of+Innovation%22+site%3Alinkedin.com%2Fin
318,State Auto Insurance,Insurance Agencies,Regional Carrier,Columbus,OH,1800,$1B+,Lead scoring AI,$10K-$25K,Director of Technology,www.stateauto.com,3,Now part of Liberty Mutual,info@stateauto.com,contact@stateauto.com,(334) 426-2066,,pattern,,,[first].[last]@stateauto.com; [f][last]@stateauto.com; [first]@stateauto.com; [first][last]@stateauto.com,https://www.linkedin.com/search/results/people/?keywords=%22Director+of+Technology%22+%22State+Auto+Insurance%22,,,,,,,,https://www.google.com/search?q=State+Auto+Insurance+%22Director+of+Technology%22+site%3Alinkedin.com%2Fin
319,AMERITAS,Insurance Agencies,Life/Benefits,Lincoln,NE,2500,$1B+,Benefits enrollment AI,$15K-$25K,VP of Technology,www.ameritas.com,3,Dental/vision/life benefits,info@ameritas.com,contact@ameritas.com,(000) 000-0014,(027) 055-3408; (771) 562-6551,pattern,,,[first].[last]@ameritas.com; [f][last]@ameritas.com; [first]@ameritas.com; [first][last]@ameritas.com,https://www.linkedin.com/search/results/people/?keywords=%22VP+of+Technology%22+%22AMERITAS%22,https://www.linkedin.com/company/ameritas/,,,https://www.facebook.com/ameritas,https://www.instagram.com/ameritaslife,,,https://www.google.com/search?q=AMERITAS+%22VP+of+Technology%22+site%3Alinkedin.com%2Fin
320,Main Street America Insurance,Insurance Agencies,Regional Carrier,Jacksonville,FL,800,$500M-$1B,Underwriting AI,$10K-$20K,Director of IT,www.msagroup.com,3,Small business focus,brandmarketing@msagroup.com,,(349) 999-9999,(280) 327-5623; (080) 804-3774,scraped,,,[first].[last]@msagroup.com; [f][last]@msagroup.com; [first]@msagroup.com; [first][last]@msagroup.com,https://www.linkedin.com/search/results/people/?keywords=%22Director+of+IT%22+%22Main+Street+America+Insurance%22,https://www.linkedin.com/company/main-street-america-insurance,,https://twitter.com/msa_ins,https://www.facebook.com/MainStreetAmerica/,https://www.instagram.com/mainstreetamericainsurance,https://www.youtube.com/channel/UC_lu6DhvXFry_FVmbxUShBA,,https://www.google.com/search?q=Main+Street+America+Insurance+%22Director+of+IT%22+site%3Alinkedin.com%2Fin
321,Robert Half,Staffing / Recruiting Firms,Professional Staffing,Menlo Park,CA,14000,$5B+,Resume screening AI,$25K-$50K,Chief Technology Officer,www.roberthalf.com,5,Worlds largest specialized staffing,info@roberthalf.com,contact@roberthalf.com,(219) 240-0593,(192) 357-7088; (139) 434-7403,pattern,,,[first].[last]@roberthalf.com; [f][last]@roberthalf.com; [first]@roberthalf.com; [first][last]@roberthalf.com,https://www.linkedin.com/search/results/people/?keywords=%22Chief+Technology+Officer%22+%22Robert+Half%22,https://www.linkedin.com/company/robert-half-international,,https://twitter.com/roberthalf,https://www.facebook.com/pages/,https://www.instagram.com/roberthalf/,,,https://www.google.com/search?q=Robert+Half+%22Chief+Technology+Officer%22+site%3Alinkedin.com%2Fin
322,Randstad USA,Staffing / Recruiting Firms,General Staffing,Atlanta,GA,38000,$5B+,Candidate matching AI,$25K-$50K,VP of Innovation,www.randstadusa.com,5,AI-driven matching tools,info@randstadusa.com,contact@randstadusa.com,(922) 443-8568,(844) 906-2751; (654) 269-8835,pattern,,,[first].[last]@randstadusa.com; [f][last]@randstadusa.com; [first]@randstadusa.com; [first][last]@randstadusa.com,https://www.linkedin.com/search/results/people/?keywords=%22VP+of+Innovation%22+%22Randstad+USA%22,https://www.linkedin.com/company/randstad-usa,,https://twitter.com/RandstadUSA,https://www.facebook.com/RandstadUS,https://www.instagram.com/randstadusa/,,,https://www.google.com/search?q=Randstad+USA+%22VP+of+Innovation%22+site%3Alinkedin.com%2Fin
323,Insight Global,Staffing / Recruiting Firms,IT/Professional,Atlanta,GA,9000,$1B+,Resume screening AI,$20K-$40K,CTO,www.insightglobal.com,5,Fast-growing; high-volume recruiting,info@insightglobal.com,contact@insightglobal.com,(000) 000-0027,(167) 306-7696; (772) 265-2900,pattern,,,[first].[last]@insightglobal.com; [f][last]@insightglobal.com; [first]@insightglobal.com; [first][last]@insightglobal.com,https://www.linkedin.com/search/results/people/?keywords=%22CTO%22+%22Insight+Global%22,https://www.linkedin.com/company/insight-global/,,https://x.com/insightglobal,https://www.facebook.com/InsightGlobalLLC,https://www.instagram.com/insight_global/,https://www.youtube.com/@Insight_Global,,https://www.google.com/search?q=Insight+Global+%22CTO%22+site%3Alinkedin.com%2Fin
324,Kforce,Staffing / Recruiting Firms,IT/Finance Staffing,Tampa,FL,4000,$1B+,Candidate matching AI,$20K-$35K,Chief Technology Officer,www.kforce.com,4,50+ US offices; NYSE listed,info@kforce.com,contact@kforce.com,(202) 412-0511,(106) 674-3644; (877) 453-6723,pattern,,,[first].[last]@kforce.com; [f][last]@kforce.com; [first]@kforce.com; [first][last]@kforce.com,https://www.linkedin.com/search/results/people/?keywords=%22Chief+Technology+Officer%22+%22Kforce%22,https://www.linkedin.com/company/kforce,,https://twitter.com/kforce,https://www.facebook.com/Kforce/,https://www.instagram.com/kforcefamily/,,,https://www.google.com/search?q=Kforce+%22Chief+Technology+Officer%22+site%3Alinkedin.com%2Fin
325,TrueBlue,Staffing / Recruiting Firms,Industrial Staffing,Tacoma,WA,5000,$1B+,Worker matching AI,$15K-$30K,CTO,www.trueblue.com,4,NYSE listed; PeopleReady brand,recruitment@trueblue.com,hr-advice@trueblue.com,(800) 610-8920,(877) 338-1039,scraped,,,[first].[last]@trueblue.com; [f][last]@trueblue.com; [first]@trueblue.com; [first][last]@trueblue.com,https://www.linkedin.com/search/results/people/?keywords=%22CTO%22+%22TrueBlue%22,https://www.linkedin.com/company/trueblue-inc-/,,,https://www.facebook.com/TrueBlueInc/,,,,https://www.google.com/search?q=TrueBlue+%22CTO%22+site%3Alinkedin.com%2Fin
326,Aerotek,Staffing / Recruiting Firms,Engineering/Industrial,Hanover,MD,8000,$5B+,Interview scheduling AI,$20K-$40K,VP of Technology,www.aerotek.com,5,Allegis Group subsidiary,info@aerotek.com,contact@aerotek.com,(123) 723-2374,(138) 616-3234; (177) 097-7278,pattern,,,[first].[last]@aerotek.com; [f][last]@aerotek.com; [first]@aerotek.com; [first][last]@aerotek.com,https://www.linkedin.com/search/results/people/?keywords=%22VP+of+Technology%22+%22Aerotek%22,https://www.linkedin.com/company/aerotek,,https://twitter.com/aerotek,https://www.facebook.com/Aerotek,https://www.instagram.com/aerotek/,,,https://www.google.com/search?q=Aerotek+%22VP+of+Technology%22+site%3Alinkedin.com%2Fin
327,TEKsystems,Staffing / Recruiting Firms,IT Staffing,Hanover,MD,5000,$5B+,Resume screening AI,$20K-$40K,Chief Digital Officer,www.teksystems.com,5,Allegis Group subsidiary,info@teksystems.com,contact@teksystems.com,,,pattern,,,[first].[last]@teksystems.com; [f][last]@teksystems.com; [first]@teksystems.com; [first][last]@teksystems.com,https://www.linkedin.com/search/results/people/?keywords=%22Chief+Digital+Officer%22+%22TEKsystems%22,,,,,,,,https://www.google.com/search?q=TEKsystems+%22Chief+Digital+Officer%22+site%3Alinkedin.com%2Fin
328,Heidrick & Struggles,Staffing / Recruiting Firms,Executive Search,Chicago,IL,1700,$500M-$1B,Candidate assessment AI,$15K-$30K,CTO,www.heidrick.com,4,NYSE listed; executive search,info@heidrick.com,contact@heidrick.com,(000) 000-0026,(639) 077-2502; (639) 080-0034,pattern,,,[first].[last]@heidrick.com; [f][last]@heidrick.com; [first]@heidrick.com; [first][last]@heidrick.com,https://www.linkedin.com/search/results/people/?keywords=%22CTO%22+%22Heidrick+%26+Struggles%22,http://www.linkedin.com/company/heidrick-,https://www.linkedin.com/in/tlmonahan/; https://www.linkedin.com/in/melody-jones-b203a92/; https://www.linkedin.com/in/tom-murray-8160024/,https://twitter.com/heidrick,,,,,https://www.google.com/search?q=Heidrick+%26+Struggles+%22CTO%22+site%3Alinkedin.com%2Fin
329,Korn Ferry,Staffing / Recruiting Firms,Executive Search,Los Angeles,CA,10000,$1B+,Leadership assessment AI,$25K-$50K,Chief Technology Officer,www.kornferry.com,5,Global organizational consulting,info@kornferry.com,,(739) 348-4323,(310) 552-1834; (738) 567-2428,pattern,,,[first].[last]@kornferry.com; [f][last]@kornferry.com; [first]@kornferry.com; [first][last]@kornferry.com,https://www.linkedin.com/search/results/people/?keywords=%22Chief+Technology+Officer%22+%22Korn+Ferry%22,https://www.linkedin.com/company/kornferry/,,https://twitter.com/Korn_Ferry,https://www.facebook.com/KornFerry,https://www.instagram.com/kornferry/,,,https://www.google.com/search?q=Korn+Ferry+%22Chief+Technology+Officer%22+site%3Alinkedin.com%2Fin
330,LaSalle Network,Staffing / Recruiting Firms,IT/Professional,Chicago,IL,500,$100M-$200M,Candidate matching AI,$10K-$20K,VP of Technology,www.lasallenetwork.com,3,Midwest IT staffing leader,news@lasallenetwork.com,hello@thelasallenetwork.com,(304) 627-1932,(312) 419-1700; (177) 213-9921,scraped,,,[first].[last]@lasallenetwork.com; [f][last]@lasallenetwork.com; [first]@lasallenetwork.com; [first][last]@lasallenetwork.com,https://www.linkedin.com/search/results/people/?keywords=%22VP+of+Technology%22+%22LaSalle+Network%22,https://www.linkedin.com/company/lasalle-network/,https://www.linkedin.com/in/maforbes1/; https://www.linkedin.com/in/zacharyvogel/; https://www.linkedin.com/in/krisi-rossi-o-donnell-6381623/,https://twitter.com/LaSalleNetwork,https://www.facebook.com/LaSalleNetwork/,https://www.instagram.com/lasallenetwork/,,,https://www.google.com/search?q=LaSalle+Network+%22VP+of+Technology%22+site%3Alinkedin.com%2Fin
331,TemPositions Group,Staffing / Recruiting Firms,Multi-Sector,New York,NY,600,$100M-$200M,Resume screening AI,$10K-$20K,Director of IT,www.tempositions.com,3,Top 1% staffing firm; Best of Staffing,info@tempositions.com,contact@tempositions.com,,,pattern,,,[first].[last]@tempositions.com; [f][last]@tempositions.com; [first]@tempositions.com; [first][last]@tempositions.com,https://www.linkedin.com/search/results/people/?keywords=%22Director+of+IT%22+%22TemPositions+Group%22,,,,,,,,https://www.google.com/search?q=TemPositions+Group+%22Director+of+IT%22+site%3Alinkedin.com%2Fin
332,Frontline Source Group,Staffing / Recruiting Firms,IT/Finance,Dallas,TX,300,$50M-$100M,Interview scheduling AI,$8K-$15K,Director of Operations,www.frontlinesourcegroup.com,3,Quick-turnaround hiring,corporate@frtline.com,corporate@frtline.comaddress; payroll@frtline.com; mediarelations@frtline.com,(214) 760-7700,(877) 780-3822; (591) 388-1700,scraped,,,[first].[last]@frontlinesourcegroup.com; [f][last]@frontlinesourcegroup.com; [first]@frontlinesourcegroup.com; [first][last]@frontlinesourcegroup.com,https://www.linkedin.com/search/results/people/?keywords=%22Director+of+Operations%22+%22Frontline+Source+Group%22,https://www.linkedin.com/company/frontline-source-group,,https://twitter.com/frtline,https://www.facebook.com/frontlinesourcegoup/,https://instagram.com/frtline,https://www.youtube.com/@frontlinesource,,https://www.google.com/search?q=Frontline+Source+Group+%22Director+of+Operations%22+site%3Alinkedin.com%2Fin
333,Adecco USA,Staffing / Recruiting Firms,General Staffing,Jacksonville,FL,30000,$5B+,Worker matching AI,$25K-$50K,VP of Innovation,www.adeccousa.com,5,Global staffing leader,u003e@adeccogroup.com,,(199) 837-8658,(883) 230-3545; (135) 935-2103,scraped,,,[first].[last]@adeccousa.com; [f][last]@adeccousa.com; [first]@adeccousa.com; [first][last]@adeccousa.com,https://www.linkedin.com/search/results/people/?keywords=%22VP+of+Innovation%22+%22Adecco+USA%22,https://www.linkedin.com/company/adecco/,,https://twitter.com/AdeccoUSA,https://www.facebook.com/AdeccoUSA,https://www.instagram.com/adeccousa/,,,https://www.google.com/search?q=Adecco+USA+%22VP+of+Innovation%22+site%3Alinkedin.com%2Fin
334,Express Employment,Staffing / Recruiting Firms,General Staffing,Oklahoma City,OK,5000,$1B+,Candidate screening AI,$15K-$30K,CTO,www.expresspros.com,4,900+ franchise locations,info@expresspros.com,contact@expresspros.com,(639) 064-4762,(001) 370-5164; (785) 130-5424,pattern,,,[first].[last]@expresspros.com; [f][last]@expresspros.com; [first]@expresspros.com; [first][last]@expresspros.com,https://www.linkedin.com/search/results/people/?keywords=%22CTO%22+%22Express+Employment%22,https://www.linkedin.com/company/expressemploymentinternational,,,https://www.facebook.com/ExpressEmploymentInternational,https://www.instagram.com/expressemploymentinternational/,,,https://www.google.com/search?q=Express+Employment+%22CTO%22+site%3Alinkedin.com%2Fin
335,Spherion Staffing,Staffing / Recruiting Firms,Light Industrial,Atlanta,GA,2000,$200M-$500M,Worker matching AI,$10K-$20K,VP of Technology,www.spherion.com,3,175+ offices,info@spherion.com,contact@spherion.com,(151) 387-8136,(204) 460-6952; (654) 269-8835,pattern,,,[first].[last]@spherion.com; [f][last]@spherion.com; [first]@spherion.com; [first][last]@spherion.com,https://www.linkedin.com/search/results/people/?keywords=%22VP+of+Technology%22+%22Spherion+Staffing%22,https://www.linkedin.com/company/spherion,https://www.linkedin.com/in/danielbrunell/; https://www.linkedin.com/in/erikastovall/; https://www.linkedin.com/in/ross-goldstein-35460514/,https://x.com/s3fs,https://www.facebook.com/spherion.staffing,https://www.instagram.com/spherionstaffing/,https://www.youtube.com/@spherion,,https://www.google.com/search?q=Spherion+Staffing+%22VP+of+Technology%22+site%3Alinkedin.com%2Fin
336,AppleOne,Staffing / Recruiting Firms,Administrative,Glendale,CA,1500,$100M-$200M,Resume screening AI,$8K-$20K,Director of IT,www.appleone.com,3,50+ offices,info@appleone.com,contact@appleone.com,(375) 339-7488,,pattern,,,[first].[last]@appleone.com; [f][last]@appleone.com; [first]@appleone.com; [first][last]@appleone.com,https://www.linkedin.com/search/results/people/?keywords=%22Director+of+IT%22+%22AppleOne%22,http://www.linkedin.com/company/appleone,,,http://www.facebook.com/AppleOneCareers,https://www.instagram.com/appleonejobs/,,,https://www.google.com/search?q=AppleOne+%22Director+of+IT%22+site%3Alinkedin.com%2Fin
337,Beacon Hill Staffing,Staffing / Recruiting Firms,Professional,Boston,MA,1000,$200M-$500M,Candidate matching AI,$10K-$20K,VP of Technology,www.beaconhillstaffing.com,3,Multiple business lines,info@beaconhillstaffing.com,contact@beaconhillstaffing.com,(168) 001-3592,(000) 000-0031; (772) 190-8415,pattern,,,[first].[last]@beaconhillstaffing.com; [f][last]@beaconhillstaffing.com; [first]@beaconhillstaffing.com; [first][last]@beaconhillstaffing.com,https://www.linkedin.com/search/results/people/?keywords=%22VP+of+Technology%22+%22Beacon+Hill+Staffing%22,https://www.linkedin.com/company/beacon-hill-staffing-group/,,https://twitter.com/BHStaffingGroup,https://www.facebook.com/BeaconHillStaffing,https://www.instagram.com/beaconhillstaffinggroup/,https://www.youtube.com/@beaconhill_expertsatwork,,https://www.google.com/search?q=Beacon+Hill+Staffing+%22VP+of+Technology%22+site%3Alinkedin.com%2Fin
338,Judge Group,Staffing / Recruiting Firms,IT/Engineering,Wayne,PA,2000,$200M-$500M,Interview scheduling AI,$10K-$25K,Chief Technology Officer,www.judge.com,3,Learning + consulting too,info@judge.com,customerservice@judge.com,(138) 599-9476,(120) 368-2136; (800) 301-0110,pattern,,,[first].[last]@judge.com; [f][last]@judge.com; [first]@judge.com; [first][last]@judge.com,https://www.linkedin.com/search/results/people/?keywords=%22Chief+Technology+Officer%22+%22Judge+Group%22,https://www.linkedin.com/company/the-judge-group/,https://www.linkedin.com/in/julian-castaneda-md-b397343b/; https://www.linkedin.com/in/david-armstrong-09133316/; https://www.linkedin.com/in/mickangelichio/,https://x.com/JudgeGroup,https://www.facebook.com/judgegroup,https://www.instagram.com/thejudgegroup/,,,https://www.google.com/search?q=Judge+Group+%22Chief+Technology+Officer%22+site%3Alinkedin.com%2Fin
339,Vaco,Staffing / Recruiting Firms,Professional Staffing,Nashville,TN,1500,$200M-$500M,Candidate assessment AI,$10K-$25K,CTO,www.vaco.com,3,Finance/tech staffing leader,info@vaco.com,contact@vaco.com,,,pattern,,,[first].[last]@vaco.com; [f][last]@vaco.com; [first]@vaco.com; [first][last]@vaco.com,https://www.linkedin.com/search/results/people/?keywords=%22CTO%22+%22Vaco%22,,,,,,,,https://www.google.com/search?q=Vaco+%22CTO%22+site%3Alinkedin.com%2Fin
340,Motion Recruitment,Staffing / Recruiting Firms,Tech Staffing,New York,NY,500,$100M-$200M,Resume screening AI,$8K-$20K,VP of Technology,www.motionrecruitment.com,3,Tech talent specialists,accessibility@motionrp.com,,(944) 797-3685,(770) 053-7336; (944) 870-2132,scraped,,,[first].[last]@motionrecruitment.com; [f][last]@motionrecruitment.com; [first]@motionrecruitment.com; [first][last]@motionrecruitment.com,https://www.linkedin.com/search/results/people/?keywords=%22VP+of+Technology%22+%22Motion+Recruitment%22,https://www.linkedin.com/company/motion-recruitment-partners,,https://twitter.com/MotionStaffing,https://www.facebook.com/MotionRecruitmentPartners/,,,,https://www.google.com/search?q=Motion+Recruitment+%22VP+of+Technology%22+site%3Alinkedin.com%2Fin
341,Mondo (Insight Global),Staffing / Recruiting Firms,Digital/Creative,New York,NY,300,$50M-$100M,Candidate matching AI,$8K-$15K,Director of Technology,www.mondo.com,3,Digital staffing niche,info@mondo.com,contact@mondo.com,,,pattern,,,[first].[last]@mondo.com; [f][last]@mondo.com; [first]@mondo.com; [first][last]@mondo.com,https://www.linkedin.com/search/results/people/?keywords=%22Director+of+Technology%22+%22Mondo+%28Insight+Global%29%22,https://www.linkedin.com/company/mondo/,,https://x.com/Mondo_Agents,https://www.facebook.com/mondoagents,https://www.instagram.com/mondo_agents/,https://www.youtube.com/@MondoStaffing/,,https://www.google.com/search?q=Mondo+%28Insight+Global%29+%22Director+of+Technology%22+site%3Alinkedin.com%2Fin
342,Addison Group,Staffing / Recruiting Firms,Professional,Chicago,IL,800,$100M-$200M,Interview scheduling AI,$8K-$20K,VP of Operations,www.addisongroup.com,3,Multi-sector staffing,mediarelations@addisongroup.com,,(100) 337-2682,(100) 215-0710; (100) 215-0725,scraped,,,[first].[last]@addisongroup.com; [f][last]@addisongroup.com; [first]@addisongroup.com; [first][last]@addisongroup.com,https://www.linkedin.com/search/results/people/?keywords=%22VP+of+Operations%22+%22Addison+Group%22,https://www.linkedin.com/company/addisongroup/,,https://twitter.com/addison__group,https://www.facebook.com/AddisonGroup,https://www.instagram.com/addison__group/,,,https://www.google.com/search?q=Addison+Group+%22VP+of+Operations%22+site%3Alinkedin.com%2Fin
343,Brilliant Staffing,Staffing / Recruiting Firms,Finance/Accounting,Chicago,IL,200,$25M-$50M,Resume screening AI,$5K-$15K,Director of Operations,www.brilliantstaffing.com,2,Finance niche staffing,info@brilliantstaffing.com,contact@brilliantstaffing.com,,,pattern,,,[first].[last]@brilliantstaffing.com; [f][last]@brilliantstaffing.com; [first]@brilliantstaffing.com; [first][last]@brilliantstaffing.com,https://www.linkedin.com/search/results/people/?keywords=%22Director+of+Operations%22+%22Brilliant+Staffing%22,,,,,,,,https://www.google.com/search?q=Brilliant+Staffing+%22Director+of+Operations%22+site%3Alinkedin.com%2Fin
344,Mitchell Martin,Staffing / Recruiting Firms,IT Staffing,New York,NY,300,$50M-$100M,Candidate matching AI,$8K-$15K,VP of Technology,www.mitchellmartin.com,3,IT consulting + staffing,info@mitchellmartin.com,contact@mitchellmartin.com,(177) 240-3551,(177) 240-3552; (177) 240-3553,pattern,,,[first].[last]@mitchellmartin.com; [f][last]@mitchellmartin.com; [first]@mitchellmartin.com; [first][last]@mitchellmartin.com,https://www.linkedin.com/search/results/people/?keywords=%22VP+of+Technology%22+%22Mitchell+Martin%22,,,,,,,,https://www.google.com/search?q=Mitchell+Martin+%22VP+of+Technology%22+site%3Alinkedin.com%2Fin
345,MatcHR (Match Group),Staffing / Recruiting Firms,Tech Recruiting,Los Angeles,CA,200,$25M-$50M,AI-powered matching,$5K-$15K,CTO,www.matchrstaffing.com,2,AI-forward staffing,info@matchrstaffing.com,contact@matchrstaffing.com,,,pattern,,,[first].[last]@matchrstaffing.com; [f][last]@matchrstaffing.com; [first]@matchrstaffing.com; [first][last]@matchrstaffing.com,https://www.linkedin.com/search/results/people/?keywords=%22CTO%22+%22MatcHR+%28Match+Group%29%22,,,,,,,,https://www.google.com/search?q=MatcHR+%28Match+Group%29+%22CTO%22+site%3Alinkedin.com%2Fin
346,Hays US,Staffing / Recruiting Firms,Professional Staffing,Tampa,FL,1000,$200M-$500M,Candidate assessment AI,$10K-$20K,Chief Technology Officer,www.hays.com,3,Part of global Hays plc,info@hays.com,contact@hays.com,(743) 167-4708,(771) 987-0800; (771) 987-0318,pattern,,,[first].[last]@hays.com; [f][last]@hays.com; [first]@hays.com; [first][last]@hays.com,https://www.linkedin.com/search/results/people/?keywords=%22Chief+Technology+Officer%22+%22Hays+US%22,https://www.linkedin.com/company/hays,https://www.linkedin.com/in/jonathansampsonhays/; https://www.linkedin.com/in/shaun-cheatham/; https://www.linkedin.com/in/salvcaminiti/,,,https://www.instagram.com/hays_usa/,,,https://www.google.com/search?q=Hays+US+%22Chief+Technology+Officer%22+site%3Alinkedin.com%2Fin
347,PrideStaff,Staffing / Recruiting Firms,Light Industrial,Fresno,CA,2000,$200M-$500M,Worker scheduling AI,$8K-$20K,VP of Technology,www.pridestaff.com,3,85+ offices; franchise model,info@pridestaff.com,,(233) 958-0467,(800) 774-3316; (559) 432-4371,pattern,,,[first].[last]@pridestaff.com; [f][last]@pridestaff.com; [first]@pridestaff.com; [first][last]@pridestaff.com,https://www.linkedin.com/search/results/people/?keywords=%22VP+of+Technology%22+%22PrideStaff%22,https://www.linkedin.com/company/pridestaff/,,https://x.com/PrideStaff,https://www.facebook.com/PrideStaff/,https://www.instagram.com/pridestaff/,https://www.youtube.com/channel/UCjjuj-VBhlwYBDK6gSPU9cQ,,https://www.google.com/search?q=PrideStaff+%22VP+of+Technology%22+site%3Alinkedin.com%2Fin
348,Kelly Services,Staffing / Recruiting Firms,General Staffing,Troy,MI,4000,$1B+,Candidate matching AI,$15K-$30K,Chief Technology Officer,www.kellyservices.com,4,75+ year history; global,info@kellyservices.com,contact@kellyservices.com,(288) 944-3703,(772) 377-5113; (289) 059-0009,pattern,,,[first].[last]@kellyservices.com; [f][last]@kellyservices.com; [first]@kellyservices.com; [first][last]@kellyservices.com,https://www.linkedin.com/search/results/people/?keywords=%22Chief+Technology+Officer%22+%22Kelly+Services%22,https://www.linkedin.com/company/kellyservices/,,https://twitter.com/KellyServices,https://www.facebook.com/kellyservices,,,,https://www.google.com/search?q=Kelly+Services+%22Chief+Technology+Officer%22+site%3Alinkedin.com%2Fin
349,ManpowerGroup US,Staffing / Recruiting Firms,General Staffing,Milwaukee,WI,25000,$5B+,Workforce analytics AI,$25K-$50K,VP of Innovation,www.manpowergroup.com,5,Global workforce solutions,info@manpowergroup.com,contact@manpowergroup.com,(578) 538-3284,(241) 822-0249; (279) 028-8531,pattern,,,[first].[last]@manpowergroup.com; [f][last]@manpowergroup.com; [first]@manpowergroup.com; [first][last]@manpowergroup.com,https://www.linkedin.com/search/results/people/?keywords=%22VP+of+Innovation%22+%22ManpowerGroup+US%22,https://www.linkedin.com/company/manpowergroup,,https://twitter.com/ManpowerGroup,https://www.facebook.com/ManpowerGroup,https://www.instagram.com/manpowergroup_/,,,https://www.google.com/search?q=ManpowerGroup+US+%22VP+of+Innovation%22+site%3Alinkedin.com%2Fin
350,Cielo,Staffing / Recruiting Firms,RPO,Milwaukee,WI,3000,$200M-$500M,Interview scheduling AI,$15K-$30K,CTO,www.cielotalent.com,4,Global RPO leader,cielo@cielotalent.com,,(877) 797-3379,(781) 922-5251; (470) 237-0608,scraped,,,[first].[last]@cielotalent.com; [f][last]@cielotalent.com; [first]@cielotalent.com; [first][last]@cielotalent.com,https://www.linkedin.com/search/results/people/?keywords=%22CTO%22+%22Cielo%22,https://www.linkedin.com/company/70373,,,https://www.facebook.com/cielotalent,,,,https://www.google.com/search?q=Cielo+%22CTO%22+site%3Alinkedin.com%2Fin
351,Alexander Mann Solutions,Staffing / Recruiting Firms,RPO,New York,NY,4000,$500M-$1B,Candidate assessment AI,$15K-$30K,Chief Technology Officer,www.alexandermannsolutions.com,4,Now AMS; talent solutions,info@alexandermannsolutions.com,contact@alexandermannsolutions.com,(177) 194-1585,(177) 220-0572; (177) 220-0777,pattern,,,[first].[last]@alexandermannsolutions.com; [f][last]@alexandermannsolutions.com; [first]@alexandermannsolutions.com; [first][last]@alexandermannsolutions.com,https://www.linkedin.com/search/results/people/?keywords=%22Chief+Technology+Officer%22+%22Alexander+Mann+Solutions%22,https://www.linkedin.com/company/weareams,https://www.linkedin.com/in/sagar-kokare/,https://twitter.com/weareams,https://www.facebook.com/WeAreAMS/,https://www.instagram.com/weareams/,https://www.youtube.com/@WeAreAMS,,https://www.google.com/search?q=Alexander+Mann+Solutions+%22Chief+Technology+Officer%22+site%3Alinkedin.com%2Fin
352,Yoh,Staffing / Recruiting Firms,IT/Engineering,Philadelphia,PA,2500,$500M-$1B,Resume screening AI,$10K-$25K,VP of Technology,www.yoh.com,3,Day & Zimmermann subsidiary,yohmarketing@gmail.com,,(966) 251-7440,(771) 862-8576; (966) 252-8233,scraped,,,[first].[last]@yoh.com; [f][last]@yoh.com; [first]@yoh.com; [first][last]@yoh.com,https://www.linkedin.com/search/results/people/?keywords=%22VP+of+Technology%22+%22Yoh%22,https://www.linkedin.com/company/yoh-a-day-%26-zimmermann-company/,,,,,,,https://www.google.com/search?q=Yoh+%22VP+of+Technology%22+site%3Alinkedin.com%2Fin
353,Aquent,Staffing / Recruiting Firms,Creative Staffing,Boston,MA,1000,$200M-$500M,Candidate matching AI,$10K-$20K,CTO,www.aquent.com,3,Creative/marketing staffing,questions@aquent.com,employverify@aquent.com,(617) 535-5000,(162) 042-1145,scraped,,,[first].[last]@aquent.com; [f][last]@aquent.com; [first]@aquent.com; [first][last]@aquent.com,https://www.linkedin.com/search/results/people/?keywords=%22CTO%22+%22Aquent%22,https://www.linkedin.com/company/aquent,,https://twitter.com/Aquent,https://www.facebook.com/aquent/,,,,https://www.google.com/search?q=Aquent+%22CTO%22+site%3Alinkedin.com%2Fin
354,Creative Circle,Staffing / Recruiting Firms,Creative Staffing,Los Angeles,CA,500,$100M-$200M,Candidate assessment AI,$8K-$15K,Director of Technology,www.creativecircle.com,3,Marketing/creative talent,etpayroll@creativecircle.com,ctpayroll@creativecircle.com; mtpayroll@creativecircle.com; ptpayroll@creativecircle.com,(177) 206-3619,(741) 880-5005; (743) 054-3661,scraped,,,[first].[last]@creativecircle.com; [f][last]@creativecircle.com; [first]@creativecircle.com; [first][last]@creativecircle.com,https://www.linkedin.com/search/results/people/?keywords=%22Director+of+Technology%22+%22Creative+Circle%22,https://www.linkedin.com/company/creative-circle/,https://www.linkedin.com/in/laurenferrara/; https://www.linkedin.com/in/emilywebber1/; https://www.linkedin.com/in/katiegrosvenor/,https://x.com/Creative_Circle,https://www.facebook.com/CreativeCircleStaffing,https://www.instagram.com/creative.circle/,,,https://www.google.com/search?q=Creative+Circle+%22Director+of+Technology%22+site%3Alinkedin.com%2Fin
355,Procom,Staffing / Recruiting Firms,IT Staffing,Boston,MA,500,$100M-$200M,Resume screening AI,$8K-$15K,VP of Technology,www.procom.ca,3,IT consulting + staffing,info@procom.ca,contact@procom.ca,,,pattern,,,[first].[last]@procom.ca; [f][last]@procom.ca; [first]@procom.ca; [first][last]@procom.ca,https://www.linkedin.com/search/results/people/?keywords=%22VP+of+Technology%22+%22Procom%22,,,,,,,,https://www.google.com/search?q=Procom+%22VP+of+Technology%22+site%3Alinkedin.com%2Fin
356,Nelson Staffing,Staffing / Recruiting Firms,Administrative,San Leandro,CA,300,$25M-$50M,Interview scheduling AI,$5K-$15K,Director of Operations,www.nelsonstaffing.com,2,Bay Area staffing,info@nelsonstaffing.com,contact@nelsonstaffing.com,,,pattern,,,[first].[last]@nelsonstaffing.com; [f][last]@nelsonstaffing.com; [first]@nelsonstaffing.com; [first][last]@nelsonstaffing.com,https://www.linkedin.com/search/results/people/?keywords=%22Director+of+Operations%22+%22Nelson+Staffing%22,,,,,,,,https://www.google.com/search?q=Nelson+Staffing+%22Director+of+Operations%22+site%3Alinkedin.com%2Fin
357,On Assignment (Apex Group),Staffing / Recruiting Firms,Professional,Calabasas,CA,6000,$1B+,Candidate matching AI,$15K-$30K,Chief Technology Officer,www.apexgroup.com,4,Now Apex Group; diversified,info@apexgroup.com,contact@apexgroup.com,(105) 330-1570,(071) 426-9344; (537) 523-0415,pattern,,,[first].[last]@apexgroup.com; [f][last]@apexgroup.com; [first]@apexgroup.com; [first][last]@apexgroup.com,https://www.linkedin.com/search/results/people/?keywords=%22Chief+Technology+Officer%22+%22On+Assignment+%28Apex+Group%29%22,https://www.linkedin.com/company/the-apex-group-ltd/,,https://twitter.com/ApexGlobalGroup,https://www.facebook.com/apexfundservices,https://instagram.com/apex_group_ltd,,,https://www.google.com/search?q=On+Assignment+%28Apex+Group%29+%22Chief+Technology+Officer%22+site%3Alinkedin.com%2Fin
358,Mastech Holdings,Staffing / Recruiting Firms,IT Staffing,Pittsburgh,PA,2000,$200M-$500M,AI candidate matching,$10K-$25K,CTO,www.mastech.com,3,NYSE listed; digital transformation,info@mastech.com,contact@mastech.com,,,pattern,,,[first].[last]@mastech.com; [f][last]@mastech.com; [first]@mastech.com; [first][last]@mastech.com,https://www.linkedin.com/search/results/people/?keywords=%22CTO%22+%22Mastech+Holdings%22,,,,,,,,https://www.google.com/search?q=Mastech+Holdings+%22CTO%22+site%3Alinkedin.com%2Fin
359,Volt Information Sciences,Staffing / Recruiting Firms,General Staffing,Orange,CT,1500,$200M-$500M,Workforce AI analytics,$10K-$20K,VP of Technology,www.volt.com,3,Multi-sector staffing,info@volt.com,contact@volt.com,(177) 239-9943,(177) 239-9909; (177) 239-9942,pattern,,,[first].[last]@volt.com; [f][last]@volt.com; [first]@volt.com; [first][last]@volt.com,https://www.linkedin.com/search/results/people/?keywords=%22VP+of+Technology%22+%22Volt+Information+Sciences%22,https://www.linkedin.com/company/volt-workforce-solutions,,https://twitter.com/voltworkforce,https://www.facebook.com/VoltWorkforceSolutions,https://www.instagram.com/voltworkforce,,,https://www.google.com/search?q=Volt+Information+Sciences+%22VP+of+Technology%22+site%3Alinkedin.com%2Fin
360,Zobility (RGBSI),Staffing / Recruiting Firms,Engineering Staffing,Troy,MI,1000,$100M-$200M,Resume screening AI,$8K-$20K,Director of IT,www.zobility.com,3,Engineering/auto focus,info@zobility.com,contact@zobility.com,(177) 236-8470,(248) 457-9737; (795) 472-6925,pattern,,,[first].[last]@zobility.com; [f][last]@zobility.com; [first]@zobility.com; [first][last]@zobility.com,https://www.linkedin.com/search/results/people/?keywords=%22Director+of+IT%22+%22Zobility+%28RGBSI%29%22,https://www.linkedin.com/company/zobility/,,https://x.com/zobility,https://www.facebook.com/zobilitycompany/,,https://www.youtube.com/@zobility,,https://www.google.com/search?q=Zobility+%28RGBSI%29+%22Director+of+IT%22+site%3Alinkedin.com%2Fin
361,WebFX,Marketing / Digital Agencies,Full-Service Digital,Harrisburg,PA,500,$100M-$200M,Content generation AI,$15K-$30K,Chief Technology Officer,www.webfx.com,4,500+ employees; $10B+ driven for clients,info@webfx.com,contact@webfx.com,,(174) 531-8430; (177) 202-6222,pattern,,,[first].[last]@webfx.com; [f][last]@webfx.com; [first]@webfx.com; [first][last]@webfx.com,https://www.linkedin.com/search/results/people/?keywords=%22Chief+Technology+Officer%22+%22WebFX%22,https://www.linkedin.com/company/webfxinc,,https://x.com/wp,https://www.facebook.com/webfxinc/,https://www.instagram.com/webfx/,https://www.youtube.com/channel/UCQPrlLwp_cv1fCupqSK66jg,,https://www.google.com/search?q=WebFX+%22Chief+Technology+Officer%22+site%3Alinkedin.com%2Fin
362,Disruptive Advertising,Marketing / Digital Agencies,PPC/CRO,Pleasant Grove,UT,200,$25M-$50M,Campaign optimization AI,$10K-$20K,VP of Operations,www.disruptiveadvertising.com,3,Google Premier Partner,info@disruptiveadvertising.com,contact@disruptiveadvertising.com,,(702) 702-7027,pattern,,,[first].[last]@disruptiveadvertising.com; [f][last]@disruptiveadvertising.com; [first]@disruptiveadvertising.com; [first][last]@disruptiveadvertising.com,https://www.linkedin.com/search/results/people/?keywords=%22VP+of+Operations%22+%22Disruptive+Advertising%22,https://www.linkedin.com/company/disruptive-advertising,,https://x.com/DisruptiveAds,https://www.facebook.com/disruptiveads,https://www.instagram.com/disruptiveads/,,,https://www.google.com/search?q=Disruptive+Advertising+%22VP+of+Operations%22+site%3Alinkedin.com%2Fin
363,Ignite Visibility,Marketing / Digital Agencies,SEO/Digital,San Diego,CA,100,$25M-$50M,SEO automation AI,$8K-$20K,Director of Technology,www.ignitevisibility.com,3,Award-winning SEO agency,opportunity@ignitevisibility.com,,(333) 333-3333,(766) 766-7667; (699) 699-6996,scraped,,,[first].[last]@ignitevisibility.com; [f][last]@ignitevisibility.com; [first]@ignitevisibility.com; [first][last]@ignitevisibility.com,https://www.linkedin.com/search/results/people/?keywords=%22Director+of+Technology%22+%22Ignite+Visibility%22,https://www.linkedin.com/company/ignite-visibility/,https://www.linkedin.com/in/johnelincoln,https://x.com/ignitev,https://www.facebook.com/IgniteVisibility,https://www.instagram.com/ignitevisibility,https://www.youtube.com/channel/UCkCHq2dk1ZsxiG5AjeJWfMA,,https://www.google.com/search?q=Ignite+Visibility+%22Director+of+Technology%22+site%3Alinkedin.com%2Fin
364,NP Digital,Marketing / Digital Agencies,Full-Service,San Diego,CA,500,$50M-$100M,Content generation AI,$10K-$25K,CTO,www.npdigital.com,4,Neil Patel's agency; enterprise focus,sales@npdigital.com,neil@advanced.npdigital.com,(177) 203-2290,(177) 203-1749; (177) 108-8693,scraped,,,[first].[last]@npdigital.com; [f][last]@npdigital.com; [first]@npdigital.com; [first][last]@npdigital.com,https://www.linkedin.com/search/results/people/?keywords=%22CTO%22+%22NP+Digital%22,https://www.linkedin.com/company/npdigital/,,https://twitter.com/neilpatel,https://www.facebook.com/NPDigitalUS/,https://www.instagram.com/npdigitalglobal/,,,https://www.google.com/search?q=NP+Digital+%22CTO%22+site%3Alinkedin.com%2Fin
365,SmartSites,Marketing / Digital Agencies,Web/PPC,Paramus,NJ,200,$25M-$50M,Reporting automation AI,$8K-$20K,CTO,www.smartsites.com,3,SMB focused; top rated,contact@smartsites.com,abuse@telegram.org,(201) 870-6000,(769) 101-5640; (078) 926-2309,pattern,,,[first].[last]@smartsites.com; [f][last]@smartsites.com; [first]@smartsites.com; [first][last]@smartsites.com,https://www.linkedin.com/search/results/people/?keywords=%22CTO%22+%22SmartSites%22,https://www.linkedin.com/company/smartsites,,https://twitter.com/SmartSitesNJ,https://www.facebook.com/SmartSites,https://www.instagram.com/smartsitesnj/,https://www.youtube.com/@smartsitesnj,,https://www.google.com/search?q=SmartSites+%22CTO%22+site%3Alinkedin.com%2Fin
366,KlientBoost,Marketing / Digital Agencies,PPC/CRO,Costa Mesa,CA,100,$10M-$25M,Campaign optimization AI,$5K-$15K,Director of Operations,www.klientboost.com,3,SaaS/eComm focus,friends@klientboost.com,,(794) 225-5892,(041) 278-1004; (666) 666-6666,scraped,,,[first].[last]@klientboost.com; [f][last]@klientboost.com; [first]@klientboost.com; [first][last]@klientboost.com,https://www.linkedin.com/search/results/people/?keywords=%22Director+of+Operations%22+%22KlientBoost%22,https://www.linkedin.com/company/klientboost,https://www.linkedin.com/in/harrison-carroll-94069757/; https://www.linkedin.com/in/justin-briones-0725a692/; https://www.linkedin.com/in/tiffany-tran-a7b4084b,http://www.twitter.com/JohnathanDane,https://www.facebook.com/klientboost,https://www.instagram.com/klientboost/,https://www.youtube.com/@KlientBoostKitchen,,https://www.google.com/search?q=KlientBoost+%22Director+of+Operations%22+site%3Alinkedin.com%2Fin
367,Wieden+Kennedy,Marketing / Digital Agencies,Creative/Brand,Portland,OR,1500,$500M-$1B,Creative AI tools,$30K-$50K,Chief Innovation Officer,www.wk.com,5,Nike Just Do It agency,newbiz@wk.com,mary.normand@wk.com; info@wk.com; theresa.collins@wk.com,(666) 666-6667,(333) 333-3333; (857) 142-8571,scraped,,,[first].[last]@wk.com; [f][last]@wk.com; [first]@wk.com; [first][last]@wk.com,https://www.linkedin.com/search/results/people/?keywords=%22Chief+Innovation+Officer%22+%22Wieden%2BKennedy%22,,,,,https://www.instagram.com/wiedenkennedy/,,,https://www.google.com/search?q=Wieden%2BKennedy+%22Chief+Innovation+Officer%22+site%3Alinkedin.com%2Fin
368,Droga5,Marketing / Digital Agencies,Creative/Brand,New York,NY,500,$200M-$500M,Content generation AI,$25K-$50K,CTO,www.droga5.com,5,Award-winning creative agency,parry.rominger@droga5.com,newbiz@droga5.com; d5newbiz@accenture.com; alexandra.velasco@accenture.com,(176) 655-1787,(917) 237-8888; (176) 358-3231,scraped,,,[first].[last]@droga5.com; [f][last]@droga5.com; [first]@droga5.com; [first][last]@droga5.com,https://www.linkedin.com/search/results/people/?keywords=%22CTO%22+%22Droga5%22,,,,,,,,https://www.google.com/search?q=Droga5+%22CTO%22+site%3Alinkedin.com%2Fin
369,BBDO Worldwide,Marketing / Digital Agencies,Full-Service,New York,NY,10000,$1B+,Campaign analytics AI,$30K-$50K,Chief Digital Officer,www.bbdo.com,5,Global advertising network,info@bbdo.com,contact@bbdo.com,(212) 459-5000,(201) 695-1412; (287) 751-1127,pattern,,,[first].[last]@bbdo.com; [f][last]@bbdo.com; [first]@bbdo.com; [first][last]@bbdo.com,https://www.linkedin.com/search/results/people/?keywords=%22Chief+Digital+Officer%22+%22BBDO+Worldwide%22,https://www.linkedin.com/company/bbdo/,,,,https://www.instagram.com/bbdo/,,,https://www.google.com/search?q=BBDO+Worldwide+%22Chief+Digital+Officer%22+site%3Alinkedin.com%2Fin
370,R/GA,Marketing / Digital Agencies,Digital/Innovation,New York,NY,2000,$200M-$500M,Content personalization AI,$20K-$40K,CTO,www.rga.com,4,Innovation-focused agency,bethany.steffen@rga.com,george.griffiths@rga.com; argentina@rga.com; australia@rga.com,(174) 421-4674,(866) 937-1711; (176) 919-5337,scraped,,,[first].[last]@rga.com; [f][last]@rga.com; [first]@rga.com; [first][last]@rga.com,https://www.linkedin.com/search/results/people/?keywords=%22CTO%22+%22R%2FGA%22,https://www.linkedin.com/company/r-ga/,,https://twitter.com/RGA,,https://www.instagram.com/rgabydesign/,,,https://www.google.com/search?q=R%2FGA+%22CTO%22+site%3Alinkedin.com%2Fin
371,VaynerMedia,Marketing / Digital Agencies,Social Media,New York,NY,1000,$200M-$500M,Social content AI,$15K-$30K,Chief Technology Officer,www.vaynermedia.com,4,Gary Vaynerchuk's agency,info@vaynermedia.com,contact@vaynermedia.com,,(666) 666-6667; (176) 281-0270,pattern,,,[first].[last]@vaynermedia.com; [f][last]@vaynermedia.com; [first]@vaynermedia.com; [first][last]@vaynermedia.com,https://www.linkedin.com/search/results/people/?keywords=%22Chief+Technology+Officer%22+%22VaynerMedia%22,https://www.linkedin.com/company/vaynermedia,https://www.linkedin.com/in/marc-yudkin-81400670/; https://www.linkedin.com/in/wanda-pogue-569a4124/; https://www.linkedin.com/in/garyvaynerchuk/,https://x.com/vaynermedia,https://facebook.com/vaynermedia,https://www.instagram.com/vaynermedia/,,,https://www.google.com/search?q=VaynerMedia+%22Chief+Technology+Officer%22+site%3Alinkedin.com%2Fin
372,Wpromote,Marketing / Digital Agencies,Performance Marketing,El Segundo,CA,500,$100M-$200M,Campaign optimization AI,$10K-$25K,VP of Technology,www.wpromote.com,4,Full-funnel performance,nhello@wpromote.com,nhello@wpromote.comsupportfor; supportsalessales@wpromote.comdirect; acquisitionjackie.leung@wpromote.comview,(333) 333-3333,(210) 334-5374; (595) 558-4904,scraped,,,[first].[last]@wpromote.com; [f][last]@wpromote.com; [first]@wpromote.com; [first][last]@wpromote.com,https://www.linkedin.com/search/results/people/?keywords=%22VP+of+Technology%22+%22Wpromote%22,,,,https://www.facebook.com/wpromote,,,,https://www.google.com/search?q=Wpromote+%22VP+of+Technology%22+site%3Alinkedin.com%2Fin
373,Tinuiti,Marketing / Digital Agencies,Performance Marketing,New York,NY,1000,$200M-$500M,Attribution AI,$15K-$30K,CTO,www.tinuiti.com,4,Largest independent performance,info@tinuiti.com,contact@tinuiti.com,,(738) 933-4031; (177) 103-2558,pattern,,,[first].[last]@tinuiti.com; [f][last]@tinuiti.com; [first]@tinuiti.com; [first][last]@tinuiti.com,https://www.linkedin.com/search/results/people/?keywords=%22CTO%22+%22Tinuiti%22,https://www.linkedin.com/company/tinuiti,,https://x.com/Tinuiti,https://www.facebook.com/tinuiti1/,https://www.instagram.com/tinuitilife/,https://www.youtube.com/channel/UC5JcRfswre-c0qSeNpkwM9Q,,https://www.google.com/search?q=Tinuiti+%22CTO%22+site%3Alinkedin.com%2Fin
374,Power Digital Marketing,Marketing / Digital Agencies,Growth Marketing,San Diego,CA,700,$100M-$200M,Reporting automation AI,$10K-$25K,Chief Technology Officer,www.powerdigitalmarketing.com,4,nova platform; AI integration,info@powerdigitalmarketing.com,contact@powerdigitalmarketing.com,(174) 890-2486,(172) 805-4217; (619) 501-1211,pattern,,,[first].[last]@powerdigitalmarketing.com; [f][last]@powerdigitalmarketing.com; [first]@powerdigitalmarketing.com; [first][last]@powerdigitalmarketing.com,https://www.linkedin.com/search/results/people/?keywords=%22Chief+Technology+Officer%22+%22Power+Digital+Marketing%22,https://www.linkedin.com/company/powerdigitalmarketing/,,,https://www.facebook.com/PowerDigitalMarketing/,https://www.instagram.com/power_digital/,,,https://www.google.com/search?q=Power+Digital+Marketing+%22Chief+Technology+Officer%22+site%3Alinkedin.com%2Fin
375,Thrive Internet Marketing,Marketing / Digital Agencies,SEO/PPC,Arlington,TX,200,$25M-$50K,Content generation AI,$8K-$15K,Director of Operations,www.thriveagency.com,3,Full-service digital agency,sales@thriveagency.com,arthur.seese.28.09.1981@mail.ru; b.ronn@bk.ru; lonnie.rye.11.11.1986@mail.ru,(264) 453-6267,(799) 642-2909; (177) 210-0099,scraped,,,[first].[last]@thriveagency.com; [f][last]@thriveagency.com; [first]@thriveagency.com; [first][last]@thriveagency.com,https://www.linkedin.com/search/results/people/?keywords=%22Director+of+Operations%22+%22Thrive+Internet+Marketing%22,https://www.linkedin.com/company/thrive-agency,,https://x.com/ThriveAgency,https://facebook.com/thrivenetmarketing,https://www.instagram.com/thriveagency/,https://www.youtube.com/@thriveagency,,https://www.google.com/search?q=Thrive+Internet+Marketing+%22Director+of+Operations%22+site%3Alinkedin.com%2Fin
376,Directive Consulting,Marketing / Digital Agencies,B2B SaaS Marketing,Irvine,CA,200,$25M-$50M,Campaign analytics AI,$8K-$20K,CTO,www.directive.com,3,B2B SaaS focused,info@directive.com,,(898) 433-8230,(143) 614-6678; (148) 399-7069,pattern,,,[first].[last]@directive.com; [f][last]@directive.com; [first]@directive.com; [first][last]@directive.com,https://www.linkedin.com/search/results/people/?keywords=%22CTO%22+%22Directive+Consulting%22,https://www.linkedin.com/company/directive/,,https://twitter.com/directive,https://www.facebook.com/Directive/,https://www.instagram.com/directiveny/,,,https://www.google.com/search?q=Directive+Consulting+%22CTO%22+site%3Alinkedin.com%2Fin
377,Walker Sands,Marketing / Digital Agencies,B2B/Tech PR,Chicago,IL,200,$25M-$50M,Content generation AI,$8K-$20K,VP of Technology,www.walkersands.com,3,B2B tech communications,hello@walkersands.com,,(058) 402-8812,(286) 632-0839; (701) 880-6575,scraped,,,[first].[last]@walkersands.com; [f][last]@walkersands.com; [first]@walkersands.com; [first][last]@walkersands.com,https://www.linkedin.com/search/results/people/?keywords=%22VP+of+Technology%22+%22Walker+Sands%22,https://www.linkedin.com/company/walker-sands/,,https://x.com/walkersands,,https://www.instagram.com/walkersands/,,,https://www.google.com/search?q=Walker+Sands+%22VP+of+Technology%22+site%3Alinkedin.com%2Fin
378,Single Grain,Marketing / Digital Agencies,Growth Marketing,Los Angeles,CA,100,$10M-$25M,SEO automation AI,$5K-$15K,Director of Operations,www.singlegrain.com,3,Eric Siu's agency,info@singlegrain.com,contact@singlegrain.com,(177) 193-2934,(800) 701-0793; (002) 950-1002,pattern,,,[first].[last]@singlegrain.com; [f][last]@singlegrain.com; [first]@singlegrain.com; [first][last]@singlegrain.com,https://www.linkedin.com/search/results/people/?keywords=%22Director+of+Operations%22+%22Single+Grain%22,https://www.linkedin.com/company/single-grain-llc,https://www.linkedin.com/in/retentionadam/,https://x.com/ericosiu,https://www.facebook.com/singlegrain,,https://www.youtube.com/@LevelingUpOfficial,,https://www.google.com/search?q=Single+Grain+%22Director+of+Operations%22+site%3Alinkedin.com%2Fin
379,Major Tom,Marketing / Digital Agencies,Full-Service,New York,NY,200,$25M-$50M,Content personalization AI,$8K-$20K,CTO,www.majortom.com,3,North American presence,van@majortom.com,ny@majortom.com; to@majortom.com,(919) 728-9432,(771) 973-3902; (433) 764-1447,scraped,,,[first].[last]@majortom.com; [f][last]@majortom.com; [first]@majortom.com; [first][last]@majortom.com,https://www.linkedin.com/search/results/people/?keywords=%22CTO%22+%22Major+Tom%22,https://linkedin.com/company/itsmajortom,,https://twitter.com/MajorTomAgency,https://www.facebook.com/ItsMajorTom,https://instagram.com/MajorTomAgency,,,https://www.google.com/search?q=Major+Tom+%22CTO%22+site%3Alinkedin.com%2Fin
380,Refine Labs,Marketing / Digital Agencies,B2B Demand Gen,Boston,MA,100,$10M-$25M,Campaign optimization AI,$8K-$20K,Director of Technology,www.refinelabs.com,3,B2B demand generation pioneer,info@refinelabs.com,contact@refinelabs.com,(451) 390-2690,(451) 390-2696; (451) 390-2692,pattern,,,[first].[last]@refinelabs.com; [f][last]@refinelabs.com; [first]@refinelabs.com; [first][last]@refinelabs.com,https://www.linkedin.com/search/results/people/?keywords=%22Director+of+Technology%22+%22Refine+Labs%22,https://www.linkedin.com/company/refine-labs/,https://www.linkedin.com/in/nick-kappra-works/; https://www.linkedin.com/in/carlaghorra/; https://www.linkedin.com/in/richard-beahm/,,,https://www.instagram.com/refine_labs/,https://www.youtube.com/channel/UCVXDCQ946qmDz3XoFp7J90Q,,https://www.google.com/search?q=Refine+Labs+%22Director+of+Technology%22+site%3Alinkedin.com%2Fin
381,Huge (IPG),Marketing / Digital Agencies,Digital Experience,Brooklyn,NY,1500,$200M-$500M,UX personalization AI,$20K-$40K,Chief Technology Officer,www.hugeinc.com,4,IPG subsidiary; design focus,business@hugeinc.com,jobs@hugeinc.com; press@hugeinc.com; hello@hugeinc.com,(271) 974-2386,(788) 449-8212; (174) 079-7587,scraped,,,[first].[last]@hugeinc.com; [f][last]@hugeinc.com; [first]@hugeinc.com; [first][last]@hugeinc.com,https://www.linkedin.com/search/results/people/?keywords=%22Chief+Technology+Officer%22+%22Huge+%28IPG%29%22,https://www.linkedin.com/company/hugeinc,,https://twitter.com/hugeinc,,https://www.instagram.com/hugeinc,,,https://www.google.com/search?q=Huge+%28IPG%29+%22Chief+Technology+Officer%22+site%3Alinkedin.com%2Fin
382,Razorfish,Marketing / Digital Agencies,Digital,New York,NY,2000,$200M-$500M,Customer journey AI,$20K-$40K,CTO,www.razorfish.com,4,Publicis Groupe subsidiary,hello@razorfish.com,,(666) 666-6667,(333) 333-3333; (177) 222-4742,scraped,,,[first].[last]@razorfish.com; [f][last]@razorfish.com; [first]@razorfish.com; [first][last]@razorfish.com,https://www.linkedin.com/search/results/people/?keywords=%22CTO%22+%22Razorfish%22,https://www.linkedin.com/company/razorfish/,,,https://www.facebook.com/razorfish,https://www.instagram.com/razorfish/,,,https://www.google.com/search?q=Razorfish+%22CTO%22+site%3Alinkedin.com%2Fin
383,Digitas,Marketing / Digital Agencies,Data-Driven Marketing,Boston,MA,3000,$500M-$1B,Predictive analytics AI,$25K-$50K,Chief Data Officer,www.digitas.com,5,Publicis Groupe subsidiary,lindapiggot@digitas.com,communications@digitas.com; ininfo@digitas.com; auckland@digitas.com,(617) 867-1000,(687) 857-4859; (176) 244-6415,scraped,,,[first].[last]@digitas.com; [f][last]@digitas.com; [first]@digitas.com; [first][last]@digitas.com,https://www.linkedin.com/search/results/people/?keywords=%22Chief+Data+Officer%22+%22Digitas%22,https://www.linkedin.com/company/digitas-north-america/,,,,https://www.instagram.com/digitas.na/,,,https://www.google.com/search?q=Digitas+%22Chief+Data+Officer%22+site%3Alinkedin.com%2Fin
384,MRM,Marketing / Digital Agencies,CRM/Data Marketing,New York,NY,2500,$200M-$500M,Marketing automation AI,$20K-$40K,VP of Technology,www.mrm.com,4,McCann Worldgroup subsidiary,info@mrm.com,contact@mrm.com,(519) 840-0750,(505) 216-7863; (531) 074-0545,pattern,,,[first].[last]@mrm.com; [f][last]@mrm.com; [first]@mrm.com; [first][last]@mrm.com,https://www.linkedin.com/search/results/people/?keywords=%22VP+of+Technology%22+%22MRM%22,https://www.linkedin.com/company/globalmrm/,,,,https://www.instagram.com/global_mrm/,,,https://www.google.com/search?q=MRM+%22VP+of+Technology%22+site%3Alinkedin.com%2Fin
385,Merkle,Marketing / Digital Agencies,Data/CRM,Columbia,MD,14000,$1B+,Customer data AI,$25K-$50K,Chief Technology Officer,www.merkle.com,5,Dentsu subsidiary; data leader,info@merkle.com,contact@merkle.com,(784) 289-9024,(765) 460-8893; (765) 460-8894,pattern,,,[first].[last]@merkle.com; [f][last]@merkle.com; [first]@merkle.com; [first][last]@merkle.com,https://www.linkedin.com/search/results/people/?keywords=%22Chief+Technology+Officer%22+%22Merkle%22,https://www.linkedin.com/company/merkle,,,,https://www.instagram.com/merkle/,https://www.youtube.com/@MerkleOfficial,,https://www.google.com/search?q=Merkle+%22Chief+Technology+Officer%22+site%3Alinkedin.com%2Fin
386,VMLY&R,Marketing / Digital Agencies,Creative/Digital,Kansas City,MO,7000,$1B+,Creative automation AI,$25K-$50K,CTO,www.vmlyr.com,5,WPP subsidiary,name@domain.com,yourname@domain.com,(212) 210-7000,(201) 619-6936; (176) 183-7728,scraped,,,[first].[last]@vmlyr.com; [f][last]@vmlyr.com; [first]@vmlyr.com; [first][last]@vmlyr.com,https://www.linkedin.com/search/results/people/?keywords=%22CTO%22+%22VMLY%26R%22,https://www.linkedin.com/company/vml,,https://twitter.com/vml_global,,https://www.instagram.com/vml_global/,https://www.youtube.com/channel/UC_cadLbKXq6rI52T9_xqsyw,,https://www.google.com/search?q=VMLY%26R+%22CTO%22+site%3Alinkedin.com%2Fin
387,Hawke Media,Marketing / Digital Agencies,Outsourced CMO,Los Angeles,CA,200,$25M-$50M,Content generation AI,$8K-$20K,Director of Technology,www.hawkemedia.com,3,Outsourced marketing leader,hello@hawkemedia.com,,(177) 222-1985,(177) 222-1986; (456) 095-6215,scraped,,,[first].[last]@hawkemedia.com; [f][last]@hawkemedia.com; [first]@hawkemedia.com; [first][last]@hawkemedia.com,https://www.linkedin.com/search/results/people/?keywords=%22Director+of+Technology%22+%22Hawke+Media%22,https://www.linkedin.com/company/hawkemedia,,https://twitter.com/hawkemedia,https://www.facebook.com/hawkemedia/,https://www.instagram.com/hawkemedia/,https://www.youtube.com/@HawkeMedia,,https://www.google.com/search?q=Hawke+Media+%22Director+of+Technology%22+site%3Alinkedin.com%2Fin
388,360i,Marketing / Digital Agencies,Digital Innovation,New York,NY,500,$100M-$200M,Social listening AI,$10K-$25K,CTO,www.360i.com,4,Dentsu subsidiary,info@360i.com,contact@360i.com,,,pattern,,,[first].[last]@360i.com; [f][last]@360i.com; [first]@360i.com; [first][last]@360i.com,https://www.linkedin.com/search/results/people/?keywords=%22CTO%22+%22360i%22,,,,,,,,https://www.google.com/search?q=360i+%22CTO%22+site%3Alinkedin.com%2Fin
389,iProspect,Marketing / Digital Agencies,Performance,Boston,MA,8000,$500M-$1B,Search optimization AI,$20K-$40K,Chief Technology Officer,www.iprospect.com,4,Dentsu subsidiary; global,hello@iprospect.com,adam.lester@iprospect.com; findoutmore@iprospect.com; aichanyar.vattanapornvarakul@iprospect.com,(543) 742-2684,(475) 167-8615; (684) 039-1740,scraped,,,[first].[last]@iprospect.com; [f][last]@iprospect.com; [first]@iprospect.com; [first][last]@iprospect.com,https://www.linkedin.com/search/results/people/?keywords=%22Chief+Technology+Officer%22+%22iProspect%22,https://www.linkedin.com/company/iprospect/,,,https://www.facebook.com/iprospect,,,,https://www.google.com/search?q=iProspect+%22Chief+Technology+Officer%22+site%3Alinkedin.com%2Fin
390,Seer Interactive,Marketing / Digital Agencies,SEO/Analytics,Philadelphia,PA,200,$25M-$50M,Data analytics AI,$8K-$20K,VP of Technology,www.seerinteractive.com,3,Data-forward SEO agency,info@seerinteractive.com,contact@seerinteractive.com,(597) 974-4629,(772) 220-2861; (913) 437-6995,pattern,,,[first].[last]@seerinteractive.com; [f][last]@seerinteractive.com; [first]@seerinteractive.com; [first][last]@seerinteractive.com,https://www.linkedin.com/search/results/people/?keywords=%22VP+of+Technology%22+%22Seer+Interactive%22,https://www.linkedin.com/company/seer-interactive,,https://twitter.com/SeerInteractive,https://www.facebook.com/SeerInteractive,https://www.instagram.com/seerinteractive/,,,https://www.google.com/search?q=Seer+Interactive+%22VP+of+Technology%22+site%3Alinkedin.com%2Fin
391,Barkley,Marketing / Digital Agencies,Creative,Kansas City,MO,300,$50M-$100M,Content generation AI,$8K-$20K,Director of Innovation,www.barkleyus.com,3,Independent creative agency,jason@barkleyokrp.com,press@barkleyokrp.com; careers@barkleyokrp.com,(816) 813-3892,(608) 354-7208; (816) 842-1500,scraped,,,[first].[last]@barkleyus.com; [f][last]@barkleyus.com; [first]@barkleyus.com; [first][last]@barkleyus.com,https://www.linkedin.com/search/results/people/?keywords=%22Director+of+Innovation%22+%22Barkley%22,https://www.linkedin.com/company/barkleyokrp/,https://www.linkedin.com/in/reshma-karnik-500a2813/; https://www.linkedin.com/in/rahulroy1/; https://www.linkedin.com/in/jefflking/,,,https://www.instagram.com/barkleyus/,https://www.youtube.com/@BarkleyOKRP,,https://www.google.com/search?q=Barkley+%22Director+of+Innovation%22+site%3Alinkedin.com%2Fin
392,Mekanism,Marketing / Digital Agencies,Creative/Social,San Francisco,CA,200,$25M-$50M,Social content AI,$8K-$20K,CTO,www.mekanism.com,3,Soul & science of marketing,newbusiness@mekanism.com,jobs@mekanism.com; press@mekanism.com; careers@mekanism.com,(201) 597-8827,(115) 730-5252; (177) 777-7777,scraped,,,[first].[last]@mekanism.com; [f][last]@mekanism.com; [first]@mekanism.com; [first][last]@mekanism.com,https://www.linkedin.com/search/results/people/?keywords=%22CTO%22+%22Mekanism%22,https://www.linkedin.com/company/mekanism/,,,,https://www.instagram.com/mekanism/,https://www.youtube.com/@soulandsciencepod,,https://www.google.com/search?q=Mekanism+%22CTO%22+site%3Alinkedin.com%2Fin
393,Funnel Boost Media,Marketing / Digital Agencies,Local SEO/PPC,San Antonio,TX,50,$5M-$10M,Lead generation AI,$5K-$12K,Director of Operations,www.funnelboostmedia.com,2,Veteran-owned; local focus,info@funnelboostmedia.com,contact@funnelboostmedia.com,(176) 850-6031,(173) 635-1311; (175) 812-3300,pattern,,,[first].[last]@funnelboostmedia.com; [f][last]@funnelboostmedia.com; [first]@funnelboostmedia.com; [first][last]@funnelboostmedia.com,https://www.linkedin.com/search/results/people/?keywords=%22Director+of+Operations%22+%22Funnel+Boost+Media%22,https://www.linkedin.com/company/funnel-boost-media,,https://x.com/funnelboost,https://www.facebook.com/funnelboostmedia/,https://www.instagram.com/funnelboost/,,,https://www.google.com/search?q=Funnel+Boost+Media+%22Director+of+Operations%22+site%3Alinkedin.com%2Fin
394,Blackhawk Agency,Marketing / Digital Agencies,Growth Marketing,Austin,TX,50,$5M-$10M,Campaign optimization AI,$5K-$12K,Director of Technology,www.blackhawkagency.com,2,Growth-oriented; Austin-based,info@blackhawkagency.com,contact@blackhawkagency.com,(303) 893-0552,,pattern,,,[first].[last]@blackhawkagency.com; [f][last]@blackhawkagency.com; [first]@blackhawkagency.com; [first][last]@blackhawkagency.com,https://www.linkedin.com/search/results/people/?keywords=%22Director+of+Technology%22+%22Blackhawk+Agency%22,,,,,,,,https://www.google.com/search?q=Blackhawk+Agency+%22Director+of+Technology%22+site%3Alinkedin.com%2Fin
395,Clearscope,Marketing / Digital Agencies,SEO Content,Austin,TX,50,$5M-$10M,Content optimization AI,$5K-$12K,CTO,www.clearscope.io,3,AI SEO content platform,info@clearscope.io,contact@clearscope.io,(486) 238-6814,(486) 238-7746; (902) 239-0307,pattern,,,[first].[last]@clearscope.io; [f][last]@clearscope.io; [first]@clearscope.io; [first][last]@clearscope.io,https://www.linkedin.com/search/results/people/?keywords=%22CTO%22+%22Clearscope%22,https://www.linkedin.com/company/18083139/,,https://x.com/clearscope,,,,,https://www.google.com/search?q=Clearscope+%22CTO%22+site%3Alinkedin.com%2Fin
396,Media.Monks,Marketing / Digital Agencies,Digital Production,New York,NY,8000,$1B+,Content automation AI,$25K-$50K,Chief Technology Officer,www.media.monks.com,5,S4Capital subsidiary,info@media.monks.com,contact@media.monks.com,(976) 385-3097,(495) 114-6902; (024) 114-6902,pattern,,,[first].[last]@media.monks.com; [f][last]@media.monks.com; [first]@media.monks.com; [first][last]@media.monks.com,https://www.linkedin.com/search/results/people/?keywords=%22Chief+Technology+Officer%22+%22Media.Monks%22,https://www.linkedin.com/company/monks,,https://x.com/madebymonks_,,https://www.instagram.com/madebymonks/,,,https://www.google.com/search?q=Media.Monks+%22Chief+Technology+Officer%22+site%3Alinkedin.com%2Fin
397,Jellyfish,Marketing / Digital Agencies,Digital Marketing,Baltimore,MD,2000,$200M-$500M,Training/analytics AI,$10K-$25K,CTO,www.jellyfish.com,4,Google partner; training focus,info@jellyfish.com,contact@jellyfish.com,(177) 221-6010,,pattern,,,[first].[last]@jellyfish.com; [f][last]@jellyfish.com; [first]@jellyfish.com; [first][last]@jellyfish.com,https://www.linkedin.com/search/results/people/?keywords=%22CTO%22+%22Jellyfish%22,,,,,,,,https://www.google.com/search?q=Jellyfish+%22CTO%22+site%3Alinkedin.com%2Fin
398,Critical Mass,Marketing / Digital Agencies,Digital Experience,Calgary,AB,1000,$100M-$200M,UX personalization AI,$10K-$25K,VP of Technology,www.criticalmass.com,3,Experience design agency,newbusiness@criticalmass.com,pr@criticalmass.com,(772) 224-8645,(000) 003-6783; (053) 502-4853,scraped,,,[first].[last]@criticalmass.com; [f][last]@criticalmass.com; [first]@criticalmass.com; [first][last]@criticalmass.com,https://www.linkedin.com/search/results/people/?keywords=%22VP+of+Technology%22+%22Critical+Mass%22,https://www.linkedin.com/company/critical-mass,,,,http://instagram.com/criticalmassagency,,,https://www.google.com/search?q=Critical+Mass+%22VP+of+Technology%22+site%3Alinkedin.com%2Fin
399,Dept Agency,Marketing / Digital Agencies,Digital,Amsterdam,NL,4000,$500M-$1B,AI-powered marketing,$15K-$30K,Chief Technology Officer,www.deptagency.com,4,Global digital agency; US operations,info@deptagency.com,contact@deptagency.com,(112) 913-2123,(116) 632-2087; (088) 040-0888,pattern,,,[first].[last]@deptagency.com; [f][last]@deptagency.com; [first]@deptagency.com; [first][last]@deptagency.com,https://www.linkedin.com/search/results/people/?keywords=%22Chief+Technology+Officer%22+%22Dept+Agency%22,https://www.linkedin.com/company/deptagency/,https://www.linkedin.com/in/andrewdimitriou/; https://www.linkedin.com/in/fschmid/; https://www.linkedin.com/in/david-neal-99105448/,,,https://www.instagram.com/deptagency/,,,https://www.google.com/search?q=Dept+Agency+%22Chief+Technology+Officer%22+site%3Alinkedin.com%2Fin
400,Accenture Song,Marketing / Digital Agencies,Full-Service,New York,NY,40000,$5B+,Marketing AI suite,$40K-$50K,Chief Innovation Officer,www.accenture.com/song,5,Worlds largest digital agency,info@accenture.com,contact@accenture.com,(784) 289-9024,(749) 501-1983; (772) 142-7038,pattern,,,[first].[last]@accenture.com/song; [f][last]@accenture.com/song; [first]@accenture.com/song; [first][last]@accenture.com/song,https://www.linkedin.com/search/results/people/?keywords=%22Chief+Innovation+Officer%22+%22Accenture+Song%22,https://www.linkedin.com/company/accenture,https://www.linkedin.com/in/john-f-walsh/; http://www.linkedin.com/in/julie-sweet-165213b4/; https://www.linkedin.com/in/atsushi-egawa-4b819310a/,https://twitter.com/Accenture_US,https://www.facebook.com/AccentureUS,https://www.instagram.com/accentureus/,,,https://www.google.com/search?q=Accenture+Song+%22Chief+Innovation+Officer%22+site%3Alinkedin.com%2Fin
401,OnPoint Manufacturing,Manufacturing (SMB),Custom/On-Demand,Florence,AL,200,$10M-$25M,Quality control AI,$8K-$20K,VP of Operations,www.onpointmanufacturing.com,3,On-demand production,info@onpointmanufacturing.com,contact@onpointmanufacturing.com,,,pattern,,,[first].[last]@onpointmanufacturing.com; [f][last]@onpointmanufacturing.com; [first]@onpointmanufacturing.com; [first][last]@onpointmanufacturing.com,https://www.linkedin.com/search/results/people/?keywords=%22VP+of+Operations%22+%22OnPoint+Manufacturing%22,,,,,,,,https://www.google.com/search?q=OnPoint+Manufacturing+%22VP+of+Operations%22+site%3Alinkedin.com%2Fin
402,Suuchi Inc,Manufacturing (SMB),Tech-Driven Mfg,Carlstadt,NJ,300,$25M-$50M,Supply chain AI,$10K-$20K,CTO,www.suuchi.com,3,Design-to-delivery tech platform,info@suuchi.com,contact@suuchi.com,(176) 467-5132,(176) 467-5131; (176) 468-0657,pattern,,,[first].[last]@suuchi.com; [f][last]@suuchi.com; [first]@suuchi.com; [first][last]@suuchi.com,https://www.linkedin.com/search/results/people/?keywords=%22CTO%22+%22Suuchi+Inc%22,https://www.linkedin.com/company/suuchi/,https://www.linkedin.com/in/elizabeth-sessa-45b059155/,,,,,,https://www.google.com/search?q=Suuchi+Inc+%22CTO%22+site%3Alinkedin.com%2Fin
403,Protolabs,Manufacturing (SMB),Rapid Manufacturing,Maple Plain,MN,2800,$500M-$1B,Predictive maintenance AI,$15K-$30K,Chief Technology Officer,www.protolabs.com,4,Digital manufacturing leader,info@protolabs.com,contact@protolabs.com,(232) 686-2061,(081) 703-3871; (075) 619-6021,pattern,,,[first].[last]@protolabs.com; [f][last]@protolabs.com; [first]@protolabs.com; [first][last]@protolabs.com,https://www.linkedin.com/search/results/people/?keywords=%22Chief+Technology+Officer%22+%22Protolabs%22,https://www.linkedin.com/company/proto-labs/,,https://twitter.com/ProtoLabs,https://www.facebook.com/Protolabs/,https://www.instagram.com/protolabsmfg/,https://www.youtube.com/@ProtolabsMFG,,https://www.google.com/search?q=Protolabs+%22Chief+Technology+Officer%22+site%3Alinkedin.com%2Fin
404,Xometry,Manufacturing (SMB),On-Demand Mfg,North Bethesda,MD,1000,$500M-$1B,Estimating AI,$15K-$30K,CTO,www.xometry.com,4,AI-powered marketplace; NYSE,support@xometry.com,randy@xometry.com,(183) 050-9662,(073) 668-5422; (549) 339-0749,scraped,,,[first].[last]@xometry.com; [f][last]@xometry.com; [first]@xometry.com; [first][last]@xometry.com,https://www.linkedin.com/search/results/people/?keywords=%22CTO%22+%22Xometry%22,https://www.linkedin.com/company/xometry,,https://twitter.com/randy_alt,https://www.facebook.com/xometry/,https://www.instagram.com/xometryturkiye/,https://www.youtube.com/@XometryHQ,,https://www.google.com/search?q=Xometry+%22CTO%22+site%3Alinkedin.com%2Fin
405,Jabil,Manufacturing (SMB),Contract Manufacturing,St. Petersburg,FL,260000,$10B+,Quality control AI,$30K-$50K,Chief Digital Officer,www.jabil.com,5,Global contract manufacturer,info@jabil.com,contact@jabil.com,(362) 421-7077,(349) 579-0324; (371) 167-8259,pattern,,,[first].[last]@jabil.com; [f][last]@jabil.com; [first]@jabil.com; [first][last]@jabil.com,https://www.linkedin.com/search/results/people/?keywords=%22Chief+Digital+Officer%22+%22Jabil%22,https://www.linkedin.com/company/jabil,,https://twitter.com/Jabil,https://www.facebook.com/Jabil/,https://www.instagram.com/wearejabil/,,,https://www.google.com/search?q=Jabil+%22Chief+Digital+Officer%22+site%3Alinkedin.com%2Fin
406,Flex Ltd,Manufacturing (SMB),Contract Manufacturing,San Jose,CA,170000,$10B+,Supply chain AI,$30K-$50K,VP of Digital,www.flex.com,5,Global electronics manufacturer,info@flex.com,contact@flex.com,(322) 056-7174,(805) 636-0381; (439) 583-2937,pattern,,,[first].[last]@flex.com; [f][last]@flex.com; [first]@flex.com; [first][last]@flex.com,https://www.linkedin.com/search/results/people/?keywords=%22VP+of+Digital%22+%22Flex+Ltd%22,https://www.linkedin.com/company/flexintl/,,https://x.com/wp,https://www.facebook.com/FlexCorporate/,https://www.instagram.com/flexintl/,https://www.youtube.com/c/flexintl,,https://www.google.com/search?q=Flex+Ltd+%22VP+of+Digital%22+site%3Alinkedin.com%2Fin
407,Plexus Corp,Manufacturing (SMB),Contract Manufacturing,Neenah,WI,20000,$1B+,Predictive maintenance AI,$25K-$50K,CTO,www.plexus.com,4,Complex product manufacturing,roger.davidson@americaneagle.com,,(253) 764-9588,(575) 817-7240; (666) 987-8734,scraped,,,[first].[last]@plexus.com; [f][last]@plexus.com; [first]@plexus.com; [first][last]@plexus.com,https://www.linkedin.com/search/results/people/?keywords=%22CTO%22+%22Plexus+Corp%22,https://www.linkedin.com/company/plexus,,,https://www.facebook.com/PlexusCorp/,,,,https://www.google.com/search?q=Plexus+Corp+%22CTO%22+site%3Alinkedin.com%2Fin
408,CUI Global,Manufacturing (SMB),Power/Electro Mfg,Tualatin,OR,200,$25M-$50M,Quality control AI,$8K-$15K,VP of Engineering,www.cuiglobal.com,3,Power supply manufacturer,info@cuiglobal.com,contact@cuiglobal.com,(919) 592-9391,(911) 799-1082; (063) 834-4373,pattern,,,[first].[last]@cuiglobal.com; [f][last]@cuiglobal.com; [first]@cuiglobal.com; [first][last]@cuiglobal.com,https://www.linkedin.com/search/results/people/?keywords=%22VP+of+Engineering%22+%22CUI+Global%22,,,https://twitter.com/BARISTA99_slot,https://www.facebook.com/BARISTA99,https://www.instagram.com/BARISTA99_gacor,,,https://www.google.com/search?q=CUI+Global+%22VP+of+Engineering%22+site%3Alinkedin.com%2Fin
409,Marlin Steel,Manufacturing (SMB),Custom Metal,Baltimore,MD,50,$10M-$25M,Production scheduling AI,$5K-$15K,President,www.marlinwire.com,3,Custom metal forming,info@marlinwire.com,contact@marlinwire.com,,,pattern,,,[first].[last]@marlinwire.com; [f][last]@marlinwire.com; [first]@marlinwire.com; [first][last]@marlinwire.com,https://www.linkedin.com/search/results/people/?keywords=%22President%22+%22Marlin+Steel%22,,,,,,,,https://www.google.com/search?q=Marlin+Steel+%22President%22+site%3Alinkedin.com%2Fin
410,Superior Industries,Manufacturing (SMB),Aluminum Wheels,Southfield,MI,7000,$1B+,Quality inspection AI,$20K-$40K,Chief Technology Officer,www.supind.com,4,NYSE listed; auto supplier,info@supind.com,contact@supind.com,,,pattern,,,[first].[last]@supind.com; [f][last]@supind.com; [first]@supind.com; [first][last]@supind.com,https://www.linkedin.com/search/results/people/?keywords=%22Chief+Technology+Officer%22+%22Superior+Industries%22,https://www.linkedin.com/company/superior-industries,,,,,,,https://www.google.com/search?q=Superior+Industries+%22Chief+Technology+Officer%22+site%3Alinkedin.com%2Fin
411,Watts Water Technologies,Manufacturing (SMB),Water Products,North Andover,MA,4000,$1B+,Predictive maintenance AI,$20K-$35K,VP of Innovation,www.watts.com,4,NYSE listed; water management,info@watts.com,,(978) 689-6066,(639) 080-0038; (658) 646-5006,pattern,,,[first].[last]@watts.com; [f][last]@watts.com; [first]@watts.com; [first][last]@watts.com,https://www.linkedin.com/search/results/people/?keywords=%22VP+of+Innovation%22+%22Watts+Water+Technologies%22,https://www.linkedin.com/company/watts-water-technologies/,,https://twitter.com/wattsbrand,https://www.facebook.com/wattsbrand,https://www.instagram.com/wattswater/,,,https://www.google.com/search?q=Watts+Water+Technologies+%22VP+of+Innovation%22+site%3Alinkedin.com%2Fin
412,Chart Industries,Manufacturing (SMB),Industrial Equipment,Ball Ground,GA,11000,$1B+,Supply chain AI,$20K-$40K,CTO,www.chartindustries.com,4,NYSE listed; energy equipment,corpaccountspayable@chartindustries.com,inquiries.usa@howden.com,(770) 721-8800,(514) 262-3392; (110) 970-4482,scraped,,,[first].[last]@chartindustries.com; [f][last]@chartindustries.com; [first]@chartindustries.com; [first][last]@chartindustries.com,https://www.linkedin.com/search/results/people/?keywords=%22CTO%22+%22Chart+Industries%22,https://www.linkedin.com/company/27725,,https://twitter.com/Chartind,https://www.facebook.com/ChartInd,https://www.instagram.com/chart_industries/,,,https://www.google.com/search?q=Chart+Industries+%22CTO%22+site%3Alinkedin.com%2Fin
413,Thermon Group,Manufacturing (SMB),Process Heating,Austin,TX,3000,$500M-$1B,Predictive maintenance AI,$15K-$25K,Director of Technology,www.thermon.com,3,Industrial process heating,info@thermon.com,contact@thermon.com,,(771) 352-1017; (753) 421-1961,pattern,,,[first].[last]@thermon.com; [f][last]@thermon.com; [first]@thermon.com; [first][last]@thermon.com,https://www.linkedin.com/search/results/people/?keywords=%22Director+of+Technology%22+%22Thermon+Group%22,https://www.linkedin.com/company/thermon/,,,https://www.facebook.com/ThermonINC/,,https://www.youtube.com/@thermoninc,,https://www.google.com/search?q=Thermon+Group+%22Director+of+Technology%22+site%3Alinkedin.com%2Fin
414,EnPro Industries,Manufacturing (SMB),Seals/Coatings,Charlotte,NC,4000,$1B+,Quality control AI,$15K-$30K,VP of Innovation,www.enproindustries.com,4,NYSE listed; engineered products,info@enproindustries.com,contact@enproindustries.com,(241) 717-6891,,pattern,,,[first].[last]@enproindustries.com; [f][last]@enproindustries.com; [first]@enproindustries.com; [first][last]@enproindustries.com,https://www.linkedin.com/search/results/people/?keywords=%22VP+of+Innovation%22+%22EnPro+Industries%22,,,,,,,,https://www.google.com/search?q=EnPro+Industries+%22VP+of+Innovation%22+site%3Alinkedin.com%2Fin
415,Mueller Water Products,Manufacturing (SMB),Water Infrastructure,Atlanta,GA,3500,$1B+,Predictive maintenance AI,$15K-$30K,Chief Technology Officer,www.muellerwaterproducts.com,4,NYSE listed; water infrastructure,info@muellerwaterproducts.com,contact@muellerwaterproducts.com,(827) 157-6179,(800) 423-1323; (705) 719-9965,pattern,,,[first].[last]@muellerwaterproducts.com; [f][last]@muellerwaterproducts.com; [first]@muellerwaterproducts.com; [first][last]@muellerwaterproducts.com,https://www.linkedin.com/search/results/people/?keywords=%22Chief+Technology+Officer%22+%22Mueller+Water+Products%22,http://www.linkedin.com/company/mueller-water-products,,http://www.twitter.com/MuellerWaterPro,,,,,https://www.google.com/search?q=Mueller+Water+Products+%22Chief+Technology+Officer%22+site%3Alinkedin.com%2Fin
416,Roper Technologies,Manufacturing (SMB),Diversified Industrial,Sarasota,FL,16000,$5B+,Quality analytics AI,$25K-$50K,CTO,www.ropertech.com,5,S&P 500 industrial,info@ropertech.com,contact@ropertech.com,,,pattern,,,[first].[last]@ropertech.com; [f][last]@ropertech.com; [first]@ropertech.com; [first][last]@ropertech.com,https://www.linkedin.com/search/results/people/?keywords=%22CTO%22+%22Roper+Technologies%22,,,,,,,,https://www.google.com/search?q=Roper+Technologies+%22CTO%22+site%3Alinkedin.com%2Fin
417,Nordson Corporation,Manufacturing (SMB),Precision Dispensing,Westlake,OH,7500,$1B+,Production optimization AI,$20K-$35K,VP of Digital,www.nordson.com,4,NYSE listed; precision tech,info@nordson.com,contact@nordson.com,(639) 080-0038,(000) 317-3828; (028) 979-5468,pattern,,,[first].[last]@nordson.com; [f][last]@nordson.com; [first]@nordson.com; [first][last]@nordson.com,https://www.linkedin.com/search/results/people/?keywords=%22VP+of+Digital%22+%22Nordson+Corporation%22,https://www.linkedin.com/company/nordson-corporation/,,,https://www.facebook.com/nordson,,,,https://www.google.com/search?q=Nordson+Corporation+%22VP+of+Digital%22+site%3Alinkedin.com%2Fin
418,Haynes International,Manufacturing (SMB),Alloys,Kokomo,IN,2000,$500M-$1B,Quality control AI,$15K-$25K,Director of IT,www.haynesintl.com,3,High-performance alloys,info@haynesintl.com,contact@haynesintl.com,,,pattern,,,[first].[last]@haynesintl.com; [f][last]@haynesintl.com; [first]@haynesintl.com; [first][last]@haynesintl.com,https://www.linkedin.com/search/results/people/?keywords=%22Director+of+IT%22+%22Haynes+International%22,,,,,,,,https://www.google.com/search?q=Haynes+International+%22Director+of+IT%22+site%3Alinkedin.com%2Fin
419,NN Inc,Manufacturing (SMB),Precision Components,Charlotte,NC,3500,$500M-$1B,Predictive maintenance AI,$15K-$25K,VP of Technology,www.nninc.com,3,Precision manufacturing,info@nninc.com,contact@nninc.com,(216) 995-3449,(980) 264-4300,pattern,,,[first].[last]@nninc.com; [f][last]@nninc.com; [first]@nninc.com; [first][last]@nninc.com,https://www.linkedin.com/search/results/people/?keywords=%22VP+of+Technology%22+%22NN+Inc%22,,,,,,,,https://www.google.com/search?q=NN+Inc+%22VP+of+Technology%22+site%3Alinkedin.com%2Fin
420,Core Molding Technologies,Manufacturing (SMB),Composites,Columbus,OH,1500,$200M-$500M,Quality inspection AI,$10K-$20K,Director of Innovation,www.coremt.com,3,Composite manufacturing,info@coremt.com,contact@coremt.com,,,pattern,,,[first].[last]@coremt.com; [f][last]@coremt.com; [first]@coremt.com; [first][last]@coremt.com,https://www.linkedin.com/search/results/people/?keywords=%22Director+of+Innovation%22+%22Core+Molding+Technologies%22,,,,,,,,https://www.google.com/search?q=Core+Molding+Technologies+%22Director+of+Innovation%22+site%3Alinkedin.com%2Fin
421,MW Industries,Manufacturing (SMB),Springs/Fasteners,Rosemont,IL,3000,$500M-$1B,Supply chain AI,$10K-$25K,VP of Operations,www.mw-ind.com,3,Precision components,sales@mwcomponents.com,,(187) 885-1823,(162) 913-5394; (146) 210-4071,scraped,,,[first].[last]@mw-ind.com; [f][last]@mw-ind.com; [first]@mw-ind.com; [first][last]@mw-ind.com,https://www.linkedin.com/search/results/people/?keywords=%22VP+of+Operations%22+%22MW+Industries%22,https://www.linkedin.com/company/m-w-components/,,,https://www.facebook.com/MWComponents,,https://www.youtube.com/c/mw-ind,,https://www.google.com/search?q=MW+Industries+%22VP+of+Operations%22+site%3Alinkedin.com%2Fin
422,Jason Industries,Manufacturing (SMB),Industrial Components,Milwaukee,WI,2000,$200M-$500M,Production scheduling AI,$10K-$20K,Director of IT,www.jasoninc.com,3,Diversified industrial,info@jasoninc.com,contact@jasoninc.com,,,pattern,,,[first].[last]@jasoninc.com; [f][last]@jasoninc.com; [first]@jasoninc.com; [first][last]@jasoninc.com,https://www.linkedin.com/search/results/people/?keywords=%22Director+of+IT%22+%22Jason+Industries%22,,,,,,,,https://www.google.com/search?q=Jason+Industries+%22Director+of+IT%22+site%3Alinkedin.com%2Fin
423,Chase Industries,Manufacturing (SMB),Safety Products,Montville,OH,200,$25M-$50M,Quality control AI,$5K-$15K,VP of Operations,www.chaseindustries.com,2,Industrial safety products,info@chaseindustries.com,contact@chaseindustries.com,,,pattern,,,[first].[last]@chaseindustries.com; [f][last]@chaseindustries.com; [first]@chaseindustries.com; [first][last]@chaseindustries.com,https://www.linkedin.com/search/results/people/?keywords=%22VP+of+Operations%22+%22Chase+Industries%22,,,,,,,,https://www.google.com/search?q=Chase+Industries+%22VP+of+Operations%22+site%3Alinkedin.com%2Fin
424,Allied Products Corp,Manufacturing (SMB),Industrial Equipment,Chicago,IL,500,$50M-$100M,Predictive maintenance AI,$8K-$20K,Director of Technology,www.alliedproducts.com,3,Material handling equipment,info@alliedproducts.com,contact@alliedproducts.com,,,pattern,,,[first].[last]@alliedproducts.com; [f][last]@alliedproducts.com; [first]@alliedproducts.com; [first][last]@alliedproducts.com,https://www.linkedin.com/search/results/people/?keywords=%22Director+of+Technology%22+%22Allied+Products+Corp%22,,,,,,,,https://www.google.com/search?q=Allied+Products+Corp+%22Director+of+Technology%22+site%3Alinkedin.com%2Fin
425,Taylor Made Group,Manufacturing (SMB),Marine/Auto Glass,Gloversville,NY,500,$50M-$100M,Quality inspection AI,$8K-$15K,VP of Engineering,www.taylormadewindshields.com,3,Marine products manufacturer,info@taylormadewindshields.com,contact@taylormadewindshields.com,,,pattern,,,[first].[last]@taylormadewindshields.com; [f][last]@taylormadewindshields.com; [first]@taylormadewindshields.com; [first][last]@taylormadewindshields.com,https://www.linkedin.com/search/results/people/?keywords=%22VP+of+Engineering%22+%22Taylor+Made+Group%22,,,,,,,,https://www.google.com/search?q=Taylor+Made+Group+%22VP+of+Engineering%22+site%3Alinkedin.com%2Fin
426,Omega Protein,Manufacturing (SMB),Animal Nutrition,Houston,TX,800,$200M-$500M,Supply chain AI,$10K-$20K,Director of IT,www.omegaprotein.com,3,Fish oil/nutrition products,hq@omegaprotein.com,,(155) 121-9681,(179) 239-5202; (769) 101-5640,scraped,,,[first].[last]@omegaprotein.com; [f][last]@omegaprotein.com; [first]@omegaprotein.com; [first][last]@omegaprotein.com,https://www.linkedin.com/search/results/people/?keywords=%22Director+of+IT%22+%22Omega+Protein%22,https://www.linkedin.com/company/omega-protein-inc-/,,https://twitter.com/omegaprotein,https://www.facebook.com/OmegaProteinInc,,,,https://www.google.com/search?q=Omega+Protein+%22Director+of+IT%22+site%3Alinkedin.com%2Fin
427,Continental Building Products,Manufacturing (SMB),Building Materials,Herndon,VA,800,$200M-$500M,Production optimization AI,$10K-$20K,VP of Technology,www.continental-bp.com,3,Wallboard manufacturer,info@continental-bp.com,contact@continental-bp.com,,,pattern,,,[first].[last]@continental-bp.com; [f][last]@continental-bp.com; [first]@continental-bp.com; [first][last]@continental-bp.com,https://www.linkedin.com/search/results/people/?keywords=%22VP+of+Technology%22+%22Continental+Building+Products%22,,,,,,,,https://www.google.com/search?q=Continental+Building+Products+%22VP+of+Technology%22+site%3Alinkedin.com%2Fin
428,Boise Cascade,Manufacturing (SMB),Wood Products,Boise,ID,7000,$5B+,Supply chain AI,$20K-$40K,CTO,www.bc.com,4,NYSE listed; building products,info@bc.com,contact@bc.com,(166) 970-4218,(176) 899-9617; (166) 970-4199,pattern,,,[first].[last]@bc.com; [f][last]@bc.com; [first]@bc.com; [first][last]@bc.com,https://www.linkedin.com/search/results/people/?keywords=%22CTO%22+%22Boise+Cascade%22,https://www.linkedin.com/company/boise-cascade,,,https://www.facebook.com/BoiseCascadeCompany/,https://www.instagram.com/boisecascade/,,,https://www.google.com/search?q=Boise+Cascade+%22CTO%22+site%3Alinkedin.com%2Fin
429,GrafTech International,Manufacturing (SMB),Graphite Electrodes,Independence,OH,1500,$500M-$1B,Quality control AI,$10K-$25K,Director of Innovation,www.graftech.com,3,NYSE listed; graphite products,info@graftech.com,contact@graftech.com,(239) 261-8224,(241) 717-6891,pattern,,,[first].[last]@graftech.com; [f][last]@graftech.com; [first]@graftech.com; [first][last]@graftech.com,https://www.linkedin.com/search/results/people/?keywords=%22Director+of+Innovation%22+%22GrafTech+International%22,https://www.linkedin.com/company/graftech-international,,,,,,,https://www.google.com/search?q=GrafTech+International+%22Director+of+Innovation%22+site%3Alinkedin.com%2Fin
430,Insteel Industries,Manufacturing (SMB),Steel Wire,Mount Airy,NC,1000,$500M-$1B,Predictive maintenance AI,$10K-$20K,VP of Technology,www.insteel.com,3,NYSE listed; steel wire,info@insteel.com,contact@insteel.com,(241) 717-6891,,pattern,,,[first].[last]@insteel.com; [f][last]@insteel.com; [first]@insteel.com; [first][last]@insteel.com,https://www.linkedin.com/search/results/people/?keywords=%22VP+of+Technology%22+%22Insteel+Industries%22,,,,,,,,https://www.google.com/search?q=Insteel+Industries+%22VP+of+Technology%22+site%3Alinkedin.com%2Fin
431,American Axle,Manufacturing (SMB),Auto Components,Detroit,MI,20000,$5B+,Quality analytics AI,$25K-$50K,Chief Technology Officer,www.aam.com,5,NYSE listed; driveline components,investorrelations@aam.com,dataprotection.europe@aam.com; aftermarket@aam.com; aamhr@aam.com,(116) 032-1417,(877) 846-8912; (624) 275-7107,scraped,,,[first].[last]@aam.com; [f][last]@aam.com; [first]@aam.com; [first][last]@aam.com,https://www.linkedin.com/search/results/people/?keywords=%22Chief+Technology+Officer%22+%22American+Axle%22,https://www.linkedin.com/company/americanaxle,,https://x.com/dauchcorp,https://www.facebook.com/DauchCorpOfficial/,http://instagram.com/dauchcorpofficial,http://youtube.com/@dauchcorp,,https://www.google.com/search?q=American+Axle+%22Chief+Technology+Officer%22+site%3Alinkedin.com%2Fin
432,Modine Manufacturing,Manufacturing (SMB),Thermal Mgmt,Racine,WI,11000,$1B+,Predictive maintenance AI,$15K-$30K,VP of Innovation,www.modine.com,4,NYSE listed; thermal management,info@modine.com,contact@modine.com,(891) 544-2030,(710) 623-0054; (412) 173-1332,pattern,,,[first].[last]@modine.com; [f][last]@modine.com; [first]@modine.com; [first][last]@modine.com,https://www.linkedin.com/search/results/people/?keywords=%22VP+of+Innovation%22+%22Modine+Manufacturing%22,http://www.linkedin.com/company/modine-manufacturing-company,,,https://www.facebook.com/ModineMFG,https://www.instagram.com/modine262/,,,https://www.google.com/search?q=Modine+Manufacturing+%22VP+of+Innovation%22+site%3Alinkedin.com%2Fin
433,Clearwater Paper,Manufacturing (SMB),Paper Products,Spokane,WA,2000,$1B+,Production scheduling AI,$10K-$25K,Director of IT,www.clearwaterpaper.com,3,NYSE listed; consumer tissue,info@clearwaterpaper.com,contact@clearwaterpaper.com,(239) 261-8224,(509) 344-5900,pattern,,,[first].[last]@clearwaterpaper.com; [f][last]@clearwaterpaper.com; [first]@clearwaterpaper.com; [first][last]@clearwaterpaper.com,https://www.linkedin.com/search/results/people/?keywords=%22Director+of+IT%22+%22Clearwater+Paper%22,https://www.linkedin.com/company/clearwaterpaper/,,,https://www.facebook.com/clearwaterpapercorporation,https://www.instagram.com/clearwaterpapercorporation/,,,https://www.google.com/search?q=Clearwater+Paper+%22Director+of+IT%22+site%3Alinkedin.com%2Fin
434,Olympic Steel,Manufacturing (SMB),Metal Service,Cleveland,OH,3000,$1B+,Supply chain AI,$10K-$25K,VP of Technology,www.olysteel.com,3,NASDAQ; steel distribution,info@olysteel.com,contact@olysteel.com,,,pattern,,,[first].[last]@olysteel.com; [f][last]@olysteel.com; [first]@olysteel.com; [first][last]@olysteel.com,https://www.linkedin.com/search/results/people/?keywords=%22VP+of+Technology%22+%22Olympic+Steel%22,,,,,,,,https://www.google.com/search?q=Olympic+Steel+%22VP+of+Technology%22+site%3Alinkedin.com%2Fin
435,Kadant Inc,Manufacturing (SMB),Industrial Process,Westford,MA,3000,$500M-$1B,Predictive maintenance AI,$10K-$25K,CTO,www.kadant.com,3,NYSE listed; process equipment,info@kadant.com,contact@kadant.com,(177) 240-3585,(177) 240-3586,pattern,,,[first].[last]@kadant.com; [f][last]@kadant.com; [first]@kadant.com; [first][last]@kadant.com,https://www.linkedin.com/search/results/people/?keywords=%22CTO%22+%22Kadant+Inc%22,,,,,,,,https://www.google.com/search?q=Kadant+Inc+%22CTO%22+site%3Alinkedin.com%2Fin
436,Luxfer Holdings,Manufacturing (SMB),Gas Cylinders,Riverside,CA,1500,$200M-$500M,Quality control AI,$8K-$20K,Director of Innovation,www.luxfer.com,3,NYSE listed; specialty materials,investor.relations@luxfer.com,,(485) 452-2306,(641) 018-4135; (893) 815-9339,scraped,,,[first].[last]@luxfer.com; [f][last]@luxfer.com; [first]@luxfer.com; [first][last]@luxfer.com,https://www.linkedin.com/search/results/people/?keywords=%22Director+of+Innovation%22+%22Luxfer+Holdings%22,https://www.linkedin.com/company/luxfer-mel-technologies/,,https://twitter.com/LuxferMELTech,,,,,https://www.google.com/search?q=Luxfer+Holdings+%22Director+of+Innovation%22+site%3Alinkedin.com%2Fin
437,Franklin Electric,Manufacturing (SMB),Pumping Systems,Fort Wayne,IN,5000,$1B+,Predictive maintenance AI,$15K-$25K,VP of Technology,www.franklin-electric.com,4,NASDAQ; water/fuel systems,info@franklin-electric.com,contact@franklin-electric.com,(639) 077-5967,(639) 077-5966,pattern,,,[first].[last]@franklin-electric.com; [f][last]@franklin-electric.com; [first]@franklin-electric.com; [first][last]@franklin-electric.com,https://www.linkedin.com/search/results/people/?keywords=%22VP+of+Technology%22+%22Franklin+Electric%22,https://www.linkedin.com/company/franklin-electric/,,,,,,,https://www.google.com/search?q=Franklin+Electric+%22VP+of+Technology%22+site%3Alinkedin.com%2Fin
438,Lindsay Corporation,Manufacturing (SMB),Agriculture/Infra,Omaha,NE,1500,$500M-$1B,Smart agriculture AI,$10K-$25K,Director of Innovation,www.lindsay.com,3,NYSE listed; irrigation,info@lindsay.com,contact@lindsay.com,(981) 715-1063,(639) 032-2048; (402) 829-6800,pattern,,,[first].[last]@lindsay.com; [f][last]@lindsay.com; [first]@lindsay.com; [first][last]@lindsay.com,https://www.linkedin.com/search/results/people/?keywords=%22Director+of+Innovation%22+%22Lindsay+Corporation%22,https://www.linkedin.com/company/lindsay-corporation/,,,https://www.facebook.com/p/,https://www.instagram.com/lindsaycorporation/,,,https://www.google.com/search?q=Lindsay+Corporation+%22Director+of+Innovation%22+site%3Alinkedin.com%2Fin
439,Watts Water Technologies,Manufacturing (SMB),Plumbing/Flow,North Andover,MA,4000,$1B+,Quality analytics AI,$15K-$30K,Chief Technology Officer,www.watts.com,4,NYSE; water management products,info@watts.com,,(978) 689-6066,(639) 080-0038; (658) 646-5006,pattern,,,[first].[last]@watts.com; [f][last]@watts.com; [first]@watts.com; [first][last]@watts.com,https://www.linkedin.com/search/results/people/?keywords=%22Chief+Technology+Officer%22+%22Watts+Water+Technologies%22,https://www.linkedin.com/company/watts-water-technologies/,,https://twitter.com/wattsbrand,https://www.facebook.com/wattsbrand,https://www.instagram.com/wattswater/,,,https://www.google.com/search?q=Watts+Water+Technologies+%22Chief+Technology+Officer%22+site%3Alinkedin.com%2Fin
440,Haynes Wire Company,Manufacturing (SMB),Wire Products,Mountain Home,NC,100,$10M-$25M,Production optimization AI,$5K-$12K,VP of Operations,www.hayneswire.com,2,Specialty wire manufacturer,info@hayneswire.com,contact@hayneswire.com,,,pattern,,,[first].[last]@hayneswire.com; [f][last]@hayneswire.com; [first]@hayneswire.com; [first][last]@hayneswire.com,https://www.linkedin.com/search/results/people/?keywords=%22VP+of+Operations%22+%22Haynes+Wire+Company%22,,,,,,,,https://www.google.com/search?q=Haynes+Wire+Company+%22VP+of+Operations%22+site%3Alinkedin.com%2Fin
441,C.H. Robinson,Logistics / Freight / 3PL,Freight Brokerage,Eden Prairie,MN,15000,$10B+,Route optimization AI,$30K-$50K,Chief Technology Officer,www.chrobinson.com,5,Navisphere platform; largest broker,chuck.ives@chrobinson.com,chrobinson@padillaco.com,(800) 323-7587,(950) 143-1011; (952) 683-2508,scraped,,,[first].[last]@chrobinson.com; [f][last]@chrobinson.com; [first]@chrobinson.com; [first][last]@chrobinson.com,https://www.linkedin.com/search/results/people/?keywords=%22Chief+Technology+Officer%22+%22C.H.+Robinson%22,http://www.linkedin.com/company/c-h-robinson,,https://twitter.com/chrobinson,https://www.facebook.com/CHRobinsonInc/,,,,https://www.google.com/search?q=C.H.+Robinson+%22Chief+Technology+Officer%22+site%3Alinkedin.com%2Fin
442,XPO Logistics,Logistics / Freight / 3PL,3PL,Greenwich,CT,38000,$5B+,Shipment tracking AI,$25K-$50K,CTO,www.xpo.com,5,Last-mile + LTL leader,ltlccg@xpo.com,ltlvoes@xpo.com; trailerinfo@xpo.com,(800) 755-2728,(800) 367-5690; (800) 424-0253,scraped,,,[first].[last]@xpo.com; [f][last]@xpo.com; [first]@xpo.com; [first][last]@xpo.com,https://www.linkedin.com/search/results/people/?keywords=%22CTO%22+%22XPO+Logistics%22,http://www.linkedin.com/company/xpologistics,,https://twitter.com/XPOLogistics,https://www.facebook.com/xpologistics,,,,https://www.google.com/search?q=XPO+Logistics+%22CTO%22+site%3Alinkedin.com%2Fin
443,J.B. Hunt,Logistics / Freight / 3PL,Intermodal/3PL,Lowell,AR,35000,$10B+,Load matching AI,$25K-$50K,Chief Digital Officer,www.jbhunt.com,5,J.B. Hunt 360 platform,info@jbhunt.com,contact@jbhunt.com,(745) 513-5425,(762) 193-9600; (762) 193-9603,pattern,,,[first].[last]@jbhunt.com; [f][last]@jbhunt.com; [first]@jbhunt.com; [first][last]@jbhunt.com,https://www.linkedin.com/search/results/people/?keywords=%22Chief+Digital+Officer%22+%22J.B.+Hunt%22,https://www.linkedin.com/company/jb-hunt-transport-services-inc,,https://twitter.com/jbhunt360,https://www.facebook.com/jbhunttransport/,https://www.instagram.com/jbhunttransport/,https://www.youtube.com/channel/UCmEW8-aYb8KEhn7q2wDWF5w,,https://www.google.com/search?q=J.B.+Hunt+%22Chief+Digital+Officer%22+site%3Alinkedin.com%2Fin
444,Echo Global Logistics,Logistics / Freight / 3PL,Freight Brokerage,Chicago,IL,3000,$1B+,Route optimization AI,$15K-$30K,VP of Technology,www.echo.com,4,Multi-modal brokerage,info@echo.com,contact@echo.com,,,pattern,,,[first].[last]@echo.com; [f][last]@echo.com; [first]@echo.com; [first][last]@echo.com,https://www.linkedin.com/search/results/people/?keywords=%22VP+of+Technology%22+%22Echo+Global+Logistics%22,,,,,,,,https://www.google.com/search?q=Echo+Global+Logistics+%22VP+of+Technology%22+site%3Alinkedin.com%2Fin
445,TQL (Total Quality Logistics),Logistics / Freight / 3PL,Freight Brokerage,Cincinnati,OH,8000,$5B+,Load matching AI,$20K-$40K,CTO,www.tql.com,5,Largest privately held broker,info@tql.com,contact@tql.com,,,pattern,,,[first].[last]@tql.com; [f][last]@tql.com; [first]@tql.com; [first][last]@tql.com,https://www.linkedin.com/search/results/people/?keywords=%22CTO%22+%22TQL+%28Total+Quality+Logistics%29%22,,,,,,,,https://www.google.com/search?q=TQL+%28Total+Quality+Logistics%29+%22CTO%22+site%3Alinkedin.com%2Fin
446,Worldwide Express (WWEX),Logistics / Freight / 3PL,Freight Brokerage,Dallas,TX,4000,$1B+,Shipment tracking AI,$15K-$30K,Chief Technology Officer,www.wwex.com,4,92K+ SMB customers,info@wwex.com,,(800) 758-7447,(666) 666-6666; (172) 973-9001,pattern,,,[first].[last]@wwex.com; [f][last]@wwex.com; [first]@wwex.com; [first][last]@wwex.com,https://www.linkedin.com/search/results/people/?keywords=%22Chief+Technology+Officer%22+%22Worldwide+Express+%28WWEX%29%22,https://www.linkedin.com/company/worldwide-express,,https://x.com/wp,https://www.facebook.com/WorldwideExpress,https://www.instagram.com/worldwideexpress/,,,https://www.google.com/search?q=Worldwide+Express+%28WWEX%29+%22Chief+Technology+Officer%22+site%3Alinkedin.com%2Fin
447,Expeditors International,Logistics / Freight / 3PL,Freight Forwarding,Seattle,WA,18000,$5B+,Demand forecasting AI,$25K-$50K,VP of Innovation,www.expeditors.com,5,Non-asset-based; global reach,info@expeditors.com,contact@expeditors.com,(332) 324-4557,(312) 784-5591; (331) 135-7979,pattern,,,[first].[last]@expeditors.com; [f][last]@expeditors.com; [first]@expeditors.com; [first][last]@expeditors.com,https://www.linkedin.com/search/results/people/?keywords=%22VP+of+Innovation%22+%22Expeditors+International%22,https://www.linkedin.com/company/expeditors,,https://twitter.com/EXPD_Official,https://www.facebook.com/expeditorsglobal,https://instagram.com/EXPD_Official,https://www.youtube.com/channel/UCfE8Aj5mScioVpE2nOBp6tg,,https://www.google.com/search?q=Expeditors+International+%22VP+of+Innovation%22+site%3Alinkedin.com%2Fin
448,DHL Supply Chain NA,Logistics / Freight / 3PL,3PL,Westerville,OH,50000,$10B+,Warehouse automation AI,$30K-$50K,CTO,www.dhl.com,5,Gartner Leader 10 yrs running,info@dhl.com,contact@dhl.com,,,pattern,,,[first].[last]@dhl.com; [f][last]@dhl.com; [first]@dhl.com; [first][last]@dhl.com,https://www.linkedin.com/search/results/people/?keywords=%22CTO%22+%22DHL+Supply+Chain+NA%22,,,,,,,,https://www.google.com/search?q=DHL+Supply+Chain+NA+%22CTO%22+site%3Alinkedin.com%2Fin
449,UPS Supply Chain Solutions,Logistics / Freight / 3PL,3PL,Atlanta,GA,500000,$50B+,Route optimization AI,$40K-$50K,Chief Digital Officer,www.ups.com/supplychain,5,End-to-end solutions,info@ups.com,contact@ups.com,,,pattern,,,[first].[last]@ups.com/supplychain; [f][last]@ups.com/supplychain; [first]@ups.com/supplychain; [first][last]@ups.com/supplychain,https://www.linkedin.com/search/results/people/?keywords=%22Chief+Digital+Officer%22+%22UPS+Supply+Chain+Solutions%22,,,,,,,,https://www.google.com/search?q=UPS+Supply+Chain+Solutions+%22Chief+Digital+Officer%22+site%3Alinkedin.com%2Fin
450,FedEx Logistics,Logistics / Freight / 3PL,3PL,Memphis,TN,500000,$50B+,Shipment prediction AI,$40K-$50K,VP of Innovation,www.fedex.com/logistics,5,Global logistics platform,info@fedex.com,contact@fedex.com,(177) 240-3593,(800) 463-3339; (177) 240-3594,pattern,,,[first].[last]@fedex.com/logistics; [f][last]@fedex.com/logistics; [first]@fedex.com/logistics; [first][last]@fedex.com/logistics,https://www.linkedin.com/search/results/people/?keywords=%22VP+of+Innovation%22+%22FedEx+Logistics%22,,,,,,,,https://www.google.com/search?q=FedEx+Logistics+%22VP+of+Innovation%22+site%3Alinkedin.com%2Fin
451,Ryder System,Logistics / Freight / 3PL,3PL/Fleet,Miami,FL,36000,$5B+,Fleet analytics AI,$25K-$50K,Chief Technology Officer,www.ryder.com,5,NYSE; fleet management + 3PL,now@ryder.com,rvsnow@ryder.com; careers@ryder.com; ryderforinvestors@ryder.com,(213) 621-2041,(246) 559-4365; (177) 240-3595,scraped,,,[first].[last]@ryder.com; [f][last]@ryder.com; [first]@ryder.com; [first][last]@ryder.com,https://www.linkedin.com/search/results/people/?keywords=%22Chief+Technology+Officer%22+%22Ryder+System%22,https://www.linkedin.com/company/ryder-system-inc/,,,http://www.facebook.com/RyderSystemInc,https://www.instagram.com/rydersystem/,,,https://www.google.com/search?q=Ryder+System+%22Chief+Technology+Officer%22+site%3Alinkedin.com%2Fin
452,Kenco Group,Logistics / Freight / 3PL,3PL,Chattanooga,TN,5000,$500M-$1B,Warehouse automation AI,$15K-$30K,CTO,www.kencogroup.com,4,75+ years; employee-owned,recruiting@kencogroup.com,procurement@kencogroup.com; accountspayable@kencogroup.com; carriers@kencogroup.com,(000) 000-0029,(114) 929-5598; (771) 259-2349,scraped,,,[first].[last]@kencogroup.com; [f][last]@kencogroup.com; [first]@kencogroup.com; [first][last]@kencogroup.com,https://www.linkedin.com/search/results/people/?keywords=%22CTO%22+%22Kenco+Group%22,https://www.linkedin.com/company/kenco-group,,,https://www.facebook.com/kencogroup/,,,,https://www.google.com/search?q=Kenco+Group+%22CTO%22+site%3Alinkedin.com%2Fin
453,NFI Industries,Logistics / Freight / 3PL,3PL,Camden,NJ,15000,$1B+,Route optimization AI,$20K-$40K,VP of Technology,www.nfiindustries.com,4,Family-owned since 1932,info@nfiindustries.com,contact@nfiindustries.com,(177) 240-3593,(177) 240-3594,pattern,,,[first].[last]@nfiindustries.com; [f][last]@nfiindustries.com; [first]@nfiindustries.com; [first][last]@nfiindustries.com,https://www.linkedin.com/search/results/people/?keywords=%22VP+of+Technology%22+%22NFI+Industries%22,,,,,,,,https://www.google.com/search?q=NFI+Industries+%22VP+of+Technology%22+site%3Alinkedin.com%2Fin
454,Saddle Creek Logistics,Logistics / Freight / 3PL,3PL,Lakeland,FL,3000,$500M-$1B,Demand forecasting AI,$10K-$25K,Director of Innovation,www.sclogistics.com,3,Omnichannel fulfillment,sales@sclogistics.com,driverrecruitingdepartment@sclogistics.com; dotdriververificationsonly@sclogistics.com; benefitsopenenrollment@sclogistics.com,(888) 878-1177,(863) 665-0966; (866) 668-0966,scraped,,,[first].[last]@sclogistics.com; [f][last]@sclogistics.com; [first]@sclogistics.com; [first][last]@sclogistics.com,https://www.linkedin.com/search/results/people/?keywords=%22Director+of+Innovation%22+%22Saddle+Creek+Logistics%22,https://www.linkedin.com/company/saddle-creek-logistics-services/,,https://x.com/saddlecreeklog,https://www.facebook.com/SaddleCreekLogisticsServices/,https://www.instagram.com/sclogistics/,,,https://www.google.com/search?q=Saddle+Creek+Logistics+%22Director+of+Innovation%22+site%3Alinkedin.com%2Fin
455,Werner Enterprises,Logistics / Freight / 3PL,Trucking/3PL,Omaha,NE,13000,$1B+,Route optimization AI,$15K-$30K,Chief Technology Officer,www.werner.com,4,NASDAQ listed; full truckload,werner@werner.com,,(800) 228-2240,(177) 215-8586; (824) 927-5514,scraped,,,[first].[last]@werner.com; [f][last]@werner.com; [first]@werner.com; [first][last]@werner.com,https://www.linkedin.com/search/results/people/?keywords=%22Chief+Technology+Officer%22+%22Werner+Enterprises%22,https://www.linkedin.com/company/werner-enterprises/,,https://twitter.com/one_Werner,https://www.facebook.com/WernerEnterprisesInc/,https://www.instagram.com/one_werner/,,,https://www.google.com/search?q=Werner+Enterprises+%22Chief+Technology+Officer%22+site%3Alinkedin.com%2Fin
456,Schneider National,Logistics / Freight / 3PL,Trucking/3PL,Green Bay,WI,15000,$5B+,Load matching AI,$20K-$40K,CTO,www.schneider.com,5,NYSE listed; intermodal leader,slcyedi@schneider.com,u003eslcyedi@schneider.com; stuelpnerb@schneider.com; u003estuelpnerb@schneider.com,(692) 803-7383,(230) 769-2307; (166) 666-6666,scraped,,,[first].[last]@schneider.com; [f][last]@schneider.com; [first]@schneider.com; [first][last]@schneider.com,https://www.linkedin.com/search/results/people/?keywords=%22CTO%22+%22Schneider+National%22,https://www.linkedin.com/company/165873,,https://x.com/weareschneider,https://www.facebook.com/WeAreSchneider,,https://www.youtube.com/channel/UC2MsWN0xxk63RheB5LITB9A,,https://www.google.com/search?q=Schneider+National+%22CTO%22+site%3Alinkedin.com%2Fin
457,Coyote Logistics,Logistics / Freight / 3PL,Freight Brokerage,Chicago,IL,3000,$1B+,Carrier matching AI,$15K-$25K,VP of Technology,www.coyote.com,4,UPS subsidiary,homedeliveryhelp@rxo.com,workday@rxo.com; freightbrokerage@rxo.com; globalrates@rxo.com,(177) 238-0580,(177) 238-0585; (616) 830-4432,scraped,,,[first].[last]@coyote.com; [f][last]@coyote.com; [first]@coyote.com; [first][last]@coyote.com,https://www.linkedin.com/search/results/people/?keywords=%22VP+of+Technology%22+%22Coyote+Logistics%22,https://www.linkedin.com/company/rxo/,,https://twitter.com/rxoinc,https://www.facebook.com/rxoincorporated/,https://www.instagram.com/rxo.inc,https://www.youtube.com/channel/UCt3-Uh0C0Mw2CmXwEw4T3DA,,https://www.google.com/search?q=Coyote+Logistics+%22VP+of+Technology%22+site%3Alinkedin.com%2Fin
458,GlobalTranz,Logistics / Freight / 3PL,Freight Brokerage,Scottsdale,AZ,2000,$1B+,Shipment tracking AI,$10K-$25K,CTO,www.globaltranz.com,3,Tech-enabled brokerage,techsolutions@globaltranz.com,,(333) 333-3333,(170) 844-7372; (633) 333-3333,scraped,,,[first].[last]@globaltranz.com; [f][last]@globaltranz.com; [first]@globaltranz.com; [first][last]@globaltranz.com,https://www.linkedin.com/search/results/people/?keywords=%22CTO%22+%22GlobalTranz%22,https://www.linkedin.com/company/globaltranz,,https://x.com/sites/,https://www.facebook.com/globaltranz/,,,,https://www.google.com/search?q=GlobalTranz+%22CTO%22+site%3Alinkedin.com%2Fin
459,Transplace (Uber Freight),Logistics / Freight / 3PL,Managed Transportation,Frisco,TX,3000,$1B+,Route optimization AI,$15K-$30K,Chief Technology Officer,www.uberfreight.com,4,Now part of Uber Freight,uberfreightcard@uber.com,freightnoa@uber.com; autonomous-uf@uber.com,(757) 599-5856,(025) 514-4561; (249) 234-8518,scraped,,,[first].[last]@uberfreight.com; [f][last]@uberfreight.com; [first]@uberfreight.com; [first][last]@uberfreight.com,https://www.linkedin.com/search/results/people/?keywords=%22Chief+Technology+Officer%22+%22Transplace+%28Uber+Freight%29%22,https://www.linkedin.com/company/uber-freight,,https://x.com/uberfreight/,https://www.facebook.com/UberFreight,https://www.instagram.com/uberfreight/,https://www.youtube.com/@UberFreight,,https://www.google.com/search?q=Transplace+%28Uber+Freight%29+%22Chief+Technology+Officer%22+site%3Alinkedin.com%2Fin
460,ShipBob,Logistics / Freight / 3PL,eComm Fulfillment,Chicago,IL,1500,$200M-$500M,Inventory forecasting AI,$10K-$25K,CTO,www.shipbob.com,4,DTC fulfillment leader,info@shipbob.com,contact@shipbob.com,,(666) 666-6667; (333) 333-3333,pattern,,,[first].[last]@shipbob.com; [f][last]@shipbob.com; [first]@shipbob.com; [first][last]@shipbob.com,https://www.linkedin.com/search/results/people/?keywords=%22CTO%22+%22ShipBob%22,https://www.linkedin.com/company/shipbob-inc-,,https://x.com/ShipBob,https://www.facebook.com/LoveShipBob/,https://www.instagram.com/shipbob/,https://www.youtube.com/channel/UCyKm9fpP6V9ns84rVClCvMw,,https://www.google.com/search?q=ShipBob+%22CTO%22+site%3Alinkedin.com%2Fin
461,Flexport,Logistics / Freight / 3PL,Digital Freight,San Francisco,CA,3000,$500M-$1B,Supply chain AI,$15K-$30K,Chief Technology Officer,www.flexport.com,4,AI-first freight forwarder,info@flexport.com,contact@flexport.com,(803) 136-3238,(541) 666-6667; (083) 333-3333,pattern,,,[first].[last]@flexport.com; [f][last]@flexport.com; [first]@flexport.com; [first][last]@flexport.com,https://www.linkedin.com/search/results/people/?keywords=%22Chief+Technology+Officer%22+%22Flexport%22,https://www.linkedin.com/company/flexport/,,https://twitter.com/flexport,https://facebook.com/flexport,,,,https://www.google.com/search?q=Flexport+%22Chief+Technology+Officer%22+site%3Alinkedin.com%2Fin
462,Arrive Logistics,Logistics / Freight / 3PL,Freight Brokerage,Austin,TX,1500,$1B+,Carrier matching AI,$10K-$25K,VP of Technology,www.arrivelogistics.com,3,Fast-growing brokerage,feedback@arrivelogistics.com,nicolep@nextpr.com; support@wageverify.com,(177) 161-6559,(177) 154-4859; (177) 154-4860,scraped,,,[first].[last]@arrivelogistics.com; [f][last]@arrivelogistics.com; [first]@arrivelogistics.com; [first][last]@arrivelogistics.com,https://www.linkedin.com/search/results/people/?keywords=%22VP+of+Technology%22+%22Arrive+Logistics%22,https://www.linkedin.com/company/arrive-logistics,,,https://www.facebook.com/ArriveWithUs,https://www.instagram.com/arrivelogistics/,,,https://www.google.com/search?q=Arrive+Logistics+%22VP+of+Technology%22+site%3Alinkedin.com%2Fin
463,Redwood Logistics,Logistics / Freight / 3PL,Managed Freight,Chicago,IL,800,$200M-$500M,Integration AI,$8K-$20K,CTO,www.redwoodlogistics.com,3,Platform-based 3PL,inquire@redwoodlogistics.com,,(945) 460-3908,(772) 222-3669; (945) 454-4771,scraped,,,[first].[last]@redwoodlogistics.com; [f][last]@redwoodlogistics.com; [first]@redwoodlogistics.com; [first][last]@redwoodlogistics.com,https://www.linkedin.com/search/results/people/?keywords=%22CTO%22+%22Redwood+Logistics%22,https://www.linkedin.com/company/redwood-logistics,,https://twitter.com/redwoodlgistics,https://www.facebook.com/RedwoodLogistics,https://www.instagram.com/redwoodlogistics,https://youtube.com/@redwoodlogistics3398,,https://www.google.com/search?q=Redwood+Logistics+%22CTO%22+site%3Alinkedin.com%2Fin
464,BNSF Logistics,Logistics / Freight / 3PL,Rail/Intermodal,Springdale,AR,2000,$500M-$1B,Shipment tracking AI,$15K-$25K,VP of Technology,www.bnsflogistics.com,3,BNSF Railway subsidiary,supplierservices@bnsflogistics.com,,(171) 089-9959,(171) 089-9960; (172) 358-7377,scraped,,,[first].[last]@bnsflogistics.com; [f][last]@bnsflogistics.com; [first]@bnsflogistics.com; [first][last]@bnsflogistics.com,https://www.linkedin.com/search/results/people/?keywords=%22VP+of+Technology%22+%22BNSF+Logistics%22,https://www.linkedin.com/company/bnsflogistics/,,https://twitter.com/BNSFLCareers,https://www.facebook.com/bnsflogistics,,,,https://www.google.com/search?q=BNSF+Logistics+%22VP+of+Technology%22+site%3Alinkedin.com%2Fin
465,Penske Logistics,Logistics / Freight / 3PL,3PL,Reading,PA,37000,$5B+,Fleet analytics AI,$25K-$50K,Chief Technology Officer,www.penskelogistics.com,5,Full-service logistics,info@penskelogistics.com,contact@penskelogistics.com,(200) 167-0900,(023) 886-4390; (333) 333-3333,pattern,,,[first].[last]@penskelogistics.com; [f][last]@penskelogistics.com; [first]@penskelogistics.com; [first][last]@penskelogistics.com,https://www.linkedin.com/search/results/people/?keywords=%22Chief+Technology+Officer%22+%22Penske+Logistics%22,https://www.linkedin.com/company/penske-logistics,,https://twitter.com/PenskeLogistics,https://www.facebook.com/penske,https://www.instagram.com/pensketruck/,,,https://www.google.com/search?q=Penske+Logistics+%22Chief+Technology+Officer%22+site%3Alinkedin.com%2Fin
466,GXO Logistics,Logistics / Freight / 3PL,Contract Logistics,Greenwich,CT,120000,$5B+,Warehouse robotics AI,$30K-$50K,CTO,www.gxo.com,5,Largest pure-play contract logistics,info@gxo.com,contact@gxo.com,,,pattern,,,[first].[last]@gxo.com; [f][last]@gxo.com; [first]@gxo.com; [first][last]@gxo.com,https://www.linkedin.com/search/results/people/?keywords=%22CTO%22+%22GXO+Logistics%22,https://www.linkedin.com/company/gxologistics/,,https://twitter.com/GXOLogistics,https://www.facebook.com/gxologistics/,https://www.instagram.com/gxologistics/,,,https://www.google.com/search?q=GXO+Logistics+%22CTO%22+site%3Alinkedin.com%2Fin
467,R+L Carriers,Logistics / Freight / 3PL,LTL,Wilmington,OH,15000,$1B+,Route optimization AI,$15K-$30K,VP of Technology,www.rlcarriers.com,4,National LTL carrier,info@rlcarriers.com,contact@rlcarriers.com,(639) 032-2377,(638) 927-6600; (800) 543-5589,pattern,,,[first].[last]@rlcarriers.com; [f][last]@rlcarriers.com; [first]@rlcarriers.com; [first][last]@rlcarriers.com,https://www.linkedin.com/search/results/people/?keywords=%22VP+of+Technology%22+%22R%2BL+Carriers%22,,,https://www.twitter.com/rlcarriers,https://www.facebook.com/rlcarriers,https://instagram.com/rlcarriers,,,https://www.google.com/search?q=R%2BL+Carriers+%22VP+of+Technology%22+site%3Alinkedin.com%2Fin
468,SEKO Logistics,Logistics / Freight / 3PL,Omnichannel,Itasca,IL,2000,$500M-$1B,Demand forecasting AI,$10K-$25K,Director of Innovation,www.sekologistics.com,3,Global omnichannel logistics,info@sekologistics.com,contact@sekologistics.com,(176) 300-5074,(468) 704-2270; (458) 402-9303,pattern,,,[first].[last]@sekologistics.com; [f][last]@sekologistics.com; [first]@sekologistics.com; [first][last]@sekologistics.com,https://www.linkedin.com/search/results/people/?keywords=%22Director+of+Innovation%22+%22SEKO+Logistics%22,https://www.linkedin.com/company/seko-logistics/,,https://x.com/SEKO_Logistics,https://www.facebook.com/SEKOLogistics/,https://www.instagram.com/seko_logistics/,https://www.youtube.com/@Sekologisticschannel,,https://www.google.com/search?q=SEKO+Logistics+%22Director+of+Innovation%22+site%3Alinkedin.com%2Fin
469,Radial (bpost),Logistics / Freight / 3PL,eComm Fulfillment,King of Prussia,PA,5000,$500M-$1B,Order processing AI,$10K-$25K,CTO,www.radial.com,3,eCommerce fulfillment,you@company.com,,(745) 336-1158,(555) 000-0000,scraped,,,[first].[last]@radial.com; [f][last]@radial.com; [first]@radial.com; [first][last]@radial.com,https://www.linkedin.com/search/results/people/?keywords=%22CTO%22+%22Radial+%28bpost%29%22,https://www.linkedin.com/company/radial-inc/,,https://x.com/radialcorp,https://www.facebook.com/RadialCorp/,,,,https://www.google.com/search?q=Radial+%28bpost%29+%22CTO%22+site%3Alinkedin.com%2Fin
470,Port Logistics Group,Logistics / Freight / 3PL,Last-Mile,Kearny,NJ,1500,$200M-$500M,Route optimization AI,$8K-$20K,Director of Technology,www.portlogisticsgroup.com,3,Last-mile delivery,info@portlogisticsgroup.com,contact@portlogisticsgroup.com,,,pattern,,,[first].[last]@portlogisticsgroup.com; [f][last]@portlogisticsgroup.com; [first]@portlogisticsgroup.com; [first][last]@portlogisticsgroup.com,https://www.linkedin.com/search/results/people/?keywords=%22Director+of+Technology%22+%22Port+Logistics+Group%22,,,,,,,,https://www.google.com/search?q=Port+Logistics+Group+%22Director+of+Technology%22+site%3Alinkedin.com%2Fin
471,OHL (Geodis),Logistics / Freight / 3PL,3PL,Brentwood,TN,3000,$500M-$1B,Warehouse automation AI,$10K-$25K,VP of Technology,www.geodis.com,3,Now Geodis Americas,info@geodis.com,contact@geodis.com,(139) 839-0005,(289) 079-1576,pattern,,,[first].[last]@geodis.com; [f][last]@geodis.com; [first]@geodis.com; [first][last]@geodis.com,https://www.linkedin.com/search/results/people/?keywords=%22VP+of+Technology%22+%22OHL+%28Geodis%29%22,https://www.linkedin.com/company/geodis/,,https://twitter.com/geodis_group,,https://www.instagram.com/geodisgroup/,,,https://www.google.com/search?q=OHL+%28Geodis%29+%22VP+of+Technology%22+site%3Alinkedin.com%2Fin
472,Pilot Freight Services,Logistics / Freight / 3PL,Last-Mile,Lima,PA,2000,$500M-$1B,Delivery scheduling AI,$10K-$20K,CTO,www.pilotdelivers.com,3,White-glove last-mile,info@pilotdelivers.com,contact@pilotdelivers.com,,,pattern,,,[first].[last]@pilotdelivers.com; [f][last]@pilotdelivers.com; [first]@pilotdelivers.com; [first][last]@pilotdelivers.com,https://www.linkedin.com/search/results/people/?keywords=%22CTO%22+%22Pilot+Freight+Services%22,,,,,,,,https://www.google.com/search?q=Pilot+Freight+Services+%22CTO%22+site%3Alinkedin.com%2Fin
473,ShipStation,Logistics / Freight / 3PL,Shipping Software,Austin,TX,500,$100M-$200M,Order processing AI,$8K-$20K,Chief Technology Officer,www.shipstation.com,3,Auctane subsidiary,info@shipstation.com,contact@shipstation.com,,,pattern,,,[first].[last]@shipstation.com; [f][last]@shipstation.com; [first]@shipstation.com; [first][last]@shipstation.com,https://www.linkedin.com/search/results/people/?keywords=%22Chief+Technology+Officer%22+%22ShipStation%22,,,,,,,,https://www.google.com/search?q=ShipStation+%22Chief+Technology+Officer%22+site%3Alinkedin.com%2Fin
474,Convoy,Logistics / Freight / 3PL,Digital Freight,Seattle,WA,300,$100M-$200M,AI carrier matching,$8K-$20K,CTO,www.convoy.com,3,AI-first freight platform,info@convoy.com,contact@convoy.com,(220) 101-8345,(429) 280-9202; (641) 361-2358,pattern,,,[first].[last]@convoy.com; [f][last]@convoy.com; [first]@convoy.com; [first][last]@convoy.com,https://www.linkedin.com/search/results/people/?keywords=%22CTO%22+%22Convoy%22,http://www.linkedin.com/company/convoy-greypoint-inc-,,https://x.com/convoyteam,http://www.facebook.com/convoyteam,https://www.instagram.com/convoyteam/,https://www.youtube.com/channel/UCr_mapkE-svEOlzDfUFGHYg,,https://www.google.com/search?q=Convoy+%22CTO%22+site%3Alinkedin.com%2Fin
475,FreightPOP,Logistics / Freight / 3PL,TMS Software,Manhattan Beach,CA,100,$10M-$25M,Shipping optimization AI,$5K-$15K,Director of Product,www.freightpop.com,2,Multi-carrier TMS,support@freightpop.com,,(725) 637-7409,(771) 614-0842; (725) 641-9409,scraped,,,[first].[last]@freightpop.com; [f][last]@freightpop.com; [first]@freightpop.com; [first][last]@freightpop.com,https://www.linkedin.com/search/results/people/?keywords=%22Director+of+Product%22+%22FreightPOP%22,https://www.linkedin.com/company/freightpop/,,https://twitter.com/freightpop,,,https://www.youtube.com/@FreightPOP,,https://www.google.com/search?q=FreightPOP+%22Director+of+Product%22+site%3Alinkedin.com%2Fin
476,Loadsmart,Logistics / Freight / 3PL,Digital Freight,New York,NY,300,$50M-$100M,AI pricing engine,$8K-$15K,CTO,www.loadsmart.com,3,AI-powered freight,carrier@loadsmart.com,sales@loadsmart.com,(954) 475-3865,(646) 887-6278; (646) 887-6278,scraped,,,[first].[last]@loadsmart.com; [f][last]@loadsmart.com; [first]@loadsmart.com; [first][last]@loadsmart.com,https://www.linkedin.com/search/results/people/?keywords=%22CTO%22+%22Loadsmart%22,https://www.linkedin.com/company/loadsmart,,https://twitter.com/LoadSmartUS/,https://www.facebook.com/loadsmartUS,https://www.instagram.com/loadsmart,https://www.youtube.com/channel/UCN-pkKcoMargmyL0Br3-H5w,,https://www.google.com/search?q=Loadsmart+%22CTO%22+site%3Alinkedin.com%2Fin
477,project44,Logistics / Freight / 3PL,Visibility Platform,Chicago,IL,1000,$100M-$200M,Shipment tracking AI,$10K-$25K,Chief Technology Officer,www.project44.com,4,Supply chain visibility,info@project44.com,contact@project44.com,(684) 266-2164,(168) 690-1127; (168) 693-1192,pattern,,,[first].[last]@project44.com; [f][last]@project44.com; [first]@project44.com; [first][last]@project44.com,https://www.linkedin.com/search/results/people/?keywords=%22Chief+Technology+Officer%22+%22project44%22,https://www.linkedin.com/company/project-44,,https://x.com/freightpipes,https://www.facebook.com/project44Visibility,https://www.instagram.com/project44global,https://www.youtube.com/channel/UCuV2GnLYcZ2-0DwfdSkYbuw,,https://www.google.com/search?q=project44+%22Chief+Technology+Officer%22+site%3Alinkedin.com%2Fin
478,FourKites,Logistics / Freight / 3PL,Visibility Platform,Chicago,IL,700,$100M-$200M,Predictive tracking AI,$10K-$25K,CTO,www.fourkites.com,4,Real-time visibility,info@fourkites.com,contact@fourkites.com,(177) 182-7915,(177) 182-7916,pattern,,,[first].[last]@fourkites.com; [f][last]@fourkites.com; [first]@fourkites.com; [first][last]@fourkites.com,https://www.linkedin.com/search/results/people/?keywords=%22CTO%22+%22FourKites%22,https://www.linkedin.com/company/fourkites-inc/,,https://x.com/FourKites,https://www.facebook.com/FourKites/,,https://www.youtube.com/channel/UCa4TqhcFRi8HZLiItrlOU4A,,https://www.google.com/search?q=FourKites+%22CTO%22+site%3Alinkedin.com%2Fin
479,Descartes Systems,Logistics / Freight / 3PL,Logistics Tech,Waterloo,ON,2000,$500M-$1B,Route optimization AI,$15K-$25K,Chief Technology Officer,www.descartes.com,4,NASDAQ listed; logistics tech,info@descartes.com,sales@descartes.com; servicedesk@descartes.com,(000) 000-0001,(080) 419-8463; (771) 661-5974,pattern,,,[first].[last]@descartes.com; [f][last]@descartes.com; [first]@descartes.com; [first][last]@descartes.com,https://www.linkedin.com/search/results/people/?keywords=%22Chief+Technology+Officer%22+%22Descartes+Systems%22,https://www.linkedin.com/company/descartes-systems-group,,https://twitter.com/DescartesSG,https://www.facebook.com/DescartesSystemsGroup/,,,,https://www.google.com/search?q=Descartes+Systems+%22Chief+Technology+Officer%22+site%3Alinkedin.com%2Fin
480,MercuryGate,Logistics / Freight / 3PL,TMS,Cary,NC,400,$50M-$100M,Load optimization AI,$8K-$20K,CTO,www.mercurygate.com,3,TMS platform,info@mercurygate.com,contact@mercurygate.com,(116) 474-9952,(119) 457-8335; (137) 269-6237,pattern,,,[first].[last]@mercurygate.com; [f][last]@mercurygate.com; [first]@mercurygate.com; [first][last]@mercurygate.com,https://www.linkedin.com/search/results/people/?keywords=%22CTO%22+%22MercuryGate%22,https://www.linkedin.com/company/infios,,,,,https://www.youtube.com/@Infios,,https://www.google.com/search?q=MercuryGate+%22CTO%22+site%3Alinkedin.com%2Fin
481,Chipotle Mexican Grill,Restaurants / Food Service Chains,Fast Casual,Newport Beach,CA,110000,$10B+,Inventory AI,$30K-$50K,Chief Technology Officer,www.chipotle.com,5,3500+ locations; 315 new in 2025,info@chipotle.com,contact@chipotle.com,(721) 763-0800,(689) 182-0775; (716) 934-8557,pattern,,,[first].[last]@chipotle.com; [f][last]@chipotle.com; [first]@chipotle.com; [first][last]@chipotle.com,https://www.linkedin.com/search/results/people/?keywords=%22Chief+Technology+Officer%22+%22Chipotle+Mexican+Grill%22,,,https://www.twitter.com/chipotletweets,https://www.facebook.com/chipotle,https://www.instagram.com/chipotle/,,,https://www.google.com/search?q=Chipotle+Mexican+Grill+%22Chief+Technology+Officer%22+site%3Alinkedin.com%2Fin
482,Daves Hot Chicken,Restaurants / Food Service Chains,Fast Casual,Pasadena,CA,5000,$200M-$500M,Staff scheduling AI,$10K-$25K,VP of Technology,www.daveshotchicken.com,4,260 locations; 80 new in 2025,info@daveshotchicken.com,contact@daveshotchicken.com,(166) 822-8991,(177) 214-3251; (938) 225-2351,pattern,,,[first].[last]@daveshotchicken.com; [f][last]@daveshotchicken.com; [first]@daveshotchicken.com; [first][last]@daveshotchicken.com,https://www.linkedin.com/search/results/people/?keywords=%22VP+of+Technology%22+%22Daves+Hot+Chicken%22,,,https://x.com/cws4,https://www.facebook.com/ToLiveandFryInLA,https://www.instagram.com/daveshotchicken/,,,https://www.google.com/search?q=Daves+Hot+Chicken+%22VP+of+Technology%22+site%3Alinkedin.com%2Fin
483,Cava Group,Restaurants / Food Service Chains,Fast Casual,Washington,DC,6000,$500M-$1B,Customer feedback AI,$15K-$30K,CTO,www.cava.com,4,Mediterranean chain; NYSE listed,info@cava.com,contact@cava.com,(261) 428-6065,(641) 197-5839; (750) 000-0018,pattern,,,[first].[last]@cava.com; [f][last]@cava.com; [first]@cava.com; [first][last]@cava.com,https://www.linkedin.com/search/results/people/?keywords=%22CTO%22+%22Cava+Group%22,,,https://twitter.com/cava,https://facebook.com/cava,https://instagram.com/cava,,,https://www.google.com/search?q=Cava+Group+%22CTO%22+site%3Alinkedin.com%2Fin
484,Wingstop,Restaurants / Food Service Chains,Fast Casual,Dallas,TX,3000,$200M-$500M,Inventory management AI,$10K-$25K,Chief Digital Officer,www.wingstop.com,4,2560+ stores; 30% growth,helpdesk@wingstop.com,,(000) 000-7735,(972) 686-6500; (149) 019-6078,scraped,,,[first].[last]@wingstop.com; [f][last]@wingstop.com; [first]@wingstop.com; [first][last]@wingstop.com,https://www.linkedin.com/search/results/people/?keywords=%22Chief+Digital+Officer%22+%22Wingstop%22,,,https://x.com/wingstop,https://www.facebook.com/Wingstop,https://www.instagram.com/wingstop,,,https://www.google.com/search?q=Wingstop+%22Chief+Digital+Officer%22+site%3Alinkedin.com%2Fin
485,Raising Canes,Restaurants / Food Service Chains,Fast Casual,Baton Rouge,LA,50000,$5B+,Staff scheduling AI,$25K-$50K,VP of Technology,www.raisingcanes.com,5,900 locations; 100+ new in 2025,info@raisingcanes.com,contact@raisingcanes.com,(949) 196-0832,,pattern,,,[first].[last]@raisingcanes.com; [f][last]@raisingcanes.com; [first]@raisingcanes.com; [first][last]@raisingcanes.com,https://www.linkedin.com/search/results/people/?keywords=%22VP+of+Technology%22+%22Raising+Canes%22,,,https://twitter.com/raisingcanes,https://www.facebook.com/RaisingCanesChickenFingers,https://www.instagram.com/raisingcanes/,,,https://www.google.com/search?q=Raising+Canes+%22VP+of+Technology%22+site%3Alinkedin.com%2Fin
486,Sweetgreen,Restaurants / Food Service Chains,Fast Casual,Los Angeles,CA,4500,$500M-$1B,Inventory AI,$15K-$30K,Chief Technology Officer,www.sweetgreen.com,4,Infinite Kitchen automation,info@sweetgreen.com,contact@sweetgreen.com,(957) 844-7671,(994) 749-4450; (122) 442-1164,pattern,,,[first].[last]@sweetgreen.com; [f][last]@sweetgreen.com; [first]@sweetgreen.com; [first][last]@sweetgreen.com,https://www.linkedin.com/search/results/people/?keywords=%22Chief+Technology+Officer%22+%22Sweetgreen%22,,,https://x.com/Sweetgreen,https://www.facebook.com/Sweetgreen,https://www.instagram.com/Sweetgreen,https://www.youtube.com/@Sweetgreen,,https://www.google.com/search?q=Sweetgreen+%22Chief+Technology+Officer%22+site%3Alinkedin.com%2Fin
487,First Watch,Restaurants / Food Service Chains,Breakfast/Brunch,Bradenton,FL,10000,$500M-$1B,Customer feedback AI,$10K-$25K,VP of Digital,www.firstwatch.com,4,500+ restaurants; 20% growth,lfohlen@firstwatch.com,,(322) 781-4193,(988) 163-4520; (708) 157-1689,scraped,,,[first].[last]@firstwatch.com; [f][last]@firstwatch.com; [first]@firstwatch.com; [first][last]@firstwatch.com,https://www.linkedin.com/search/results/people/?keywords=%22VP+of+Digital%22+%22First+Watch%22,https://www.linkedin.com/company/first-watch-restaurant/,,https://twitter.com/first_watch,https://www.facebook.com/FirstWatch/,https://www.instagram.com/firstwatch/,,,https://www.google.com/search?q=First+Watch+%22VP+of+Digital%22+site%3Alinkedin.com%2Fin
488,Bonchon,Restaurants / Food Service Chains,Korean Fried Chicken,New York,NY,2000,$100M-$200M,Inventory management AI,$8K-$20K,Director of Technology,www.bonchon.com,3,150 US locations; expanding to 500,info@bonchon.com,contact@bonchon.com,(171) 837-5174,(174) 412-1830; (176) 529-6495,pattern,,,[first].[last]@bonchon.com; [f][last]@bonchon.com; [first]@bonchon.com; [first][last]@bonchon.com,https://www.linkedin.com/search/results/people/?keywords=%22Director+of+Technology%22+%22Bonchon%22,https://www.linkedin.com/company/bonchon,,https://twitter.com/bonchonchicken,https://www.facebook.com/BonchonChicken/,https://www.instagram.com/bonchonchicken/,https://www.youtube.com/channel/UCPRDHlNPS9qH7U1vPn-jmfw,,https://www.google.com/search?q=Bonchon+%22Director+of+Technology%22+site%3Alinkedin.com%2Fin
489,Port of Subs,Restaurants / Food Service Chains,Sandwich Chain,Reno,NV,1500,$50M-$100M,Staff scheduling AI,$5K-$15K,VP of Operations,www.portofsubs.com,3,450 new locations in development,info@portofsubs.com,contact@portofsubs.com,(148) 214-7298,(775) 747-0555; (177) 161-7466,pattern,,,[first].[last]@portofsubs.com; [f][last]@portofsubs.com; [first]@portofsubs.com; [first][last]@portofsubs.com,https://www.linkedin.com/search/results/people/?keywords=%22VP+of+Operations%22+%22Port+of+Subs%22,,,https://x.com/port,https://facebook.com/portofsubs,https://instagram.com/portofsubs,,,https://www.google.com/search?q=Port+of+Subs+%22VP+of+Operations%22+site%3Alinkedin.com%2Fin
490,Shake Shack,Restaurants / Food Service Chains,Fast Casual,New York,NY,9000,$1B+,Customer engagement AI,$15K-$30K,Chief Technology Officer,www.shakeshack.com,4,500+ locations; NYSE listed,info@shakeshack.com,contact@shakeshack.com,(177) 201-7844,(769) 101-5640; (094) 726-4676,pattern,,,[first].[last]@shakeshack.com; [f][last]@shakeshack.com; [first]@shakeshack.com; [first][last]@shakeshack.com,https://www.linkedin.com/search/results/people/?keywords=%22Chief+Technology+Officer%22+%22Shake+Shack%22,https://www.linkedin.com/company/shakeshack/,,https://twitter.com/shakeshack,https://www.facebook.com/shakeshack/,https://www.instagram.com/shakeshack/,,,https://www.google.com/search?q=Shake+Shack+%22Chief+Technology+Officer%22+site%3Alinkedin.com%2Fin
491,Panera Bread,Restaurants / Food Service Chains,Fast Casual,St. Louis,MO,70000,$5B+,Drive-thru AI,$25K-$50K,CTO,www.panerabread.com,5,2100+ locations,info@panerabread.com,contact@panerabread.com,,,pattern,,,[first].[last]@panerabread.com; [f][last]@panerabread.com; [first]@panerabread.com; [first][last]@panerabread.com,https://www.linkedin.com/search/results/people/?keywords=%22CTO%22+%22Panera+Bread%22,,,,,,,,https://www.google.com/search?q=Panera+Bread+%22CTO%22+site%3Alinkedin.com%2Fin
492,Five Guys,Restaurants / Food Service Chains,Fast Casual,Lorton,VA,25000,$1B+,Inventory management AI,$15K-$30K,VP of Technology,www.fiveguys.com,4,1800+ locations,info@fiveguys.com,contact@fiveguys.com,,,pattern,,,[first].[last]@fiveguys.com; [f][last]@fiveguys.com; [first]@fiveguys.com; [first][last]@fiveguys.com,https://www.linkedin.com/search/results/people/?keywords=%22VP+of+Technology%22+%22Five+Guys%22,,,,,,,,https://www.google.com/search?q=Five+Guys+%22VP+of+Technology%22+site%3Alinkedin.com%2Fin
493,MOD Pizza,Restaurants / Food Service Chains,Fast Casual,Bellevue,WA,10000,$500M-$1B,Staff scheduling AI,$10K-$25K,Director of Technology,www.modpizza.com,3,500+ locations,press@modpizza.com,feedback@modpizza.com,(666) 666-6667,(333) 333-3333; (124) 071-8758,scraped,,,[first].[last]@modpizza.com; [f][last]@modpizza.com; [first]@modpizza.com; [first][last]@modpizza.com,https://www.linkedin.com/search/results/people/?keywords=%22Director+of+Technology%22+%22MOD+Pizza%22,,https://www.linkedin.com/in/jennifer-anderson-74a7825/; https://www.linkedin.com/in/stephen-blum-3b050b4/; https://www.linkedin.com/in/beth-scott-1ab7085,https://twitter.com/modpizza,https://facebook.com/MODPizza,https://www.instagram.com/modpizza/,,,https://www.google.com/search?q=MOD+Pizza+%22Director+of+Technology%22+site%3Alinkedin.com%2Fin
494,Noodles & Company,Restaurants / Food Service Chains,Fast Casual,Broomfield,CO,9000,$500M-$1B,Customer feedback AI,$10K-$20K,CTO,www.noodles.com,3,450+ locations; NASDAQ,info@noodles.com,contact@noodles.com,(769) 101-5640,(880) 540-5798; (302) 633-8612,pattern,,,[first].[last]@noodles.com; [f][last]@noodles.com; [first]@noodles.com; [first][last]@noodles.com,https://www.linkedin.com/search/results/people/?keywords=%22CTO%22+%22Noodles+%26+Company%22,https://www.linkedin.com/company/noodles-,,https://twitter.com/noodlescompany,https://www.facebook.com/noodlesandcompany,https://www.instagram.com/noodlescompany,,,https://www.google.com/search?q=Noodles+%26+Company+%22CTO%22+site%3Alinkedin.com%2Fin
495,Portillos,Restaurants / Food Service Chains,Fast Casual,Oak Brook,IL,8000,$500M-$1B,Inventory AI,$10K-$25K,VP of Digital,www.portillos.com,4,80+ locations; expanding,info@portillos.com,contact@portillos.com,(214) 853-9062,(112) 210-4646; (638) 901-3562,pattern,,,[first].[last]@portillos.com; [f][last]@portillos.com; [first]@portillos.com; [first][last]@portillos.com,https://www.linkedin.com/search/results/people/?keywords=%22VP+of+Digital%22+%22Portillos%22,https://www.linkedin.com/company/portillos-hotdogs,,https://twitter.com/portilloshotdog,https://www.facebook.com/portillos.hotdog,https://www.instagram.com/portilloshotdogs/,https://www.youtube.com/channel/UCmBJ0YaSt3X-B5uQ0R4kFhQ,,https://www.google.com/search?q=Portillos+%22VP+of+Digital%22+site%3Alinkedin.com%2Fin
496,Zaxbys,Restaurants / Food Service Chains,Fast Casual,Athens,GA,20000,$1B+,Staff scheduling AI,$15K-$30K,Chief Technology Officer,www.zaxbys.com,4,900+ locations,info@zaxbys.com,contact@zaxbys.com,,,pattern,,,[first].[last]@zaxbys.com; [f][last]@zaxbys.com; [first]@zaxbys.com; [first][last]@zaxbys.com,https://www.linkedin.com/search/results/people/?keywords=%22Chief+Technology+Officer%22+%22Zaxbys%22,,,,,,,,https://www.google.com/search?q=Zaxbys+%22Chief+Technology+Officer%22+site%3Alinkedin.com%2Fin
497,Wawa,Restaurants / Food Service Chains,Convenience/QSR,Wawa,PA,35000,$10B+,Inventory management AI,$25K-$50K,CTO,www.wawa.com,5,1000+ locations,info@wawa.com,contact@wawa.com,,,pattern,,,[first].[last]@wawa.com; [f][last]@wawa.com; [first]@wawa.com; [first][last]@wawa.com,https://www.linkedin.com/search/results/people/?keywords=%22CTO%22+%22Wawa%22,,,,,,,,https://www.google.com/search?q=Wawa+%22CTO%22+site%3Alinkedin.com%2Fin
498,Sheetz,Restaurants / Food Service Chains,Convenience/QSR,Altoona,PA,23000,$5B+,Customer feedback AI,$20K-$40K,VP of Technology,www.sheetz.com,5,700+ locations,info@sheetz.com,contact@sheetz.com,(273) 262-7814,(999) 052-0150; (999) 053-0150,pattern,,,[first].[last]@sheetz.com; [f][last]@sheetz.com; [first]@sheetz.com; [first][last]@sheetz.com,https://www.linkedin.com/search/results/people/?keywords=%22VP+of+Technology%22+%22Sheetz%22,,,https://twitter.com/sheetz,https://www.facebook.com/sheetz,https://www.instagram.com/sheetz/,,,https://www.google.com/search?q=Sheetz+%22VP+of+Technology%22+site%3Alinkedin.com%2Fin
499,Dutch Bros,Restaurants / Food Service Chains,Coffee/Drive-Thru,Grants Pass,OR,15000,$1B+,Drive-thru AI,$15K-$30K,Chief Technology Officer,www.dutchbros.com,4,900+ locations; NYSE,info@dutchbros.com,contact@dutchbros.com,(264) 706-2388,(877) 899-2767; (659) 768-7282,pattern,,,[first].[last]@dutchbros.com; [f][last]@dutchbros.com; [first]@dutchbros.com; [first][last]@dutchbros.com,https://www.linkedin.com/search/results/people/?keywords=%22Chief+Technology+Officer%22+%22Dutch+Bros%22,,,https://twitter.com/DutchBros,https://www.facebook.com/dutchbros,https://www.instagram.com/dutchbroscoffee/,,,https://www.google.com/search?q=Dutch+Bros+%22Chief+Technology+Officer%22+site%3Alinkedin.com%2Fin
500,Chicken Salad Chick,Restaurants / Food Service Chains,Fast Casual,Auburn,AL,5000,$200M-$500M,Staff scheduling AI,$8K-$20K,VP of Operations,www.chickensaladchick.com,3,250+ locations,info@chickensaladchick.com,contact@chickensaladchick.com,,(177) 229-5407; (501) 116-2834,pattern,,,[first].[last]@chickensaladchick.com; [f][last]@chickensaladchick.com; [first]@chickensaladchick.com; [first][last]@chickensaladchick.com,https://www.linkedin.com/search/results/people/?keywords=%22VP+of+Operations%22+%22Chicken+Salad+Chick%22,,,,https://www.facebook.com/chickensaladchick/,https://www.instagram.com/chickensaladchick/,,,https://www.google.com/search?q=Chicken+Salad+Chick+%22VP+of+Operations%22+site%3Alinkedin.com%2Fin
501,Salata,Restaurants / Food Service Chains,Fast Casual,Houston,TX,2000,$50M-$100M,Inventory AI,$5K-$15K,Director of Technology,www.salata.com,2,100+ locations,contact@salata.com,,(844) 725-2821,(428) 624-1705; (967) 637-5404,pattern,,,[first].[last]@salata.com; [f][last]@salata.com; [first]@salata.com; [first][last]@salata.com,https://www.linkedin.com/search/results/people/?keywords=%22Director+of+Technology%22+%22Salata%22,,,https://twitter.com/salatasalads,https://www.facebook.com/SalataSalads,https://instagram.com/salatasalads,,,https://www.google.com/search?q=Salata+%22Director+of+Technology%22+site%3Alinkedin.com%2Fin
502,The Halal Guys,Restaurants / Food Service Chains,Fast Casual,New York,NY,1000,$50M-$100M,Customer engagement AI,$5K-$15K,VP of Operations,www.thehalalguys.com,3,100+ locations,marketing@thehalalguysny.com,info@thehalalguysny.com; rewards@thehalalguysny.com,(909) 634-6644,(561) 597-9446; (566) 257-8464,scraped,,,[first].[last]@thehalalguys.com; [f][last]@thehalalguys.com; [first]@thehalalguys.com; [first][last]@thehalalguys.com,https://www.linkedin.com/search/results/people/?keywords=%22VP+of+Operations%22+%22The+Halal+Guys%22,,,https://twitter.com/halalguys,https://www.facebook.com/tr,https://www.instagram.com/thehalalguys/,https://www.youtube.com/channel/UCzQc-UXYqmlaS8ylSTc_Hwg,,https://www.google.com/search?q=The+Halal+Guys+%22VP+of+Operations%22+site%3Alinkedin.com%2Fin
503,CAVA Group,Restaurants / Food Service Chains,Mediterranean,Washington,DC,6000,$500M-$1B,Menu optimization AI,$15K-$30K,CTO,www.cava.com,4,350+ locations,info@cava.com,contact@cava.com,(261) 428-6065,(641) 197-5839; (750) 000-0018,pattern,,,[first].[last]@cava.com; [f][last]@cava.com; [first]@cava.com; [first][last]@cava.com,https://www.linkedin.com/search/results/people/?keywords=%22CTO%22+%22CAVA+Group%22,,,https://twitter.com/cava,https://facebook.com/cava,https://instagram.com/cava,,,https://www.google.com/search?q=CAVA+Group+%22CTO%22+site%3Alinkedin.com%2Fin
504,Mendocino Farms,Restaurants / Food Service Chains,Fast Casual,Los Angeles,CA,2500,$100M-$200M,Inventory management AI,$8K-$20K,Director of Technology,www.mendocinofarms.com,3,60+ locations; California focused,hello@mendocinofarms.com,,(242) 039-9234,(020) 898-6551,scraped,,,[first].[last]@mendocinofarms.com; [f][last]@mendocinofarms.com; [first]@mendocinofarms.com; [first][last]@mendocinofarms.com,https://www.linkedin.com/search/results/people/?keywords=%22Director+of+Technology%22+%22Mendocino+Farms%22,https://www.linkedin.com/company/mendocino-farms,,https://twitter.com/mendocinofarms,https://www.facebook.com/tr,https://www.instagram.com/mendocinofarms/,,,https://www.google.com/search?q=Mendocino+Farms+%22Director+of+Technology%22+site%3Alinkedin.com%2Fin
505,Blaze Pizza,Restaurants / Food Service Chains,Fast Casual,Pasadena,CA,5000,$200M-$500M,Staff scheduling AI,$8K-$20K,VP of Technology,www.blazepizza.com,3,300+ locations,info@blazepizza.com,contact@blazepizza.com,(580) 063-2593,(101) 203-1459; (241) 095-9296,pattern,,,[first].[last]@blazepizza.com; [f][last]@blazepizza.com; [first]@blazepizza.com; [first][last]@blazepizza.com,https://www.linkedin.com/search/results/people/?keywords=%22VP+of+Technology%22+%22Blaze+Pizza%22,https://www.linkedin.com/company/blazepizza,,https://x.com/blazepizza,https://www.facebook.com/BlazePizza,https://www.instagram.com/blazepizza/,,,https://www.google.com/search?q=Blaze+Pizza+%22VP+of+Technology%22+site%3Alinkedin.com%2Fin
506,Tropical Smoothie Cafe,Restaurants / Food Service Chains,Fast Casual,Atlanta,GA,10000,$500M-$1B,Inventory AI,$10K-$25K,Chief Technology Officer,www.tropicalsmoothiecafe.com,4,1400+ locations,technology@tropicalsmoothie.com,,(175) 152-4985,(215) 228-5722; (766) 890-6285,scraped,,,[first].[last]@tropicalsmoothiecafe.com; [f][last]@tropicalsmoothiecafe.com; [first]@tropicalsmoothiecafe.com; [first][last]@tropicalsmoothiecafe.com,https://www.linkedin.com/search/results/people/?keywords=%22Chief+Technology+Officer%22+%22Tropical+Smoothie+Cafe%22,https://www.linkedin.com/company/tropical-smoothie-cafe/,,https://x.com/TSmoothieCafe,https://www.facebook.com/tropicalsmoothiecafe,https://www.instagram.com/tropicalsmoothiecafe/,https://www.youtube.com/channel/UCf6pHZ4g6oYtjSy3Mjar5BQ,,https://www.google.com/search?q=Tropical+Smoothie+Cafe+%22Chief+Technology+Officer%22+site%3Alinkedin.com%2Fin
507,Torchys Tacos,Restaurants / Food Service Chains,Fast Casual,Austin,TX,5000,$200M-$500M,Customer feedback AI,$8K-$20K,Director of Technology,www.torchystacos.com,3,100+ locations; Texas-based,info@torchystacos.com,contact@torchystacos.com,(769) 101-5640,,pattern,,,[first].[last]@torchystacos.com; [f][last]@torchystacos.com; [first]@torchystacos.com; [first][last]@torchystacos.com,https://www.linkedin.com/search/results/people/?keywords=%22Director+of+Technology%22+%22Torchys+Tacos%22,,,,,,,,https://www.google.com/search?q=Torchys+Tacos+%22Director+of+Technology%22+site%3Alinkedin.com%2Fin
508,Velvet Taco,Restaurants / Food Service Chains,Fast Casual,Dallas,TX,2000,$50M-$100M,Staff scheduling AI,$5K-$15K,VP of Operations,www.velvettaco.com,2,40+ locations,info@velvettaco.com,contact@velvettaco.com,(177) 066-8442,(124) 521-9744; (187) 614-0850,pattern,,,[first].[last]@velvettaco.com; [f][last]@velvettaco.com; [first]@velvettaco.com; [first][last]@velvettaco.com,https://www.linkedin.com/search/results/people/?keywords=%22VP+of+Operations%22+%22Velvet+Taco%22,https://www.linkedin.com/company/velvet-taco,,https://x.com/velvettaco,http://facebook.com/velvettaco/,https://www.instagram.com/velvettaco/,https://www.youtube.com/channel/UCaiocVGIMy4OzsvWgU732jw,,https://www.google.com/search?q=Velvet+Taco+%22VP+of+Operations%22+site%3Alinkedin.com%2Fin
509,The Original Pancake House,Restaurants / Food Service Chains,Breakfast,Portland,OR,3000,$100M-$200M,Customer feedback AI,$5K-$15K,Director of Operations,www.originalpancakehouse.com,3,100+ franchised locations,info@originalpancakehouse.com,contact@originalpancakehouse.com,,,pattern,,,[first].[last]@originalpancakehouse.com; [f][last]@originalpancakehouse.com; [first]@originalpancakehouse.com; [first][last]@originalpancakehouse.com,https://www.linkedin.com/search/results/people/?keywords=%22Director+of+Operations%22+%22The+Original+Pancake+House%22,,,,,,,,https://www.google.com/search?q=The+Original+Pancake+House+%22Director+of+Operations%22+site%3Alinkedin.com%2Fin
510,Potbelly Sandwich,Restaurants / Food Service Chains,Fast Casual,Chicago,IL,5000,$200M-$500M,Inventory management AI,$8K-$20K,CTO,www.potbelly.com,3,400+ locations; NASDAQ,info@potbelly.com,contact@potbelly.com,(669) 952-5549,(730) 713-0076; (450) 663-8077,pattern,,,[first].[last]@potbelly.com; [f][last]@potbelly.com; [first]@potbelly.com; [first][last]@potbelly.com,https://www.linkedin.com/search/results/people/?keywords=%22CTO%22+%22Potbelly+Sandwich%22,,,,,,,,https://www.google.com/search?q=Potbelly+Sandwich+%22CTO%22+site%3Alinkedin.com%2Fin
511,McAlisters Deli,Restaurants / Food Service Chains,Fast Casual,Sandy Springs,GA,10000,$500M-$1B,Staff scheduling AI,$10K-$20K,VP of Technology,www.mcalistersdeli.com,3,500+ locations,tripadvisorreviews@medallia.com,,(933) 202-5583,(830) 531-6199; (651) 036-2455,scraped,,,[first].[last]@mcalistersdeli.com; [f][last]@mcalistersdeli.com; [first]@mcalistersdeli.com; [first][last]@mcalistersdeli.com,https://www.linkedin.com/search/results/people/?keywords=%22VP+of+Technology%22+%22McAlisters+Deli%22,,,https://twitter.com/McAlistersDeli,https://www.facebook.com/mcalistersdeli,https://www.instagram.com/mcalistersdeli/,http://www.youtube.com/@McAlistersDeli,,https://www.google.com/search?q=McAlisters+Deli+%22VP+of+Technology%22+site%3Alinkedin.com%2Fin
512,Naf Naf Middle Eastern Grill,Restaurants / Food Service Chains,Fast Casual,Chicago,IL,500,$25M-$50M,Inventory AI,$5K-$12K,Director of Operations,www.nafnafgrill.com,2,40+ locations,info@nafnafgrill.com,contact@nafnafgrill.com,(177) 016-0429,(272) 727-2727; (131) 366-5323,pattern,,,[first].[last]@nafnafgrill.com; [f][last]@nafnafgrill.com; [first]@nafnafgrill.com; [first][last]@nafnafgrill.com,https://www.linkedin.com/search/results/people/?keywords=%22Director+of+Operations%22+%22Naf+Naf+Middle+Eastern+Grill%22,,,https://x.com/nafnafgrill,https://www.facebook.com/nafnafgrill/,https://www.instagram.com/nafnafgrill/,,,https://www.google.com/search?q=Naf+Naf+Middle+Eastern+Grill+%22Director+of+Operations%22+site%3Alinkedin.com%2Fin
513,Freebirds World Burrito,Restaurants / Food Service Chains,Fast Casual,Austin,TX,1000,$25M-$50M,Customer engagement AI,$5K-$12K,VP of Operations,www.freebirds.com,2,60+ locations; Texas,info@freebirds.com,contact@freebirds.com,(333) 333-3333,(666) 666-6667; (285) 714-2857,pattern,,,[first].[last]@freebirds.com; [f][last]@freebirds.com; [first]@freebirds.com; [first][last]@freebirds.com,https://www.linkedin.com/search/results/people/?keywords=%22VP+of+Operations%22+%22Freebirds+World+Burrito%22,https://www.linkedin.com/company/freeb-rds-world-burrito,,https://x.com/FREEBIRDS_WB,https://www.facebook.com/freebirdsworldburrito,https://www.instagram.com/freebirdsworldburrito,,,https://www.google.com/search?q=Freebirds+World+Burrito+%22VP+of+Operations%22+site%3Alinkedin.com%2Fin
514,Cousins Subs,Restaurants / Food Service Chains,Sandwich Chain,Menomonee Falls,WI,2000,$50M-$100M,Inventory management AI,$5K-$15K,Director of IT,www.cousinssubs.com,2,90+ locations,info@cousinssubs.com,contact@cousinssubs.com,(437) 555-5931,,pattern,,,[first].[last]@cousinssubs.com; [f][last]@cousinssubs.com; [first]@cousinssubs.com; [first][last]@cousinssubs.com,https://www.linkedin.com/search/results/people/?keywords=%22Director+of+IT%22+%22Cousins+Subs%22,,,https://twitter.com/cousinssubs,https://www.facebook.com/tr,https://www.instagram.com/cousinssubs,,,https://www.google.com/search?q=Cousins+Subs+%22Director+of+IT%22+site%3Alinkedin.com%2Fin
515,Eggs Up Grill,Restaurants / Food Service Chains,Breakfast,Spartanburg,SC,1500,$25M-$50M,Staff scheduling AI,$5K-$12K,VP of Operations,www.eggsupgrill.com,2,60+ locations; Southeast,info@eggsupgrill.com,contact@eggsupgrill.com,(172) 900-9390,(312) 668-9428; (346) 616-3937,pattern,,,[first].[last]@eggsupgrill.com; [f][last]@eggsupgrill.com; [first]@eggsupgrill.com; [first][last]@eggsupgrill.com,https://www.linkedin.com/search/results/people/?keywords=%22VP+of+Operations%22+%22Eggs+Up+Grill%22,,,,https://www.facebook.com/tr,https://www.instagram.com/eggs_up_grill/,,,https://www.google.com/search?q=Eggs+Up+Grill+%22VP+of+Operations%22+site%3Alinkedin.com%2Fin
516,Clean Juice,Restaurants / Food Service Chains,Juice Bar,Charlotte,NC,800,$10M-$25M,Inventory AI,$5K-$10K,Director of Operations,www.cleanjuice.com,2,100+ franchise locations,info@cleanjuice.com,contact@cleanjuice.com,(012) 345-6789,(150) 986-3853; (769) 101-5640,pattern,,,[first].[last]@cleanjuice.com; [f][last]@cleanjuice.com; [first]@cleanjuice.com; [first][last]@cleanjuice.com,https://www.linkedin.com/search/results/people/?keywords=%22Director+of+Operations%22+%22Clean+Juice%22,https://www.linkedin.com/company/clean-juice/,,https://twitter.com/uwt,https://www.facebook.com/cleanjuice/,https://www.instagram.com/cleanjuice/,,,https://www.google.com/search?q=Clean+Juice+%22Director+of+Operations%22+site%3Alinkedin.com%2Fin
517,Swig,Restaurants / Food Service Chains,Drink Shop,St. George,UT,500,$10M-$25M,Customer engagement AI,$5K-$10K,Director of Technology,www.swigdrinks.com,2,Dirty soda trend; 50+ locations,hello@swigdrinks.com,,(177) 198-8341,(177) 025-3291; (177) 025-3251,scraped,,,[first].[last]@swigdrinks.com; [f][last]@swigdrinks.com; [first]@swigdrinks.com; [first][last]@swigdrinks.com,https://www.linkedin.com/search/results/people/?keywords=%22Director+of+Technology%22+%22Swig%22,,,,https://www.facebook.com/swignsweets,https://www.instagram.com/swigdrinks,https://www.youtube.com/@swigdrinks,,https://www.google.com/search?q=Swig+%22Director+of+Technology%22+site%3Alinkedin.com%2Fin
518,Eureka! Restaurant Group,Restaurants / Food Service Chains,Full Service,Hawthorne,CA,2000,$50M-$100M,Staff scheduling AI,$8K-$15K,Director of IT,www.eurekarestaurantgroup.com,3,30 locations; upscale casual,guestservices@eurekarestaurantgroup.com,,(422) 660-1430,(050) 632-9113; (756) 756-7567,scraped,,,[first].[last]@eurekarestaurantgroup.com; [f][last]@eurekarestaurantgroup.com; [first]@eurekarestaurantgroup.com; [first][last]@eurekarestaurantgroup.com,https://www.linkedin.com/search/results/people/?keywords=%22Director+of+IT%22+%22Eureka%21+Restaurant+Group%22,,,,https://www.facebook.com/tr,,,,https://www.google.com/search?q=Eureka%21+Restaurant+Group+%22Director+of+IT%22+site%3Alinkedin.com%2Fin
519,North Italia,Restaurants / Food Service Chains,Full Service,Scottsdale,AZ,3000,$100M-$200M,Customer feedback AI,$8K-$20K,VP of Technology,www.northitalia.com,3,30+ locations; upscale Italian,info@northitalia.com,contact@northitalia.com,(404) 841-7530,(770) 804-8403; (512) 777-5062,pattern,,,[first].[last]@northitalia.com; [f][last]@northitalia.com; [first]@northitalia.com; [first][last]@northitalia.com,https://www.linkedin.com/search/results/people/?keywords=%22VP+of+Technology%22+%22North+Italia%22,,,,https://www.facebook.com/NorthItalia,https://www.instagram.com/eatnorthitalia,,,https://www.google.com/search?q=North+Italia+%22VP+of+Technology%22+site%3Alinkedin.com%2Fin
520,True Food Kitchen,Restaurants / Food Service Chains,Full Service,Phoenix,AZ,3000,$100M-$200M,Inventory management AI,$8K-$20K,Director of Technology,www.truefoodkitchen.com,3,45+ locations; health-focused,info@truefoodkitchen.com,contact@truefoodkitchen.com,(666) 666-6667,(000) 000-7736,pattern,,,[first].[last]@truefoodkitchen.com; [f][last]@truefoodkitchen.com; [first]@truefoodkitchen.com; [first][last]@truefoodkitchen.com,https://www.linkedin.com/search/results/people/?keywords=%22Director+of+Technology%22+%22True+Food+Kitchen%22,,,,https://www.facebook.com/TrueFoodKitchen,,,,https://www.google.com/search?q=True+Food+Kitchen+%22Director+of+Technology%22+site%3Alinkedin.com%2Fin
521,Lithia Motors,Auto Dealerships,Multi-Brand Dealer,Medford,OR,18000,$10B+,Lead follow-up AI,$30K-$50K,Chief Digital Officer,www.lithia.com,5,#1 US auto retailer; NYSE,info@lithia.com,contact@lithia.com,,,pattern,,,[first].[last]@lithia.com; [f][last]@lithia.com; [first]@lithia.com; [first][last]@lithia.com,https://www.linkedin.com/search/results/people/?keywords=%22Chief+Digital+Officer%22+%22Lithia+Motors%22,,,,,,,,https://www.google.com/search?q=Lithia+Motors+%22Chief+Digital+Officer%22+site%3Alinkedin.com%2Fin
522,AutoNation,Auto Dealerships,Multi-Brand Dealer,Fort Lauderdale,FL,21000,$10B+,Inventory management AI,$30K-$50K,Chief Technology Officer,www.autonation.com,5,#2 US dealer; NYSE,info@autonation.com,contact@autonation.com,(127) 572-1090,(701) 499-9389; (727) 170-9442,pattern,,,[first].[last]@autonation.com; [f][last]@autonation.com; [first]@autonation.com; [first][last]@autonation.com,https://www.linkedin.com/search/results/people/?keywords=%22Chief+Technology+Officer%22+%22AutoNation%22,,,https://x.com/AutoNation,https://www.facebook.com/autonation,https://www.instagram.com/autonation,,,https://www.google.com/search?q=AutoNation+%22Chief+Technology+Officer%22+site%3Alinkedin.com%2Fin
523,Penske Automotive Group,Auto Dealerships,Multi-Brand Dealer,Bloomfield Hills,MI,27000,$10B+,Service scheduling AI,$30K-$50K,CTO,www.penskeautomotive.com,5,#3 US dealer; NYSE,info@penskeautomotive.com,contact@penskeautomotive.com,,,pattern,,,[first].[last]@penskeautomotive.com; [f][last]@penskeautomotive.com; [first]@penskeautomotive.com; [first][last]@penskeautomotive.com,https://www.linkedin.com/search/results/people/?keywords=%22CTO%22+%22Penske+Automotive+Group%22,https://www.linkedin.com/company/penskeautomotive/,,https://twitter.com/penskecars,https://www.facebook.com/penskecars,https://www.instagram.com/penskecars/,,,https://www.google.com/search?q=Penske+Automotive+Group+%22CTO%22+site%3Alinkedin.com%2Fin
524,Group 1 Automotive,Auto Dealerships,Multi-Brand Dealer,Houston,TX,15000,$10B+,Lead follow-up AI,$25K-$50K,VP of Digital,www.group1auto.com,5,#4 US dealer; NYSE,info@group1auto.com,contact@group1auto.com,(778) 202-5929,(559) 814-8853; (177) 212-4040,pattern,,,[first].[last]@group1auto.com; [f][last]@group1auto.com; [first]@group1auto.com; [first][last]@group1auto.com,https://www.linkedin.com/search/results/people/?keywords=%22VP+of+Digital%22+%22Group+1+Automotive%22,,,https://x.com/group1auto,https://www.facebook.com/Group1Auto/,https://www.instagram.com/group1automotive/,https://www.youtube.com/@Group1AutomotiveHouston,,https://www.google.com/search?q=Group+1+Automotive+%22VP+of+Digital%22+site%3Alinkedin.com%2Fin
525,Asbury Automotive Group,Auto Dealerships,Multi-Brand Dealer,Duluth,GA,12000,$10B+,Customer engagement AI,$25K-$50K,Chief Technology Officer,www.asburyauto.com,5,#5 US dealer; NYSE,info@asburyauto.com,contact@asburyauto.com,,,pattern,,,[first].[last]@asburyauto.com; [f][last]@asburyauto.com; [first]@asburyauto.com; [first][last]@asburyauto.com,https://www.linkedin.com/search/results/people/?keywords=%22Chief+Technology+Officer%22+%22Asbury+Automotive+Group%22,,,,,,,,https://www.google.com/search?q=Asbury+Automotive+Group+%22Chief+Technology+Officer%22+site%3Alinkedin.com%2Fin
526,Sonic Automotive,Auto Dealerships,Multi-Brand Dealer,Charlotte,NC,10000,$10B+,Inventory AI,$25K-$50K,CTO,www.sonicautomotive.com,5,NYSE; EchoPark brand,info@sonicautomotive.com,contact@sonicautomotive.com,,,pattern,,,[first].[last]@sonicautomotive.com; [f][last]@sonicautomotive.com; [first]@sonicautomotive.com; [first][last]@sonicautomotive.com,https://www.linkedin.com/search/results/people/?keywords=%22CTO%22+%22Sonic+Automotive%22,,,,,,,,https://www.google.com/search?q=Sonic+Automotive+%22CTO%22+site%3Alinkedin.com%2Fin
527,Hendrick Automotive,Auto Dealerships,Multi-Brand Dealer,Charlotte,NC,10000,$10B+,Lead follow-up AI,$25K-$50K,VP of Technology,www.hendrickauto.com,5,Largest private dealer group,info@hendrickauto.com,contact@hendrickauto.com,,,pattern,,,[first].[last]@hendrickauto.com; [f][last]@hendrickauto.com; [first]@hendrickauto.com; [first][last]@hendrickauto.com,https://www.linkedin.com/search/results/people/?keywords=%22VP+of+Technology%22+%22Hendrick+Automotive%22,,,,,,,,https://www.google.com/search?q=Hendrick+Automotive+%22VP+of+Technology%22+site%3Alinkedin.com%2Fin
528,Larry H. Miller Dealerships,Auto Dealerships,Multi-Brand Dealer,Sandy,UT,8000,$5B+,Service scheduling AI,$20K-$40K,Director of Digital,www.lhm.com,4,60+ dealerships,info@lhm.com,contact@lhm.com,,,pattern,,,[first].[last]@lhm.com; [f][last]@lhm.com; [first]@lhm.com; [first][last]@lhm.com,https://www.linkedin.com/search/results/people/?keywords=%22Director+of+Digital%22+%22Larry+H.+Miller+Dealerships%22,,,,,,,,https://www.google.com/search?q=Larry+H.+Miller+Dealerships+%22Director+of+Digital%22+site%3Alinkedin.com%2Fin
529,Ken Garff Automotive,Auto Dealerships,Multi-Brand Dealer,Salt Lake City,UT,6000,$5B+,Customer engagement AI,$20K-$40K,VP of Technology,www.kengarff.com,4,50+ locations,info@kengarff.com,contact@kengarff.com,(177) 212-4040,(177) 212-4052; (176) 836-3356,pattern,,,[first].[last]@kengarff.com; [f][last]@kengarff.com; [first]@kengarff.com; [first][last]@kengarff.com,https://www.linkedin.com/search/results/people/?keywords=%22VP+of+Technology%22+%22Ken+Garff+Automotive%22,,,https://twitter.com/kengarff,https://www.facebook.com/tr,https://www.instagram.com/kengarff/,,,https://www.google.com/search?q=Ken+Garff+Automotive+%22VP+of+Technology%22+site%3Alinkedin.com%2Fin
530,Holman Enterprises,Auto Dealerships,Multi-Brand Dealer,Mount Laurel,NJ,6000,$5B+,Lead follow-up AI,$20K-$40K,Chief Technology Officer,www.holmanenterprises.com,4,Acquired Leith Automotive,info@holmanenterprises.com,contact@holmanenterprises.com,,,pattern,,,[first].[last]@holmanenterprises.com; [f][last]@holmanenterprises.com; [first]@holmanenterprises.com; [first][last]@holmanenterprises.com,https://www.linkedin.com/search/results/people/?keywords=%22Chief+Technology+Officer%22+%22Holman+Enterprises%22,,,,,,,,https://www.google.com/search?q=Holman+Enterprises+%22Chief+Technology+Officer%22+site%3Alinkedin.com%2Fin
531,Parks Automotive Group,Auto Dealerships,Multi-Brand Dealer,Kannapolis,NC,2000,$1B+,Inventory management AI,$10K-$25K,Director of IT,www.parksautogroup.com,3,Southeast dealer group,info@parksautogroup.com,contact@parksautogroup.com,(084) 130-0142,(064) 802-5190; (177) 212-4040,pattern,,,[first].[last]@parksautogroup.com; [f][last]@parksautogroup.com; [first]@parksautogroup.com; [first][last]@parksautogroup.com,https://www.linkedin.com/search/results/people/?keywords=%22Director+of+IT%22+%22Parks+Automotive+Group%22,,,https://x.com/mapbox,https://www.facebook.com/parksautomotivegroup/,,https://www.youtube.com/@parksautomotivegroup8218,,https://www.google.com/search?q=Parks+Automotive+Group+%22Director+of+IT%22+site%3Alinkedin.com%2Fin
532,Sewell Automotive,Auto Dealerships,Luxury Dealer,Dallas,TX,2500,$1B+,Customer engagement AI,$15K-$25K,VP of Technology,www.sewell.com,4,Luxury brand focus,info@sewell.com,contact@sewell.com,(861) 513-2873,(809) 715-6327; (177) 212-4581,pattern,,,[first].[last]@sewell.com; [f][last]@sewell.com; [first]@sewell.com; [first][last]@sewell.com,https://www.linkedin.com/search/results/people/?keywords=%22VP+of+Technology%22+%22Sewell+Automotive%22,,,,https://www.facebook.com/Sewell/,https://www.instagram.com/drivesewell/,,,https://www.google.com/search?q=Sewell+Automotive+%22VP+of+Technology%22+site%3Alinkedin.com%2Fin
533,JM Family Enterprises,Auto Dealerships,Distributor/Dealer,Deerfield Beach,FL,4500,$10B+,Service scheduling AI,$25K-$50K,CTO,www.jmfamily.com,5,Southeast Toyota distributor,info@jmfamily.com,contact@jmfamily.com,(177) 214-0401,(914) 407-6632; (612) 294-0755,pattern,,,[first].[last]@jmfamily.com; [f][last]@jmfamily.com; [first]@jmfamily.com; [first][last]@jmfamily.com,https://www.linkedin.com/search/results/people/?keywords=%22CTO%22+%22JM+Family+Enterprises%22,https://www.linkedin.com/company/jm-family-enterprises,,https://x.com/jmfamilynews,https://www.facebook.com/JMFamilyEnterprises,https://www.instagram.com/jmfamilyenterprises/,,,https://www.google.com/search?q=JM+Family+Enterprises+%22CTO%22+site%3Alinkedin.com%2Fin
534,Fields Auto Group,Auto Dealerships,Multi-Brand Dealer,Lakeland,FL,1500,$1B+,Lead follow-up AI,$10K-$20K,Director of Digital,www.fieldsauto.com,3,Florida dealer group,info@fieldsauto.com,contact@fieldsauto.com,,,pattern,,,[first].[last]@fieldsauto.com; [f][last]@fieldsauto.com; [first]@fieldsauto.com; [first][last]@fieldsauto.com,https://www.linkedin.com/search/results/people/?keywords=%22Director+of+Digital%22+%22Fields+Auto+Group%22,,,,,,,,https://www.google.com/search?q=Fields+Auto+Group+%22Director+of+Digital%22+site%3Alinkedin.com%2Fin
535,Morgan Auto Group,Auto Dealerships,Multi-Brand Dealer,Tampa,FL,2000,$1B+,Inventory management AI,$10K-$25K,VP of Technology,www.maborgs.com,3,Tampa area dealer group,info@maborgs.com,contact@maborgs.com,,,pattern,,,[first].[last]@maborgs.com; [f][last]@maborgs.com; [first]@maborgs.com; [first][last]@maborgs.com,https://www.linkedin.com/search/results/people/?keywords=%22VP+of+Technology%22+%22Morgan+Auto+Group%22,,,,,,,,https://www.google.com/search?q=Morgan+Auto+Group+%22VP+of+Technology%22+site%3Alinkedin.com%2Fin
536,Greenway Automotive,Auto Dealerships,Multi-Brand Dealer,Orlando,FL,1500,$500M-$1B,Customer engagement AI,$8K-$20K,Director of IT,www.greenway.com,3,Southeast dealer group,info@greenway.com,contact@greenway.com,(177) 212-4040,(177) 212-4052; (176) 836-3218,pattern,,,[first].[last]@greenway.com; [f][last]@greenway.com; [first]@greenway.com; [first][last]@greenway.com,https://www.linkedin.com/search/results/people/?keywords=%22Director+of+IT%22+%22Greenway+Automotive%22,,,,,,,,https://www.google.com/search?q=Greenway+Automotive+%22Director+of+IT%22+site%3Alinkedin.com%2Fin
537,Serra Automotive,Auto Dealerships,Multi-Brand Dealer,Fenton,MI,1200,$500M-$1B,Lead follow-up AI,$8K-$20K,VP of Technology,www.serraautomotive.com,3,Midwest dealer group,info@serraautomotive.com,contact@serraautomotive.com,,,pattern,,,[first].[last]@serraautomotive.com; [f][last]@serraautomotive.com; [first]@serraautomotive.com; [first][last]@serraautomotive.com,https://www.linkedin.com/search/results/people/?keywords=%22VP+of+Technology%22+%22Serra+Automotive%22,,,,,,,,https://www.google.com/search?q=Serra+Automotive+%22VP+of+Technology%22+site%3Alinkedin.com%2Fin
538,Bert Ogden Auto Group,Auto Dealerships,Multi-Brand Dealer,McAllen,TX,2000,$1B+,Service scheduling AI,$10K-$25K,Director of Digital,www.bertogden.com,3,South Texas dealer group,pearl.medina@bertogden.com,,(177) 212-4040,(177) 212-4053; (177) 212-4052,scraped,,,[first].[last]@bertogden.com; [f][last]@bertogden.com; [first]@bertogden.com; [first][last]@bertogden.com,https://www.linkedin.com/search/results/people/?keywords=%22Director+of+Digital%22+%22Bert+Ogden+Auto+Group%22,,,https://x.com/mapbox,https://www.facebook.com/tr,https://www.instagram.com/bertogdenrgv/,https://www.youtube.com/channel/UCU3pKD6-TmnDnJMYGCVOvEg,,https://www.google.com/search?q=Bert+Ogden+Auto+Group+%22Director+of+Digital%22+site%3Alinkedin.com%2Fin
539,Carvana,Auto Dealerships,Online Dealer,Tempe,AZ,13000,$10B+,AI pricing engine,$25K-$50K,Chief Technology Officer,www.carvana.com,5,NYSE; online used car leader,info@carvana.com,contact@carvana.com,,,pattern,,,[first].[last]@carvana.com; [f][last]@carvana.com; [first]@carvana.com; [first][last]@carvana.com,https://www.linkedin.com/search/results/people/?keywords=%22Chief+Technology+Officer%22+%22Carvana%22,,,,,,,,https://www.google.com/search?q=Carvana+%22Chief+Technology+Officer%22+site%3Alinkedin.com%2Fin
540,CarMax,Auto Dealerships,Used Car Dealer,Richmond,VA,27000,$10B+,Inventory AI,$30K-$50K,CTO,www.carmax.com,5,Fortune 500; 240+ stores,info@carmax.com,contact@carmax.com,,,pattern,,,[first].[last]@carmax.com; [f][last]@carmax.com; [first]@carmax.com; [first][last]@carmax.com,https://www.linkedin.com/search/results/people/?keywords=%22CTO%22+%22CarMax%22,,,,,,,,https://www.google.com/search?q=CarMax+%22CTO%22+site%3Alinkedin.com%2Fin
541,Vroom,Auto Dealerships,Online Dealer,Houston,TX,1500,$1B+,AI vehicle appraisal,$10K-$25K,Chief Technology Officer,www.vroom.com,3,NASDAQ; online auto retail,info@vroom.com,contact@vroom.com,(844) 670-1873,(877) 675-7254,pattern,,,[first].[last]@vroom.com; [f][last]@vroom.com; [first]@vroom.com; [first][last]@vroom.com,https://www.linkedin.com/search/results/people/?keywords=%22Chief+Technology+Officer%22+%22Vroom%22,,,,,,,,https://www.google.com/search?q=Vroom+%22Chief+Technology+Officer%22+site%3Alinkedin.com%2Fin
542,AutoTrader / Cox Automotive,Auto Dealerships,Auto Platform,Atlanta,GA,27000,$5B+,AI lead scoring,$30K-$50K,VP of AI,www.coxautoinc.com,5,Auto marketplace + DMS platform,info@coxautoinc.com,contact@coxautoinc.com,(200) 000-2288,(200) 000-2287; (200) 003-9062,pattern,,,[first].[last]@coxautoinc.com; [f][last]@coxautoinc.com; [first]@coxautoinc.com; [first][last]@coxautoinc.com,https://www.linkedin.com/search/results/people/?keywords=%22VP+of+AI%22+%22AutoTrader+%2F+Cox+Automotive%22,https://www.linkedin.com/company/cox-automotive-inc-/,,https://x.com/CoxAutomotive,https://www.facebook.com/CoxAutoInc/,https://www.instagram.com/coxautomotive/,,,https://www.google.com/search?q=AutoTrader+%2F+Cox+Automotive+%22VP+of+AI%22+site%3Alinkedin.com%2Fin
543,CDK Global,Auto Dealerships,Auto Tech,Austin,TX,9000,$1B+,Dealer management AI,$20K-$40K,Chief Technology Officer,www.cdkglobal.com,4,DMS provider for dealerships,cdkmediainquiries@cdk.com,u003ecdkmediainquiries@cdk.com; lisa.finney@cdk.com; u003elisa.finney@cdk.com,(332) 304-1480,(286) 454-4891; (833) 620-2129,scraped,,,[first].[last]@cdkglobal.com; [f][last]@cdkglobal.com; [first]@cdkglobal.com; [first][last]@cdkglobal.com,https://www.linkedin.com/search/results/people/?keywords=%22Chief+Technology+Officer%22+%22CDK+Global%22,https://linkedin.com/company/cdknorthamerica,https://www.linkedin.com/in/sanjayalmeida/; https://www.linkedin.com/in/davelikescars; https://www.linkedin.com/in/kathy-anne-mcmanus-9948334/,https://twitter.com/cdkglobal,https://facebook.com/cdkglobal,https://instagram.com/cdkglobal,,,https://www.google.com/search?q=CDK+Global+%22Chief+Technology+Officer%22+site%3Alinkedin.com%2Fin
544,Vaughan Automotive,Auto Dealerships,Multi-Brand Dealer,Boerne,TX,800,$200M-$500M,Lead follow-up AI,$8K-$15K,Director of IT,www.vaughanauto.com,3,New to Top 150 list,info@vaughanauto.com,contact@vaughanauto.com,(202) 601-0211,(905) 738-2255,pattern,,,[first].[last]@vaughanauto.com; [f][last]@vaughanauto.com; [first]@vaughanauto.com; [first][last]@vaughanauto.com,https://www.linkedin.com/search/results/people/?keywords=%22Director+of+IT%22+%22Vaughan+Automotive%22,,,,,,,,https://www.google.com/search?q=Vaughan+Automotive+%22Director+of+IT%22+site%3Alinkedin.com%2Fin
545,Jeff Wyler Automotive Family,Auto Dealerships,Multi-Brand Dealer,Cincinnati,OH,1500,$1B+,Service scheduling AI,$10K-$20K,VP of Technology,www.jeffwyler.com,3,Ohio/Kentucky dealer group,info@jeffwyler.com,contact@jeffwyler.com,,,pattern,,,[first].[last]@jeffwyler.com; [f][last]@jeffwyler.com; [first]@jeffwyler.com; [first][last]@jeffwyler.com,https://www.linkedin.com/search/results/people/?keywords=%22VP+of+Technology%22+%22Jeff+Wyler+Automotive+Family%22,,,,,,,,https://www.google.com/search?q=Jeff+Wyler+Automotive+Family+%22VP+of+Technology%22+site%3Alinkedin.com%2Fin
546,David Wilson Automotive Group,Auto Dealerships,Multi-Brand Dealer,Newport Beach,CA,1000,$500M-$1B,Customer engagement AI,$8K-$20K,Director of Digital,www.davidwilsonautomotive.com,3,Southern CA dealer group,info@davidwilsonautomotive.com,contact@davidwilsonautomotive.com,,,pattern,,,[first].[last]@davidwilsonautomotive.com; [f][last]@davidwilsonautomotive.com; [first]@davidwilsonautomotive.com; [first][last]@davidwilsonautomotive.com,https://www.linkedin.com/search/results/people/?keywords=%22Director+of+Digital%22+%22David+Wilson+Automotive+Group%22,,,,,,,,https://www.google.com/search?q=David+Wilson+Automotive+Group+%22Director+of+Digital%22+site%3Alinkedin.com%2Fin
547,Scoggin-Dickey,Auto Dealerships,Multi-Brand Dealer,Lubbock,TX,500,$200M-$500M,Lead follow-up AI,$5K-$15K,Director of IT,www.scoggindickey.com,2,West Texas dealer,info@scoggindickey.com,contact@scoggindickey.com,,,pattern,,,[first].[last]@scoggindickey.com; [f][last]@scoggindickey.com; [first]@scoggindickey.com; [first][last]@scoggindickey.com,https://www.linkedin.com/search/results/people/?keywords=%22Director+of+IT%22+%22Scoggin-Dickey%22,,,,,,,,https://www.google.com/search?q=Scoggin-Dickey+%22Director+of+IT%22+site%3Alinkedin.com%2Fin
548,Performance Automotive,Auto Dealerships,Multi-Brand Dealer,Chapel Hill,NC,800,$200M-$500M,Inventory management AI,$8K-$15K,VP of Technology,www.performanceautogroup.com,3,NC dealer group,info@performanceautogroup.com,contact@performanceautogroup.com,,,pattern,,,[first].[last]@performanceautogroup.com; [f][last]@performanceautogroup.com; [first]@performanceautogroup.com; [first][last]@performanceautogroup.com,https://www.linkedin.com/search/results/people/?keywords=%22VP+of+Technology%22+%22Performance+Automotive%22,,,,,,,,https://www.google.com/search?q=Performance+Automotive+%22VP+of+Technology%22+site%3Alinkedin.com%2Fin
549,Priority Automotive,Auto Dealerships,Multi-Brand Dealer,Virginia Beach,VA,1500,$500M-$1B,Service scheduling AI,$8K-$20K,Director of IT,www.priorityauto.com,3,Virginia dealer group,info@priorityauto.com,contact@priorityauto.com,(790) 943-1457,(240) 516-6625; (417) 287-4355,pattern,,,[first].[last]@priorityauto.com; [f][last]@priorityauto.com; [first]@priorityauto.com; [first][last]@priorityauto.com,https://www.linkedin.com/search/results/people/?keywords=%22Director+of+IT%22+%22Priority+Automotive%22,,,,https://www.facebook.com/tr,,,,https://www.google.com/search?q=Priority+Automotive+%22Director+of+IT%22+site%3Alinkedin.com%2Fin
550,Napleton Automotive Group,Auto Dealerships,Multi-Brand Dealer,Lake Park,FL,2000,$1B+,Lead follow-up AI,$10K-$25K,VP of Digital,www.napletonautomotive.com,3,Multi-state dealer group,info@napletonautomotive.com,contact@napletonautomotive.com,,,pattern,,,[first].[last]@napletonautomotive.com; [f][last]@napletonautomotive.com; [first]@napletonautomotive.com; [first][last]@napletonautomotive.com,https://www.linkedin.com/search/results/people/?keywords=%22VP+of+Digital%22+%22Napleton+Automotive+Group%22,,,,,,,,https://www.google.com/search?q=Napleton+Automotive+Group+%22VP+of+Digital%22+site%3Alinkedin.com%2Fin
551,Flow Automotive,Auto Dealerships,Multi-Brand Dealer,Winston-Salem,NC,1500,$500M-$1B,Customer engagement AI,$8K-$20K,Director of Technology,www.flowcompanies.com,3,NC dealer group,info@flowcompanies.com,contact@flowcompanies.com,,,pattern,,,[first].[last]@flowcompanies.com; [f][last]@flowcompanies.com; [first]@flowcompanies.com; [first][last]@flowcompanies.com,https://www.linkedin.com/search/results/people/?keywords=%22Director+of+Technology%22+%22Flow+Automotive%22,,,,,,,,https://www.google.com/search?q=Flow+Automotive+%22Director+of+Technology%22+site%3Alinkedin.com%2Fin
552,Bical Auto Mall,Auto Dealerships,Multi-Brand Dealer,Brooklyn,NY,300,$100M-$200M,Lead follow-up AI,$5K-$15K,General Manager,www.bical.com,2,NYC area dealer,info@bical.com,contact@bical.com,,,pattern,,,[first].[last]@bical.com; [f][last]@bical.com; [first]@bical.com; [first][last]@bical.com,https://www.linkedin.com/search/results/people/?keywords=%22General+Manager%22+%22Bical+Auto+Mall%22,,,,,,,,https://www.google.com/search?q=Bical+Auto+Mall+%22General+Manager%22+site%3Alinkedin.com%2Fin
553,Ganley Automotive Group,Auto Dealerships,Multi-Brand Dealer,Cleveland,OH,1500,$500M-$1B,Service scheduling AI,$8K-$20K,VP of Technology,www.ganley.com,3,Ohio dealer group,info@ganley.com,contact@ganley.com,,,pattern,,,[first].[last]@ganley.com; [f][last]@ganley.com; [first]@ganley.com; [first][last]@ganley.com,https://www.linkedin.com/search/results/people/?keywords=%22VP+of+Technology%22+%22Ganley+Automotive+Group%22,,,,,,,,https://www.google.com/search?q=Ganley+Automotive+Group+%22VP+of+Technology%22+site%3Alinkedin.com%2Fin
554,Germain Motor Company,Auto Dealerships,Multi-Brand Dealer,Columbus,OH,1000,$500M-$1B,Inventory management AI,$8K-$20K,Director of IT,www.germain.com,3,Ohio dealer group,leads@germaintoyotaofcolumbus.dealercrm.com,,(176) 836-3217,(888) 711-8804; (177) 212-4040,scraped,,,[first].[last]@germain.com; [f][last]@germain.com; [first]@germain.com; [first][last]@germain.com,https://www.linkedin.com/search/results/people/?keywords=%22Director+of+IT%22+%22Germain+Motor+Company%22,,,,,,,,https://www.google.com/search?q=Germain+Motor+Company+%22Director+of+IT%22+site%3Alinkedin.com%2Fin
555,Galpin Motors,Auto Dealerships,Multi-Brand Dealer,North Hills,CA,800,$200M-$500M,Customer engagement AI,$8K-$15K,VP of Technology,www.galpin.com,3,LA iconic dealer,carshow@galpin.com,,(211) 230-0000,(200) 510-1501; (230) 811-0700,scraped,,,[first].[last]@galpin.com; [f][last]@galpin.com; [first]@galpin.com; [first][last]@galpin.com,https://www.linkedin.com/search/results/people/?keywords=%22VP+of+Technology%22+%22Galpin+Motors%22,,,https://twitter.com/galpinmotors,https://www.facebook.com/GalpinMotors,,https://www.youtube.com/@galpinmotors,,https://www.google.com/search?q=Galpin+Motors+%22VP+of+Technology%22+site%3Alinkedin.com%2Fin
556,Bergstrom Automotive,Auto Dealerships,Multi-Brand Dealer,Appleton,WI,1000,$500M-$1B,Lead follow-up AI,$8K-$20K,Director of Digital,www.bergstromauto.com,3,Wisconsin dealer group,info@bergstromauto.com,contact@bergstromauto.com,(863) 555-9082,(460) 220-3369; (457) 218-3645,pattern,,,[first].[last]@bergstromauto.com; [f][last]@bergstromauto.com; [first]@bergstromauto.com; [first][last]@bergstromauto.com,https://www.linkedin.com/search/results/people/?keywords=%22Director+of+Digital%22+%22Bergstrom+Automotive%22,https://www.linkedin.com/company/bergstrom-automotive,,https://twitter.com/bergstromauto,https://www.facebook.com/bergstromauto/,https://www.instagram.com/bergstromauto/,https://www.youtube.com/@bergstromauto,,https://www.google.com/search?q=Bergstrom+Automotive+%22Director+of+Digital%22+site%3Alinkedin.com%2Fin
557,John Eagle Dealerships,Auto Dealerships,Multi-Brand Dealer,Dallas,TX,1200,$500M-$1B,Service scheduling AI,$8K-$20K,VP of Technology,www.johneagle.com,3,Texas dealer group,info@johneagle.com,contact@johneagle.com,,,pattern,,,[first].[last]@johneagle.com; [f][last]@johneagle.com; [first]@johneagle.com; [first][last]@johneagle.com,https://www.linkedin.com/search/results/people/?keywords=%22VP+of+Technology%22+%22John+Eagle+Dealerships%22,,,,,,,,https://www.google.com/search?q=John+Eagle+Dealerships+%22VP+of+Technology%22+site%3Alinkedin.com%2Fin
558,Shottenkirk Automotive,Auto Dealerships,Multi-Brand Dealer,Fort Madison,IA,800,$200M-$500M,Inventory management AI,$5K-$15K,Director of IT,www.shottenkirk.com,2,Midwest dealer group,info@shottenkirk.com,contact@shottenkirk.com,(555) 555-5555,(256) 257-1516; (682) 498-8427,pattern,,,[first].[last]@shottenkirk.com; [f][last]@shottenkirk.com; [first]@shottenkirk.com; [first][last]@shottenkirk.com,https://www.linkedin.com/search/results/people/?keywords=%22Director+of+IT%22+%22Shottenkirk+Automotive%22,,,,https://www.facebook.com/ShottenkirkAutomotive/,https://www.instagram.com/shottenkirkautomotive/,,,https://www.google.com/search?q=Shottenkirk+Automotive+%22Director+of+IT%22+site%3Alinkedin.com%2Fin
559,Love Field Chrysler Dodge,Auto Dealerships,Single Brand,Dallas,TX,200,$50M-$100M,Lead follow-up AI,$5K-$12K,General Manager,www.lovefieldchrysler.com,2,Single location; high volume,info@lovefieldchrysler.com,contact@lovefieldchrysler.com,,,pattern,,,[first].[last]@lovefieldchrysler.com; [f][last]@lovefieldchrysler.com; [first]@lovefieldchrysler.com; [first][last]@lovefieldchrysler.com,https://www.linkedin.com/search/results/people/?keywords=%22General+Manager%22+%22Love+Field+Chrysler+Dodge%22,,,,,,,,https://www.google.com/search?q=Love+Field+Chrysler+Dodge+%22General+Manager%22+site%3Alinkedin.com%2Fin
560,Rick Hendrick City Chevrolet,Auto Dealerships,Single Brand,Charlotte,NC,300,$100M-$200M,Service scheduling AI,$5K-$15K,General Manager,www.citychevrolet.com,2,Hendrick subsidiary; high volume,heather.drayton@hendrickauto.com,,(704) 321-4151,(177) 212-4040; (177) 212-4042,scraped,,,[first].[last]@citychevrolet.com; [f][last]@citychevrolet.com; [first]@citychevrolet.com; [first][last]@citychevrolet.com,https://www.linkedin.com/search/results/people/?keywords=%22General+Manager%22+%22Rick+Hendrick+City+Chevrolet%22,https://www.linkedin.com/company/rick-hendrick-city-chevrolet/,,https://twitter.com/citychevrolet,https://www.facebook.com/CityChevrolet,https://www.instagram.com/rickhendrickcitychevrolet/,,,https://www.google.com/search?q=Rick+Hendrick+City+Chevrolet+%22General+Manager%22+site%3Alinkedin.com%2Fin
561,Service Champions,"Home Services (HVAC, Plumbing, Roofing)",HVAC/Plumbing,Pleasanton,CA,2000,$200M-$500M,Dispatch AI,$10K-$25K,Chief Operating Officer,www.servicechampions.net,4,Champions Group; 20+ locations,info@servicechampions.net,contact@servicechampions.net,(121) 918-7738,(123) 234-4547; (770) 991-9848,pattern,,,[first].[last]@servicechampions.net; [f][last]@servicechampions.net; [first]@servicechampions.net; [first][last]@servicechampions.net,https://www.linkedin.com/search/results/people/?keywords=%22Chief+Operating+Officer%22+%22Service+Champions%22,https://www.linkedin.com/company/servicechampions/,,https://twitter.com/servicechamps,https://www.facebook.com/ServiceChampions,https://www.instagram.com/servicechampionsnorcal,https://www.youtube.com/c/ServicechampionsNetNorCal,,https://www.google.com/search?q=Service+Champions+%22Chief+Operating+Officer%22+site%3Alinkedin.com%2Fin
562,Hoffmann Brothers,"Home Services (HVAC, Plumbing, Roofing)",HVAC/Plumbing,St. Louis,MO,400,$50M-$100M,Lead qualification AI,$8K-$20K,Director of Operations,www.hoffmannbros.com,3,40+ years; 10K+ 5-star reviews,info@hoffmannbros.com,contact@hoffmannbros.com,(177) 004-4614,(285) 714-2857,pattern,,,[first].[last]@hoffmannbros.com; [f][last]@hoffmannbros.com; [first]@hoffmannbros.com; [first][last]@hoffmannbros.com,https://www.linkedin.com/search/results/people/?keywords=%22Director+of+Operations%22+%22Hoffmann+Brothers%22,https://www.linkedin.com/company/hoffmann-brothers,,https://twitter.com/hoffmannbros,https://www.facebook.com/HoffmannBros,https://www.instagram.com/hoffmannbros,https://www.youtube.com/c/Hoffmannbros,,https://www.google.com/search?q=Hoffmann+Brothers+%22Director+of+Operations%22+site%3Alinkedin.com%2Fin
563,Peterman Brothers,"Home Services (HVAC, Plumbing, Roofing)",HVAC/Plumbing,Indianapolis,IN,500,$50M-$100M,Dispatch AI,$8K-$20K,VP of Operations,www.petermanhvac.com,3,Fastest growing in Indiana,info@petermanhvac.com,contact@petermanhvac.com,(000) 000-0030,(770) 682-5649; (177) 195-8626,pattern,,,[first].[last]@petermanhvac.com; [f][last]@petermanhvac.com; [first]@petermanhvac.com; [first][last]@petermanhvac.com,https://www.linkedin.com/search/results/people/?keywords=%22VP+of+Operations%22+%22Peterman+Brothers%22,https://www.linkedin.com/company/petermanbros,,,https://www.facebook.com/PetermanBros,https://www.instagram.com/thepetermanbros/,https://www.youtube.com/channel/UCW5U2lm25aOcW8amjO8gs_Q,,https://www.google.com/search?q=Peterman+Brothers+%22VP+of+Operations%22+site%3Alinkedin.com%2Fin
564,Roto-Rooter,"Home Services (HVAC, Plumbing, Roofing)",Plumbing/Drain,Cincinnati,OH,5000,$500M-$1B,Dispatch AI,$15K-$30K,Chief Technology Officer,www.rotorooter.com,5,498 locations; 90% US coverage,info@rotorooter.com,contact@rotorooter.com,(304) 586-2401,(118) 077-0233; (041) 892-1004,pattern,,,[first].[last]@rotorooter.com; [f][last]@rotorooter.com; [first]@rotorooter.com; [first][last]@rotorooter.com,https://www.linkedin.com/search/results/people/?keywords=%22Chief+Technology+Officer%22+%22Roto-Rooter%22,https://www.linkedin.com/company/roto-rooter,,https://x.com/rotorooter,https://www.facebook.com/rotorooter,https://www.instagram.com/rotorooterplumbing/,,,https://www.google.com/search?q=Roto-Rooter+%22Chief+Technology+Officer%22+site%3Alinkedin.com%2Fin
565,Mr. Rooter Plumbing,"Home Services (HVAC, Plumbing, Roofing)",Plumbing,Waco,TX,3000,$200M-$500M,Lead qualification AI,$10K-$25K,VP of Technology,www.mrrooter.com,4,Neighborly brand; 215 US franchises,info@mrrooter.com,contact@mrrooter.com,(833) 785-6698,,pattern,,,[first].[last]@mrrooter.com; [f][last]@mrrooter.com; [first]@mrrooter.com; [first][last]@mrrooter.com,https://www.linkedin.com/search/results/people/?keywords=%22VP+of+Technology%22+%22Mr.+Rooter+Plumbing%22,,,,,,,,https://www.google.com/search?q=Mr.+Rooter+Plumbing+%22VP+of+Technology%22+site%3Alinkedin.com%2Fin
566,One Hour Heating & Air,"Home Services (HVAC, Plumbing, Roofing)",HVAC,Columbia,MD,2500,$200M-$500M,Estimate automation AI,$10K-$25K,Director of Technology,www.onehourheatandair.com,4,Authority Brands franchise,info@onehourheatandair.com,contact@onehourheatandair.com,,,pattern,,,[first].[last]@onehourheatandair.com; [f][last]@onehourheatandair.com; [first]@onehourheatandair.com; [first][last]@onehourheatandair.com,https://www.linkedin.com/search/results/people/?keywords=%22Director+of+Technology%22+%22One+Hour+Heating+%26+Air%22,,,,,,,,https://www.google.com/search?q=One+Hour+Heating+%26+Air+%22Director+of+Technology%22+site%3Alinkedin.com%2Fin
567,Benjamin Franklin Plumbing,"Home Services (HVAC, Plumbing, Roofing)",Plumbing,Columbia,MD,2000,$100M-$200M,Dispatch AI,$8K-$20K,VP of Operations,www.benjaminfranklinplumbing.com,3,Authority Brands franchise,info@benjaminfranklinplumbing.com,contact@benjaminfranklinplumbing.com,,,pattern,,,[first].[last]@benjaminfranklinplumbing.com; [f][last]@benjaminfranklinplumbing.com; [first]@benjaminfranklinplumbing.com; [first][last]@benjaminfranklinplumbing.com,https://www.linkedin.com/search/results/people/?keywords=%22VP+of+Operations%22+%22Benjamin+Franklin+Plumbing%22,,,,,,,,https://www.google.com/search?q=Benjamin+Franklin+Plumbing+%22VP+of+Operations%22+site%3Alinkedin.com%2Fin
568,1-800-Plumber +Air,"Home Services (HVAC, Plumbing, Roofing)",HVAC/Plumbing,Houston,TX,500,$25M-$50M,Lead qualification AI,$5K-$15K,Director of Operations,www.1800plumber.com,3,Combined HVAC/plumbing franchise,info@1800plumber.com,contact@1800plumber.com,(177) 237-2271,(800) 758-6237; (734) 651-4137,pattern,,,[first].[last]@1800plumber.com; [f][last]@1800plumber.com; [first]@1800plumber.com; [first][last]@1800plumber.com,https://www.linkedin.com/search/results/people/?keywords=%22Director+of+Operations%22+%221-800-Plumber+%2BAir%22,,,https://twitter.com/1800Plumber_USA,https://www.facebook.com/1800PlumberAirUSA,https://www.instagram.com/1800plumberair/,,,https://www.google.com/search?q=1-800-Plumber+%2BAir+%22Director+of+Operations%22+site%3Alinkedin.com%2Fin
569,Bluefrog Plumbing + Drain,"Home Services (HVAC, Plumbing, Roofing)",Plumbing,Phoenix,AZ,300,$10M-$25M,Dispatch AI,$5K-$12K,VP of Franchise,www.bluefrogplumbing.com,2,Emergency plumbing focus,info@bluefrogplumbing.com,contact@bluefrogplumbing.com,(166) 871-6331,(974) 747-2785; (739) 469-5176,pattern,,,[first].[last]@bluefrogplumbing.com; [f][last]@bluefrogplumbing.com; [first]@bluefrogplumbing.com; [first][last]@bluefrogplumbing.com,https://www.linkedin.com/search/results/people/?keywords=%22VP+of+Franchise%22+%22Bluefrog+Plumbing+%2B+Drain%22,,,https://twitter.com/bluefrogpad,https://www.facebook.com/bluefrogpad,https://instagram.com/bfpad/,,,https://www.google.com/search?q=Bluefrog+Plumbing+%2B+Drain+%22VP+of+Franchise%22+site%3Alinkedin.com%2Fin
570,Comfort Systems USA,"Home Services (HVAC, Plumbing, Roofing)",HVAC Commercial,Houston,TX,15000,$1B+,Predictive maintenance AI,$25K-$50K,Chief Technology Officer,www.comfortsystemsusa.com,5,NYSE listed; mechanical services,information@comfortsystemsusa.com,,(367) 542-6032,(597) 437-0541; (668) 992-6032,scraped,,,[first].[last]@comfortsystemsusa.com; [f][last]@comfortsystemsusa.com; [first]@comfortsystemsusa.com; [first][last]@comfortsystemsusa.com,https://www.linkedin.com/search/results/people/?keywords=%22Chief+Technology+Officer%22+%22Comfort+Systems+USA%22,https://www.linkedin.com/company/comfort-systems-usa/,,https://x.com/mapbox,https://www.facebook.com/ComfortSystemsUsa,,,,https://www.google.com/search?q=Comfort+Systems+USA+%22Chief+Technology+Officer%22+site%3Alinkedin.com%2Fin
571,EMCOR Group,"Home Services (HVAC, Plumbing, Roofing)",HVAC/Mechanical,Norwalk,CT,40000,$10B+,Building automation AI,$30K-$50K,VP of Innovation,www.emcorgroup.com,5,Fortune 500; largest US HVAC,info@emcorgroup.com,contact@emcorgroup.com,(177) 240-3680,(866) 890-7794; (866) 890-7794,pattern,,,[first].[last]@emcorgroup.com; [f][last]@emcorgroup.com; [first]@emcorgroup.com; [first][last]@emcorgroup.com,https://www.linkedin.com/search/results/people/?keywords=%22VP+of+Innovation%22+%22EMCOR+Group%22,https://www.linkedin.com/company/emcor-group-inc/,,,https://www.facebook.com/emcorgroupinc,https://www.instagram.com/emcor_group_inc/,,,https://www.google.com/search?q=EMCOR+Group+%22VP+of+Innovation%22+site%3Alinkedin.com%2Fin
572,Trane Technologies,"Home Services (HVAC, Plumbing, Roofing)",HVAC Manufacturing,Davidson,NC,40000,$10B+,Predictive maintenance AI,$30K-$50K,Chief Technology Officer,www.tranetechnologies.com,5,NYSE listed; $16B revenue,info@tranetechnologies.com,contact@tranetechnologies.com,(239) 261-8224,(704) 655-4000; (866) 472-6793,pattern,,,[first].[last]@tranetechnologies.com; [f][last]@tranetechnologies.com; [first]@tranetechnologies.com; [first][last]@tranetechnologies.com,https://www.linkedin.com/search/results/people/?keywords=%22Chief+Technology+Officer%22+%22Trane+Technologies%22,https://www.linkedin.com/company/tranetechnologies,,https://x.com/trane_tech,https://www.facebook.com/TraneTechnologies/,https://www.instagram.com/tranetechnologies/,https://www.youtube.com/channel/UCsLsVDb_r7aohV1FNWqevuA,,https://www.google.com/search?q=Trane+Technologies+%22Chief+Technology+Officer%22+site%3Alinkedin.com%2Fin
573,Carrier Global,"Home Services (HVAC, Plumbing, Roofing)",HVAC Manufacturing,Palm Beach Gardens,FL,53000,$10B+,Smart building AI,$30K-$50K,CTO,www.corporate.carrier.com,5,NYSE listed; $22B revenue,info@corporate.carrier.com,contact@corporate.carrier.com,(605) 666-5220,(194) 514-0875; (898) 571-7319,pattern,,,[first].[last]@corporate.carrier.com; [f][last]@corporate.carrier.com; [first]@corporate.carrier.com; [first][last]@corporate.carrier.com,https://www.linkedin.com/search/results/people/?keywords=%22CTO%22+%22Carrier+Global%22,https://www.linkedin.com/company/carrier/,,https://twitter.com/carrier,https://www.facebook.com/CarrierGlobal/,https://www.instagram.com/carrier/,https://www.youtube.com/channel/UCtKSYiZM4UMSaQ28uWlHWKg,,https://www.google.com/search?q=Carrier+Global+%22CTO%22+site%3Alinkedin.com%2Fin
574,ARS/Rescue Rooter,"Home Services (HVAC, Plumbing, Roofing)",HVAC/Plumbing,Memphis,TN,7000,$1B+,Dispatch AI,$15K-$30K,VP of Technology,www.ars.com,4,American Residential Services; 65+ locations,customercaremail@ars.com,,(866) 399-2885,(451) 964-4568; (087) 758-1120,scraped,,,[first].[last]@ars.com; [f][last]@ars.com; [first]@ars.com; [first][last]@ars.com,https://www.linkedin.com/search/results/people/?keywords=%22VP+of+Technology%22+%22ARS%2FRescue+Rooter%22,https://www.linkedin.com/company/american-residential-services,,https://twitter.com/ARSRescueRooter,https://www.facebook.com/ARSRescueRooter,https://www.instagram.com/ars_rescuerooter,https://www.youtube.com/@ARSRescueRooter,,https://www.google.com/search?q=ARS%2FRescue+Rooter+%22VP+of+Technology%22+site%3Alinkedin.com%2Fin
575,Service Experts,"Home Services (HVAC, Plumbing, Roofing)",HVAC,Richardson,TX,5000,$500M-$1B,Lead qualification AI,$10K-$25K,Director of Technology,www.serviceexperts.com,4,130+ locations nationwide,example@domain.com,,(084) 745-7627,(260) 213-0938; (866) 963-7996,scraped,,,[first].[last]@serviceexperts.com; [f][last]@serviceexperts.com; [first]@serviceexperts.com; [first][last]@serviceexperts.com,https://www.linkedin.com/search/results/people/?keywords=%22Director+of+Technology%22+%22Service+Experts%22,https://www.linkedin.com/company/service-experts,,,https://www.facebook.com/ServiceExpertsHeatingandAirConditioning/,https://www.instagram.com/service_experts/,,,https://www.google.com/search?q=Service+Experts+%22Director+of+Technology%22+site%3Alinkedin.com%2Fin
576,Neighborly,"Home Services (HVAC, Plumbing, Roofing)",Multi-Brand Home,Waco,TX,5000,$1B+,Cross-sell AI,$20K-$40K,Chief Technology Officer,www.neighborly.com,5,30+ home service brands,info@neighborly.com,contact@neighborly.com,(700) 016-6110,(039) 076-3292; (855) 217-8437,pattern,,,[first].[last]@neighborly.com; [f][last]@neighborly.com; [first]@neighborly.com; [first][last]@neighborly.com,https://www.linkedin.com/search/results/people/?keywords=%22Chief+Technology+Officer%22+%22Neighborly%22,https://www.linkedin.com/company/neighborly/,,https://twitter.com/Neighborly,https://www.facebook.com/neighborly/,https://www.instagram.com/getneighborly/,https://www.youtube.com/channel/UCUiy05UtRB-A210yu7CzS-w,,https://www.google.com/search?q=Neighborly+%22Chief+Technology+Officer%22+site%3Alinkedin.com%2Fin
577,ABC Supply,"Home Services (HVAC, Plumbing, Roofing)",Roofing Distribution,Beloit,WI,15000,$10B+,Inventory management AI,$25K-$50K,VP of Innovation,www.abcsupply.com,5,Largest US roofing distributor,info@abcsupply.com,contact@abcsupply.com,(176) 765-4309,(177) 100-9610; (176) 366-8999,pattern,,,[first].[last]@abcsupply.com; [f][last]@abcsupply.com; [first]@abcsupply.com; [first][last]@abcsupply.com,https://www.linkedin.com/search/results/people/?keywords=%22VP+of+Innovation%22+%22ABC+Supply%22,https://www.linkedin.com/company/abc-supply,,,https://www.facebook.com/ABCSupplyCo,https://www.instagram.com/abcsupplycoinc/,https://www.youtube.com/channel/UC1ME1XrT3I7n3csvQ2D_vig,,https://www.google.com/search?q=ABC+Supply+%22VP+of+Innovation%22+site%3Alinkedin.com%2Fin
578,CentiMark Corporation,"Home Services (HVAC, Plumbing, Roofing)",Roofing,Canonsburg,PA,4000,$500M-$1B,Estimate automation AI,$10K-$25K,Director of Technology,www.centimark.com,4,Largest US roofing contractor,info@centimark.com,contact@centimark.com,(446) 442-4087,(678) 119-9371; (677) 095-0073,pattern,,,[first].[last]@centimark.com; [f][last]@centimark.com; [first]@centimark.com; [first][last]@centimark.com,https://www.linkedin.com/search/results/people/?keywords=%22Director+of+Technology%22+%22CentiMark+Corporation%22,https://www.linkedin.com/company/centimark,,https://twitter.com/CentiMark,https://www.facebook.com/CentiMarkCorporation,https://www.instagram.com/centimark_corporation/,https://www.youtube.com/channel/UCGdx18dpwvu3VxJWeUcYndA,,https://www.google.com/search?q=CentiMark+Corporation+%22Director+of+Technology%22+site%3Alinkedin.com%2Fin
579,Baker Roofing,"Home Services (HVAC, Plumbing, Roofing)",Roofing,Raleigh,NC,1500,$200M-$500M,Dispatch AI,$8K-$20K,VP of Operations,www.bakerroofing.com,3,100+ years; Southeast,contact@bakerroofing.com,,(333) 333-3333,(733) 333-3333; (666) 666-6666,pattern,,,[first].[last]@bakerroofing.com; [f][last]@bakerroofing.com; [first]@bakerroofing.com; [first][last]@bakerroofing.com,https://www.linkedin.com/search/results/people/?keywords=%22VP+of+Operations%22+%22Baker+Roofing%22,,,https://x.com/bakerroofing,https://www.facebook.com/bakerroofing/,https://www.instagram.com/bakerroofing/,,,https://www.google.com/search?q=Baker+Roofing+%22VP+of+Operations%22+site%3Alinkedin.com%2Fin
580,Tecta America,"Home Services (HVAC, Plumbing, Roofing)",Roofing,Rosemont,IL,3000,$500M-$1B,Estimate automation AI,$10K-$25K,Chief Technology Officer,www.tectaamerica.com,4,Largest commercial roofer,info@tectaamerica.com,service@tectaamerica.com,(582) 663-0378,(176) 981-6169; (176) 981-6170,pattern,,,[first].[last]@tectaamerica.com; [f][last]@tectaamerica.com; [first]@tectaamerica.com; [first][last]@tectaamerica.com,https://www.linkedin.com/search/results/people/?keywords=%22Chief+Technology+Officer%22+%22Tecta+America%22,https://www.linkedin.com/company/tecta-america-corp,,https://twitter.com/tectaamerica,https://www.facebook.com/TectaAmerica,https://www.instagram.com/tectaamerica/,,,https://www.google.com/search?q=Tecta+America+%22Chief+Technology+Officer%22+site%3Alinkedin.com%2Fin
581,Nations Roof,"Home Services (HVAC, Plumbing, Roofing)",Roofing,Fairfield,OH,1000,$100M-$200M,Dispatch AI,$8K-$15K,Director of IT,www.nationsroof.com,3,National commercial roofer,info@nationsroof.com,,(230) 477-2830,(772) 131-5807; (232) 086-6014,pattern,,,[first].[last]@nationsroof.com; [f][last]@nationsroof.com; [first]@nationsroof.com; [first][last]@nationsroof.com,https://www.linkedin.com/search/results/people/?keywords=%22Director+of+IT%22+%22Nations+Roof%22,https://www.linkedin.com/company/nations-roof,,,https://www.facebook.com/nationsroof,,https://www.youtube.com/@nationsroof3351,,https://www.google.com/search?q=Nations+Roof+%22Director+of+IT%22+site%3Alinkedin.com%2Fin
582,Ace Hardware Home Services,"Home Services (HVAC, Plumbing, Roofing)",Multi-Home Service,Oak Brook,IL,3000,$200M-$500M,Lead qualification AI,$10K-$25K,VP of Technology,www.acehardware.com,4,Plumbing/HVAC/electrical,carecenter@acehardware.com,u003ecarecenter@acehardware.com; copyright@acehardware.com; fraud@acehardware.com,(111) 236-6487,(888) 827-4223; (770) 902-5726,scraped,,,[first].[last]@acehardware.com; [f][last]@acehardware.com; [first]@acehardware.com; [first][last]@acehardware.com,https://www.linkedin.com/search/results/people/?keywords=%22VP+of+Technology%22+%22Ace+Hardware+Home+Services%22,https://www.linkedin.com/company/acehardwarecorp/,,https://twitter.com/AceHardware,https://www.facebook.com/acehardware/,https://www.instagram.com/acehardware/,,,https://www.google.com/search?q=Ace+Hardware+Home+Services+%22VP+of+Technology%22+site%3Alinkedin.com%2Fin
583,Wrench Group,"Home Services (HVAC, Plumbing, Roofing)",HVAC/Plumbing,Atlanta,GA,3500,$500M-$1B,Dispatch AI,$10K-$25K,Chief Technology Officer,www.wrenchgroup.com,4,Multi-brand home services,info@wrenchgroup.com,wrenchlife@wrenchgroup.com,(171) 813-4139,(941) 477-3771; (870) 029-9819,pattern,,,[first].[last]@wrenchgroup.com; [f][last]@wrenchgroup.com; [first]@wrenchgroup.com; [first][last]@wrenchgroup.com,https://www.linkedin.com/search/results/people/?keywords=%22Chief+Technology+Officer%22+%22Wrench+Group%22,https://www.linkedin.com/company/thewrenchgroup,,,https://www.facebook.com/wrenchgroup/,,,,https://www.google.com/search?q=Wrench+Group+%22Chief+Technology+Officer%22+site%3Alinkedin.com%2Fin
584,Horizon Services,"Home Services (HVAC, Plumbing, Roofing)",HVAC/Plumbing,Wilmington,DE,1500,$100M-$200M,Lead qualification AI,$8K-$20K,Director of Technology,www.horizonservices.com,3,Mid-Atlantic service leader,info@horizonservices.com,contact@horizonservices.com,,(939) 700-0184; (312) 367-1108,pattern,,,[first].[last]@horizonservices.com; [f][last]@horizonservices.com; [first]@horizonservices.com; [first][last]@horizonservices.com,https://www.linkedin.com/search/results/people/?keywords=%22Director+of+Technology%22+%22Horizon+Services%22,https://www.linkedin.com/company/horizonservices,,https://twitter.com/horizonservices,https://www.facebook.com/tr,https://www.instagram.com/horizonservices/,,,https://www.google.com/search?q=Horizon+Services+%22Director+of+Technology%22+site%3Alinkedin.com%2Fin
585,Morris-Jenkins,"Home Services (HVAC, Plumbing, Roofing)",HVAC,Charlotte,NC,500,$50M-$100M,Estimate automation AI,$5K-$15K,Director of Operations,www.morrisjenkins.com,3,Charlotte HVAC leader,info@morrisjenkins.com,contact@morrisjenkins.com,,,pattern,,,[first].[last]@morrisjenkins.com; [f][last]@morrisjenkins.com; [first]@morrisjenkins.com; [first][last]@morrisjenkins.com,https://www.linkedin.com/search/results/people/?keywords=%22Director+of+Operations%22+%22Morris-Jenkins%22,,,,,,,,https://www.google.com/search?q=Morris-Jenkins+%22Director+of+Operations%22+site%3Alinkedin.com%2Fin
586,Aire Serv,"Home Services (HVAC, Plumbing, Roofing)",HVAC,Waco,TX,1500,$50M-$100M,Dispatch AI,$5K-$15K,VP of Franchise,www.aireserv.com,3,Neighborly brand,info@aireserv.com,contact@aireserv.com,(833) 861-7795,,pattern,,,[first].[last]@aireserv.com; [f][last]@aireserv.com; [first]@aireserv.com; [first][last]@aireserv.com,https://www.linkedin.com/search/results/people/?keywords=%22VP+of+Franchise%22+%22Aire+Serv%22,,,,,,,,https://www.google.com/search?q=Aire+Serv+%22VP+of+Franchise%22+site%3Alinkedin.com%2Fin
587,Coolray,"Home Services (HVAC, Plumbing, Roofing)",HVAC,Marietta,GA,400,$50M-$100M,Lead qualification AI,$5K-$15K,Director of Operations,www.coolray.com,3,Wrench Group brand; Atlanta,info@coolray.com,contact@coolray.com,(770) 421-8400,(770) 991-9848; (447) 630-7384,pattern,,,[first].[last]@coolray.com; [f][last]@coolray.com; [first]@coolray.com; [first][last]@coolray.com,https://www.linkedin.com/search/results/people/?keywords=%22Director+of+Operations%22+%22Coolray%22,https://www.linkedin.com/company/coolray-atlanta/,,https://twitter.com/CoolrayAtlanta,https://facebook.com/CoolrayAtlanta,https://www.instagram.com/coolrayservices/,,,https://www.google.com/search?q=Coolray+%22Director+of+Operations%22+site%3Alinkedin.com%2Fin
588,Michael & Son Services,"Home Services (HVAC, Plumbing, Roofing)",Multi-Home Service,Alexandria,VA,800,$100M-$200M,Dispatch AI,$8K-$20K,VP of Technology,www.michaelandson.com,3,DC metro area leader,info@michaelandson.com,contact@michaelandson.com,(800) 948-6453,(360) 262-3893; (138) 536-8553,pattern,,,[first].[last]@michaelandson.com; [f][last]@michaelandson.com; [first]@michaelandson.com; [first][last]@michaelandson.com,https://www.linkedin.com/search/results/people/?keywords=%22VP+of+Technology%22+%22Michael+%26+Son+Services%22,,,https://twitter.com/michaelandson,https://www.facebook.com/michaelandson/,https://www.instagram.com/michaelandson.official/,,,https://www.google.com/search?q=Michael+%26+Son+Services+%22VP+of+Technology%22+site%3Alinkedin.com%2Fin
589,Hiller Plumbing,"Home Services (HVAC, Plumbing, Roofing)",Plumbing/HVAC,Nashville,TN,600,$50M-$100M,Lead qualification AI,$5K-$15K,Director of Operations,www.happyhiller.com,3,Tennessee leader,info@happyhiller.com,contact@happyhiller.com,(177) 240-3686,(177) 219-6477; (202) 403-1312,pattern,,,[first].[last]@happyhiller.com; [f][last]@happyhiller.com; [first]@happyhiller.com; [first][last]@happyhiller.com,https://www.linkedin.com/search/results/people/?keywords=%22Director+of+Operations%22+%22Hiller+Plumbing%22,https://www.linkedin.com/company/hiller-plumbing-heating-,,https://twitter.com/happyhiller,https://www.facebook.com/HillerPHCE/,https://www.instagram.com/happyhiller/,,,https://www.google.com/search?q=Hiller+Plumbing+%22Director+of+Operations%22+site%3Alinkedin.com%2Fin
590,Bonney Plumbing,"Home Services (HVAC, Plumbing, Roofing)",Plumbing/HVAC,Sacramento,CA,300,$25M-$50M,Estimate automation AI,$5K-$12K,VP of Operations,www.bonney.com,2,Sacramento area leader,info@bonney.com,contact@bonney.com,(916) 461-9039,(000) 000-7735; (549) 196-4971,pattern,,,[first].[last]@bonney.com; [f][last]@bonney.com; [first]@bonney.com; [first][last]@bonney.com,https://www.linkedin.com/search/results/people/?keywords=%22VP+of+Operations%22+%22Bonney+Plumbing%22,,,,http://www.facebook.com/pages/,https://www.instagram.com/mybonney/,,,https://www.google.com/search?q=Bonney+Plumbing+%22VP+of+Operations%22+site%3Alinkedin.com%2Fin
591,Lee Company,"Home Services (HVAC, Plumbing, Roofing)",HVAC/Mechanical,Franklin,TN,1800,$200M-$500M,Predictive maintenance AI,$10K-$25K,Director of Technology,www.leecompany.com,3,Tennessee multi-service,info@leecompany.com,contact@leecompany.com,,(177) 212-7510; (615) 567-1000,pattern,,,[first].[last]@leecompany.com; [f][last]@leecompany.com; [first]@leecompany.com; [first][last]@leecompany.com,https://www.linkedin.com/search/results/people/?keywords=%22Director+of+Technology%22+%22Lee+Company%22,https://www.linkedin.com/company/lee-company/,,https://x.com/LeeCompany,https://www.facebook.com/leecompany1944/,http://instagram.com/lee.company,https://www.youtube.com/channel/UC7-2fvzwWIXAm25E90H0lDw,,https://www.google.com/search?q=Lee+Company+%22Director+of+Technology%22+site%3Alinkedin.com%2Fin
592,Isaac Heating & Air,"Home Services (HVAC, Plumbing, Roofing)",HVAC,Rochester,NY,500,$50M-$100M,Dispatch AI,$5K-$15K,Director of Operations,www.isaacheating.com,3,NY state HVAC leader,info@isaacheating.com,contact@isaacheating.com,(176) 553-2439,(176) 553-2435; (177) 135-4455,pattern,,,[first].[last]@isaacheating.com; [f][last]@isaacheating.com; [first]@isaacheating.com; [first][last]@isaacheating.com,https://www.linkedin.com/search/results/people/?keywords=%22Director+of+Operations%22+%22Isaac+Heating+%26+Air%22,https://www.linkedin.com/company/isaac-heating-and-air-conditioning/,,https://x.com/IsaacHeating,https://www.facebook.com/IsaacHeating,https://www.instagram.com/isaac_heating/,https://www.youtube.com/channel/UCIv6PdwFsGnxC1IM3pA1fdg,,https://www.google.com/search?q=Isaac+Heating+%26+Air+%22Director+of+Operations%22+site%3Alinkedin.com%2Fin
593,Ideal Services,"Home Services (HVAC, Plumbing, Roofing)",HVAC/Plumbing,Las Vegas,NV,200,$10M-$25M,Lead qualification AI,$5K-$12K,Owner,www.idealservices.com,2,Las Vegas home services,idealservices@idealservices.com,efe@partnersinlocalsearch.com,(702) 766-7843,(702) 396-5225; (666) 295-1651,scraped,,,[first].[last]@idealservices.com; [f][last]@idealservices.com; [first]@idealservices.com; [first][last]@idealservices.com,https://www.linkedin.com/search/results/people/?keywords=%22Owner%22+%22Ideal+Services%22,,,,https://www.facebook.com/people/,https://www.instagram.com/idealservices.lv2001,,,https://www.google.com/search?q=Ideal+Services+%22Owner%22+site%3Alinkedin.com%2Fin
594,Schneller Knochelmann,"Home Services (HVAC, Plumbing, Roofing)",Plumbing/HVAC,Cincinnati,OH,200,$10M-$25M,Dispatch AI,$5K-$12K,Director of Operations,www.skplumbing.com,2,Cincinnati area leader,info@skplumbing.com,contact@skplumbing.com,,,pattern,,,[first].[last]@skplumbing.com; [f][last]@skplumbing.com; [first]@skplumbing.com; [first][last]@skplumbing.com,https://www.linkedin.com/search/results/people/?keywords=%22Director+of+Operations%22+%22Schneller+Knochelmann%22,,,,,,,,https://www.google.com/search?q=Schneller+Knochelmann+%22Director+of+Operations%22+site%3Alinkedin.com%2Fin
595,Goodberlet Home Services,"Home Services (HVAC, Plumbing, Roofing)",HVAC,Joliet,IL,100,$5M-$10M,Estimate automation AI,$5K-$10K,Owner,www.goodberlet.com,2,Chicago suburbs,info@goodberlet.com,contact@goodberlet.com,,,pattern,,,[first].[last]@goodberlet.com; [f][last]@goodberlet.com; [first]@goodberlet.com; [first][last]@goodberlet.com,https://www.linkedin.com/search/results/people/?keywords=%22Owner%22+%22Goodberlet+Home+Services%22,,,,,,,,https://www.google.com/search?q=Goodberlet+Home+Services+%22Owner%22+site%3Alinkedin.com%2Fin
596,Long Roofing,"Home Services (HVAC, Plumbing, Roofing)",Roofing,Laurel,MD,500,$50M-$100M,Lead qualification AI,$5K-$15K,Director of Marketing,www.longroofing.com,3,East Coast roofing leader,info@longhome.com,,(800) 417-5664,(270) 504-8183; (301) 417-5664,scraped,,,[first].[last]@longroofing.com; [f][last]@longroofing.com; [first]@longroofing.com; [first][last]@longroofing.com,https://www.linkedin.com/search/results/people/?keywords=%22Director+of+Marketing%22+%22Long+Roofing%22,https://www.linkedin.com/company/longhomeproducts/,,,https://www.facebook.com/LongHomeProducts,https://www.instagram.com/longhomeofficial/,,,https://www.google.com/search?q=Long+Roofing+%22Director+of+Marketing%22+site%3Alinkedin.com%2Fin
597,Power Home Remodeling,"Home Services (HVAC, Plumbing, Roofing)",Roofing/Windows,Chester,PA,3000,$500M-$1B,Lead qualification AI,$10K-$25K,VP of Technology,www.powerhome.com,4,Largest exterior remodeler,sales@powerhome.com,,,,scraped,,,[first].[last]@powerhome.com; [f][last]@powerhome.com; [first]@powerhome.com; [first][last]@powerhome.com,https://www.linkedin.com/search/results/people/?keywords=%22VP+of+Technology%22+%22Power+Home+Remodeling%22,,,,,,,,https://www.google.com/search?q=Power+Home+Remodeling+%22VP+of+Technology%22+site%3Alinkedin.com%2Fin
598,Leaf Home Solutions,"Home Services (HVAC, Plumbing, Roofing)",Gutters/Home,Hudson,OH,5000,$500M-$1B,Dispatch AI,$10K-$25K,Chief Technology Officer,www.leafhome.com,4,LeafFilter parent; 150+ offices,info@leafhome.com,contact@leafhome.com,(112) 030-4418,(543) 465-7967; (101) 553-1916,pattern,,,[first].[last]@leafhome.com; [f][last]@leafhome.com; [first]@leafhome.com; [first][last]@leafhome.com,https://www.linkedin.com/search/results/people/?keywords=%22Chief+Technology+Officer%22+%22Leaf+Home+Solutions%22,https://www.linkedin.com/company/leaf-home/,,https://twitter.com/leafhomeco,https://www.facebook.com/LeafHomeCo,https://www.instagram.com/leafhomeco/,https://www.youtube.com/@leafhome,,https://www.google.com/search?q=Leaf+Home+Solutions+%22Chief+Technology+Officer%22+site%3Alinkedin.com%2Fin
599,Groundworks,"Home Services (HVAC, Plumbing, Roofing)",Foundation Repair,Virginia Beach,VA,5000,$500M-$1B,Lead qualification AI,$10K-$25K,VP of Technology,www.groundworks.com,4,30+ brands; PE-backed,info@groundworks.com,contact@groundworks.com,(603) 682-0887,(677) 785-6328; (006) 030-8810,pattern,,,[first].[last]@groundworks.com; [f][last]@groundworks.com; [first]@groundworks.com; [first][last]@groundworks.com,https://www.linkedin.com/search/results/people/?keywords=%22VP+of+Technology%22+%22Groundworks%22,https://www.linkedin.com/company/groundworkscompanies,,https://twitter.com/groundworks/,https://www.facebook.com/GroundworksCompanies,https://www.instagram.com/groundworks/,https://www.youtube.com/@GroundworksCompanies,,https://www.google.com/search?q=Groundworks+%22VP+of+Technology%22+site%3Alinkedin.com%2Fin
600,Mr. Electric,"Home Services (HVAC, Plumbing, Roofing)",Electrical,Waco,TX,1500,$50M-$100M,Dispatch AI,$5K-$15K,VP of Franchise,www.mrelectric.com,3,Neighborly brand,info@mrelectric.com,contact@mrelectric.com,(833) 785-6698,,pattern,,,[first].[last]@mrelectric.com; [f][last]@mrelectric.com; [first]@mrelectric.com; [first][last]@mrelectric.com,https://www.linkedin.com/search/results/people/?keywords=%22VP+of+Franchise%22+%22Mr.+Electric%22,https://www.linkedin.com/company/mr--electric,,https://twitter.com/mrelectric/,https://www.facebook.com/MrElectric,https://www.instagram.com/mrelectriccor/,,,https://www.google.com/search?q=Mr.+Electric+%22VP+of+Franchise%22+site%3Alinkedin.com%2Fin
601,HubSpot,SaaS / Software Companies,CRM/Marketing,Cambridge,MA,7000,$1B+,Customer onboarding AI,$25K-$50K,Chief Product Officer,www.hubspot.com,5,NYSE listed; CRM leader,info@hubspot.com,contact@hubspot.com,(470) 588-2353,(109) 803-9216; (619) 607-8431,pattern,,,[first].[last]@hubspot.com; [f][last]@hubspot.com; [first]@hubspot.com; [first][last]@hubspot.com,https://www.linkedin.com/search/results/people/?keywords=%22Chief+Product+Officer%22+%22HubSpot%22,https://www.linkedin.com/company/hubspot,http://www.linkedin.com/in/jondick; https://www.linkedin.com/in/erikaafisher/; https://www.linkedin.com/in/kippbodnar/,https://x.com/HubSpot,https://www.facebook.com/hubspot/,https://www.instagram.com/hubspot/,,,https://www.google.com/search?q=HubSpot+%22Chief+Product+Officer%22+site%3Alinkedin.com%2Fin
602,Salesforce,SaaS / Software Companies,CRM,San Francisco,CA,73000,$10B+,Churn prediction AI,$30K-$50K,Chief AI Officer,www.salesforce.com,5,CRM market leader; Einstein AI,info@salesforce.com,contact@salesforce.com,(800) 664-9073,(224) 449-7218; (177) 240-3692,pattern,,,[first].[last]@salesforce.com; [f][last]@salesforce.com; [first]@salesforce.com; [first][last]@salesforce.com,https://www.linkedin.com/search/results/people/?keywords=%22Chief+AI+Officer%22+%22Salesforce%22,,,,,,,,https://www.google.com/search?q=Salesforce+%22Chief+AI+Officer%22+site%3Alinkedin.com%2Fin
603,Datadog,SaaS / Software Companies,Monitoring,New York,NY,5000,$1B+,Support automation AI,$20K-$40K,CTO,www.datadoghq.com,5,NASDAQ listed; observability,info@datadoghq.com,,(866) 329-4466,(877) 949-9495; (139) 138-0318,pattern,,,[first].[last]@datadoghq.com; [f][last]@datadoghq.com; [first]@datadoghq.com; [first][last]@datadoghq.com,https://www.linkedin.com/search/results/people/?keywords=%22CTO%22+%22Datadog%22,https://www.linkedin.com/company/datadog,https://www.linkedin.com/in/shardul-shah-3589062/; https://www.linkedin.com/in/alexislequoc/; https://www.linkedin.com/in/yanbingli/,https://twitter.com/datadoghq,https://www.facebook.com/datadoghq/,https://www.instagram.com/datadoghq/,https://www.youtube.com/channel/UCPO2QgTCReBAThZca6MB9jg,,https://www.google.com/search?q=Datadog+%22CTO%22+site%3Alinkedin.com%2Fin
604,Monday.com,SaaS / Software Companies,Work Management,New York,NY,2000,$500M-$1B,Workflow automation AI,$15K-$30K,Chief Technology Officer,www.monday.com,4,NASDAQ listed,support@monday.com,u003esupport@monday.com,(912) 574-3970,(697) 091-4444; (904) 395-8355,scraped,,,[first].[last]@monday.com; [f][last]@monday.com; [first]@monday.com; [first][last]@monday.com,https://www.linkedin.com/search/results/people/?keywords=%22Chief+Technology+Officer%22+%22Monday.com%22,https://www.linkedin.com/company/2525169,,https://twitter.com/mondaydotcom,https://www.facebook.com/mondaydotcom,https://www.instagram.com/mondaydotcom,https://www.youtube.com/channel/UCA9UvBiKHly15rN8u_Km3BQ,,https://www.google.com/search?q=Monday.com+%22Chief+Technology+Officer%22+site%3Alinkedin.com%2Fin
605,Notion,SaaS / Software Companies,Productivity,San Francisco,CA,500,$200M-$500M,Customer onboarding AI,$10K-$25K,CTO,www.notion.so,4,AI-enhanced workspace,info@notion.so,contact@notion.so,(123) 278-0281,(863) 952-2600; (349) 934-5013,pattern,,,[first].[last]@notion.so; [f][last]@notion.so; [first]@notion.so; [first][last]@notion.so,https://www.linkedin.com/search/results/people/?keywords=%22CTO%22+%22Notion%22,https://www.linkedin.com/company/notionhq/,,https://twitter.com/NotionHQ,https://www.facebook.com/NotionHQ/,https://www.instagram.com/notionhq/,https://www.youtube.com/channel/UCoSvlWS5XcwaSzIcbuJ-Ysg,,https://www.google.com/search?q=Notion+%22CTO%22+site%3Alinkedin.com%2Fin
606,ClickUp,SaaS / Software Companies,Project Management,San Diego,CA,1000,$200M-$500M,Support automation AI,$10K-$25K,VP of Engineering,www.clickup.com,4,All-in-one productivity,info@clickup.com,contact@clickup.com,(153) 509-8836,(276) 319-2810; (034) 443-8151,pattern,,,[first].[last]@clickup.com; [f][last]@clickup.com; [first]@clickup.com; [first][last]@clickup.com,https://www.linkedin.com/search/results/people/?keywords=%22VP+of+Engineering%22+%22ClickUp%22,https://www.linkedin.com/company/12949663,,https://twitter.com/clickup,https://www.facebook.com/clickupprojectmanagement/,https://www.instagram.com/clickup/,,,https://www.google.com/search?q=ClickUp+%22VP+of+Engineering%22+site%3Alinkedin.com%2Fin
607,Miro,SaaS / Software Companies,Visual Collaboration,San Francisco,CA,1800,$200M-$500M,Customer onboarding AI,$10K-$25K,Chief Technology Officer,www.miro.com,4,Digital whiteboard,info@miro.com,contact@miro.com,(287) 954-8198,(830) 809-7122; (930) 861-2194,pattern,,,[first].[last]@miro.com; [f][last]@miro.com; [first]@miro.com; [first][last]@miro.com,https://www.linkedin.com/search/results/people/?keywords=%22Chief+Technology+Officer%22+%22Miro%22,https://www.linkedin.com/company/mirohq/,,https://twitter.com/mirohq/,https://www.facebook.com/TryMiro/,https://www.instagram.com/mirohq/,,,https://www.google.com/search?q=Miro+%22Chief+Technology+Officer%22+site%3Alinkedin.com%2Fin
608,Deel,SaaS / Software Companies,HR/Payroll,San Francisco,CA,4000,$500M-$1B,Compliance automation AI,$15K-$30K,CTO,www.deel.com,4,Global payroll/HR platform,info@deel.com,contact@deel.com,,,pattern,,,[first].[last]@deel.com; [f][last]@deel.com; [first]@deel.com; [first][last]@deel.com,https://www.linkedin.com/search/results/people/?keywords=%22CTO%22+%22Deel%22,,,,,,,,https://www.google.com/search?q=Deel+%22CTO%22+site%3Alinkedin.com%2Fin
609,Rippling,SaaS / Software Companies,HR Tech,San Francisco,CA,3000,$500M-$1B,Employee onboarding AI,$15K-$30K,Chief Technology Officer,www.rippling.com,5,Unified workforce platform,taxagencies@rippling.com,carriers@rippling.com,(300) 975-2080,(149) 856-8942; (250) 031-2336,scraped,,,[first].[last]@rippling.com; [f][last]@rippling.com; [first]@rippling.com; [first][last]@rippling.com,https://www.linkedin.com/search/results/people/?keywords=%22Chief+Technology+Officer%22+%22Rippling%22,https://www.linkedin.com/company/rippling/,https://www.linkedin.com/in/parkerconrad/; https://www.linkedin.com/in/albertstrasheim/; https://www.linkedin.com/in/bridget-abraham-64343216/,https://twitter.com/rippling,https://www.facebook.com/ripplingapp/,https://www.instagram.com/ripplinghq/,https://www.youtube.com/@ripplinghq,,https://www.google.com/search?q=Rippling+%22Chief+Technology+Officer%22+site%3Alinkedin.com%2Fin
610,CrowdStrike,SaaS / Software Companies,Cybersecurity,Austin,TX,8000,$1B+,Threat detection AI,$25K-$50K,CTO,www.crowdstrike.com,5,NASDAQ; $3B+ revenue,alliances_operations@crowdstrike.com,press@crowdstrike.com; mission@crowdstrike.com; vtscanner@crowdstrike.com,(421) 053-7969,(447) 648-6664; (784) 289-9024,scraped,,,[first].[last]@crowdstrike.com; [f][last]@crowdstrike.com; [first]@crowdstrike.com; [first][last]@crowdstrike.com,https://www.linkedin.com/search/results/people/?keywords=%22CTO%22+%22CrowdStrike%22,https://www.linkedin.com/company/crowdstrike,,,,https://www.instagram.com/crowdstrike/,,,https://www.google.com/search?q=CrowdStrike+%22CTO%22+site%3Alinkedin.com%2Fin
611,Palantir Technologies,SaaS / Software Companies,Data Analytics,Denver,CO,3500,$1B+,Data analysis AI,$30K-$50K,Chief Technology Officer,www.palantir.com,5,NYSE listed; government + commercial,melissam@palantir.com,media@palantir.com; employee-verifications@palantir.com,(081) 873-5626,(436) 392-2678; (538) 306-4145,scraped,,,[first].[last]@palantir.com; [f][last]@palantir.com; [first]@palantir.com; [first][last]@palantir.com,https://www.linkedin.com/search/results/people/?keywords=%22Chief+Technology+Officer%22+%22Palantir+Technologies%22,,,,,,https://www.youtube.com/channel/UCQRc3PMlCsoodxbR4IsglKQ,,https://www.google.com/search?q=Palantir+Technologies+%22Chief+Technology+Officer%22+site%3Alinkedin.com%2Fin
612,Snowflake,SaaS / Software Companies,Data Cloud,Bozeman,MT,6000,$1B+,Data pipeline AI,$25K-$50K,CTO,www.snowflake.com,5,NYSE listed; cloud data,info@snowflake.com,contact@snowflake.com,(769) 101-5640,,pattern,,,[first].[last]@snowflake.com; [f][last]@snowflake.com; [first]@snowflake.com; [first][last]@snowflake.com,https://www.linkedin.com/search/results/people/?keywords=%22CTO%22+%22Snowflake%22,,,,,,,,https://www.google.com/search?q=Snowflake+%22CTO%22+site%3Alinkedin.com%2Fin
613,Twilio,SaaS / Software Companies,Communications API,San Francisco,CA,6000,$1B+,Customer engagement AI,$20K-$40K,Chief Product Officer,www.twilio.com,4,NYSE listed; CPaaS leader,contact@twilio.com,,,(811) 804-5179; (097) 643-0668,pattern,,,[first].[last]@twilio.com; [f][last]@twilio.com; [first]@twilio.com; [first][last]@twilio.com,https://www.linkedin.com/search/results/people/?keywords=%22Chief+Product+Officer%22+%22Twilio%22,https://www.linkedin.com/company/twilio-inc-,,https://www.twitter.com/twilio,https://www.facebook.com/TeamTwilio,https://www.instagram.com/twilio,https://www.youtube.com/c/twilio,,https://www.google.com/search?q=Twilio+%22Chief+Product+Officer%22+site%3Alinkedin.com%2Fin
614,Amplitude,SaaS / Software Companies,Product Analytics,San Francisco,CA,700,$200M-$500M,Churn prediction AI,$10K-$25K,CTO,www.amplitude.com,4,NASDAQ listed; digital analytics,sales@amplitude.com,,(650) 988-5131,(027) 914-5235; (822) 456-1336,scraped,,,[first].[last]@amplitude.com; [f][last]@amplitude.com; [first]@amplitude.com; [first][last]@amplitude.com,https://www.linkedin.com/search/results/people/?keywords=%22CTO%22+%22Amplitude%22,https://www.linkedin.com/company/amplitude-analytics,,https://twitter.com/Amplitude_HQ,https://www.facebook.com/AmplitudeAnalytics/,,,,https://www.google.com/search?q=Amplitude+%22CTO%22+site%3Alinkedin.com%2Fin
615,Calendly,SaaS / Software Companies,Scheduling,Atlanta,GA,700,$200M-$500M,Customer onboarding AI,$10K-$20K,Chief Technology Officer,www.calendly.com,3,Scheduling automation leader,info@calendly.com,contact@calendly.com,(329) 596-6333,(714) 285-7142; (300) 000-0000,pattern,,,[first].[last]@calendly.com; [f][last]@calendly.com; [first]@calendly.com; [first][last]@calendly.com,https://www.linkedin.com/search/results/people/?keywords=%22Chief+Technology+Officer%22+%22Calendly%22,https://www.linkedin.com/company/calendly/,https://www.linkedin.com/in/shahara-jasion-51764222/; https://www.linkedin.com/in/john-mccauley-84826a6/; https://www.linkedin.com/in/bawotona/,https://x.com/calendly,https://www.facebook.com/calendly,https://www.instagram.com/calendly/,https://www.youtube.com/c/Calendly,,https://www.google.com/search?q=Calendly+%22Chief+Technology+Officer%22+site%3Alinkedin.com%2Fin
616,Motive,SaaS / Software Companies,Fleet/Operations,San Francisco,CA,3000,$500M-$1B,Fleet analytics AI,$15K-$30K,CTO,www.gomotive.com,4,120K+ customers,info@gomotive.com,sales@gomotive.com; support@gomotive.com; press@gomotive.com,(855) 434-3564,(177) 193-7972; (177) 014-2565,pattern,,,[first].[last]@gomotive.com; [f][last]@gomotive.com; [first]@gomotive.com; [first][last]@gomotive.com,https://www.linkedin.com/search/results/people/?keywords=%22CTO%22+%22Motive%22,https://www.linkedin.com/company/motive-inc,,https://twitter.com/Motive_inc,https://www.facebook.com/GoMotive.Inc,https://www.instagram.com/motive_hq/,https://www.youtube.com/channel/UCZGOt1TQWnO3QANO-sitn-w,,https://www.google.com/search?q=Motive+%22CTO%22+site%3Alinkedin.com%2Fin
617,Gusto,SaaS / Software Companies,HR/Payroll,San Francisco,CA,2500,$200M-$500M,Employee onboarding AI,$10K-$25K,Chief Technology Officer,www.gusto.com,4,SMB payroll/HR platform,lizbeth.burgos@gusto.com,jeff.kwok@gusto.com,(331) 909-3225,(416) 608-7186; (772) 403-6940,scraped,,,[first].[last]@gusto.com; [f][last]@gusto.com; [first]@gusto.com; [first][last]@gusto.com,https://www.linkedin.com/search/results/people/?keywords=%22Chief+Technology+Officer%22+%22Gusto%22,https://www.linkedin.com/company/gustohq/,,https://x.com/gustohq,https://www.facebook.com/GustoHQ,https://www.instagram.com/gustohq/,,,https://www.google.com/search?q=Gusto+%22Chief+Technology+Officer%22+site%3Alinkedin.com%2Fin
618,Brex,SaaS / Software Companies,Finance/Spend,San Francisco,CA,1100,$200M-$500M,Expense automation AI,$10K-$25K,CTO,www.brex.com,4,Corporate card/spend management,press@brex.com,,(829) 510-4997,(371) 029-4730; (228) 321-0482,scraped,,,[first].[last]@brex.com; [f][last]@brex.com; [first]@brex.com; [first][last]@brex.com,https://www.linkedin.com/search/results/people/?keywords=%22CTO%22+%22Brex%22,https://www.linkedin.com/company/brexhq/,https://www.linkedin.com/in/mike-duffy-cpa-34ab2944/; https://www.linkedin.com/in/teddycollins/; https://www.linkedin.com/in/michaelkimsf/,https://x.com/api/,https://www.facebook.com/BrexHQ/,https://www.instagram.com/brexhq/,https://www.youtube.com/channel/UCQQB8ThG8aBLvp50R0OcscA/,,https://www.google.com/search?q=Brex+%22CTO%22+site%3Alinkedin.com%2Fin
619,Figma,SaaS / Software Companies,Design,San Francisco,CA,1500,$500M-$1B,Design collaboration AI,$15K-$25K,Chief Technology Officer,www.figma.com,4,Collaborative design platform,press@figma.com,,(162) 243-9415,(447) 540-0432; (106) 814-1502,scraped,,,[first].[last]@figma.com; [f][last]@figma.com; [first]@figma.com; [first][last]@figma.com,https://www.linkedin.com/search/results/people/?keywords=%22Chief+Technology+Officer%22+%22Figma%22,https://www.linkedin.com/company/figma,https://www.linkedin.com/in/masaya-takizawa/,https://x.com/smee_leee,https://www.facebook.com/figmadesign,https://www.instagram.com/figma,https://www.youtube.com/@RaulMarin_Figma,,https://www.google.com/search?q=Figma+%22Chief+Technology+Officer%22+site%3Alinkedin.com%2Fin
620,Airtable,SaaS / Software Companies,Low-Code/Database,San Francisco,CA,900,$200M-$500M,Workflow AI,$10K-$20K,CTO,www.airtable.com,3,No-code database platform,info@airtable.com,contact@airtable.com,(457) 397-3145,(434) 264-4399; (897) 220-7020,pattern,,,[first].[last]@airtable.com; [f][last]@airtable.com; [first]@airtable.com; [first][last]@airtable.com,https://www.linkedin.com/search/results/people/?keywords=%22CTO%22+%22Airtable%22,https://www.linkedin.com/company/airtable,,https://twitter.com/airtable,https://www.facebook.com/airtableapp,https://www.instagram.com/airtable/,https://www.youtube.com/c/AirtableApp,,https://www.google.com/search?q=Airtable+%22CTO%22+site%3Alinkedin.com%2Fin
621,Canva,SaaS / Software Companies,Design Platform,San Francisco,CA,5000,$1B+,Content generation AI,$15K-$30K,Chief Technology Officer,www.canva.com,5,Visual communication platform,info@canva.com,contact@canva.com,(241) 717-6891,(525) 265-9141; (738) 112-3125,pattern,,,[first].[last]@canva.com; [f][last]@canva.com; [first]@canva.com; [first][last]@canva.com,https://www.linkedin.com/search/results/people/?keywords=%22Chief+Technology+Officer%22+%22Canva%22,https://www.linkedin.com/company/canva,,https://x.com/canva,https://www.facebook.com/canva,https://www.instagram.com/canva/,https://www.youtube.com/@canva,,https://www.google.com/search?q=Canva+%22Chief+Technology+Officer%22+site%3Alinkedin.com%2Fin
622,Webflow,SaaS / Software Companies,Website Builder,San Francisco,CA,800,$100M-$200M,Customer onboarding AI,$8K-$20K,CTO,www.webflow.com,3,Visual website builder,info@webflow.com,contact@webflow.com,(491) 580-6179,(223) 171-8910; (057) 032-1570,pattern,,,[first].[last]@webflow.com; [f][last]@webflow.com; [first]@webflow.com; [first][last]@webflow.com,https://www.linkedin.com/search/results/people/?keywords=%22CTO%22+%22Webflow%22,https://www.linkedin.com/company/webflow-inc-,https://www.linkedin.com/in/bryantchou; https://www.linkedin.com/in/sergiemagdalin; https://www.linkedin.com/in/vladmagdalin,https://twitter.com/webflow,https://www.facebook.com/webflow,https://www.instagram.com/webflow,,,https://www.google.com/search?q=Webflow+%22CTO%22+site%3Alinkedin.com%2Fin
623,Loom,SaaS / Software Companies,Video Messaging,San Francisco,CA,200,$50M-$100M,Support automation AI,$5K-$15K,Chief Technology Officer,www.loom.com,3,Atlassian subsidiary,info@loom.com,contact@loom.com,(125) 591-2400,(105) 479-8648; (852) 366-8331,pattern,,,[first].[last]@loom.com; [f][last]@loom.com; [first]@loom.com; [first][last]@loom.com,https://www.linkedin.com/search/results/people/?keywords=%22Chief+Technology+Officer%22+%22Loom%22,https://www.linkedin.com/company/useloom/,,https://twitter.com/loom,https://www.facebook.com/useloom,,https://www.youtube.com/channel/UCnqj2rfVX8V0t377WcOjYoA,,https://www.google.com/search?q=Loom+%22Chief+Technology+Officer%22+site%3Alinkedin.com%2Fin
624,Linear,SaaS / Software Companies,Project Management,San Francisco,CA,100,$25M-$50M,Issue triage AI,$5K-$15K,CTO,www.linear.app,3,Developer-focused PM,hello@linear.app,,(680) 406-1483,(564) 540-1335; (974) 344-3051,scraped,,,[first].[last]@linear.app; [f][last]@linear.app; [first]@linear.app; [first][last]@linear.app,https://www.linkedin.com/search/results/people/?keywords=%22CTO%22+%22Linear%22,,https://www.linkedin.com/in/liam-oconnor/; https://www.linkedin.com/in/adrien-griveau-2397b8126/; https://www.linkedin.com/in/allison-wei-012327b0/,https://x.com/linear,,,https://www.youtube.com/@linear,,https://www.google.com/search?q=Linear+%22CTO%22+site%3Alinkedin.com%2Fin
625,Vercel,SaaS / Software Companies,Frontend Platform,San Francisco,CA,500,$100M-$200M,Support automation AI,$8K-$20K,Chief Technology Officer,www.vercel.com,4,Next.js/frontend platform,info@vercel.com,contact@vercel.com,(966) 415-4901,(650) 395-2809,pattern,,,[first].[last]@vercel.com; [f][last]@vercel.com; [first]@vercel.com; [first][last]@vercel.com,https://www.linkedin.com/search/results/people/?keywords=%22Chief+Technology+Officer%22+%22Vercel%22,https://linkedin.com/company/vercel,,https://x.com/vercel,,,https://youtube.com/@VercelHQ,,https://www.google.com/search?q=Vercel+%22Chief+Technology+Officer%22+site%3Alinkedin.com%2Fin
626,Supabase,SaaS / Software Companies,Backend Platform,San Francisco,CA,200,$25M-$50M,Developer onboarding AI,$5K-$15K,CTO,www.supabase.com,3,Open-source Firebase alternative,help-events@supabase.com,legal@supabase.io; privacy@supabase.io; abuse@supabase.io,(799) 766-1110,(356) 857-2614; (979) 157-8756,scraped,,,[first].[last]@supabase.com; [f][last]@supabase.com; [first]@supabase.com; [first][last]@supabase.com,https://www.linkedin.com/search/results/people/?keywords=%22CTO%22+%22Supabase%22,,,https://twitter.com/nerdburn/,,,https://youtube.com/c/supabase,,https://www.google.com/search?q=Supabase+%22CTO%22+site%3Alinkedin.com%2Fin
627,Retool,SaaS / Software Companies,Internal Tools,San Francisco,CA,400,$100M-$200M,Workflow automation AI,$8K-$20K,Chief Technology Officer,www.retool.com,3,Internal tool builder,support@retool.com,,(154) 672-0521,(687) 781-1025; (679) 480-7564,scraped,,,[first].[last]@retool.com; [f][last]@retool.com; [first]@retool.com; [first][last]@retool.com,https://www.linkedin.com/search/results/people/?keywords=%22Chief+Technology+Officer%22+%22Retool%22,https://www.linkedin.com/company/tryretool/,,https://x.com/retool,,,https://www.youtube.com/@Retool,,https://www.google.com/search?q=Retool+%22Chief+Technology+Officer%22+site%3Alinkedin.com%2Fin
628,Postman,SaaS / Software Companies,API Platform,San Francisco,CA,900,$200M-$500M,API testing AI,$10K-$20K,CTO,www.postman.com,4,30M+ developers,info@postman.com,info-jp@postman.com; u003einfo@postman.com; u003einfo-jp@postman.com,(967) 668-9144,(402) 119-5695,pattern,,,[first].[last]@postman.com; [f][last]@postman.com; [first]@postman.com; [first][last]@postman.com,https://www.linkedin.com/search/results/people/?keywords=%22CTO%22+%22Postman%22,https://www.linkedin.com/company/postman-platform,,https://x.com/getpostman,https://www.facebook.com/tr,https://www.instagram.com/getpostman,,,https://www.google.com/search?q=Postman+%22CTO%22+site%3Alinkedin.com%2Fin
629,Freshworks,SaaS / Software Companies,CRM/Support,San Mateo,CA,5500,$500M-$1B,Support automation AI,$15K-$30K,Chief Technology Officer,www.freshworks.com,4,NASDAQ listed; SMB focus,support@freshworks.com,sales@freshworks.com; careers@freshworks.com,(855) 747-6767,(209) 765-0421; (555) 555-5555,scraped,,,[first].[last]@freshworks.com; [f][last]@freshworks.com; [first]@freshworks.com; [first][last]@freshworks.com,https://www.linkedin.com/search/results/people/?keywords=%22Chief+Technology+Officer%22+%22Freshworks%22,https://www.linkedin.com/company/freshworks-inc/,https://www.linkedin.com/in/muraliswaminathan/; https://www.linkedin.com/in/ian-tickle-5a463a2/; https://www.linkedin.com/in/johannajackman/,https://x.com/FreshworksInc,https://www.facebook.com/FreshworksInc,,https://www.youtube.com/c/FreshworksInc,,https://www.google.com/search?q=Freshworks+%22Chief+Technology+Officer%22+site%3Alinkedin.com%2Fin
630,Zendesk,SaaS / Software Companies,Customer Support,San Francisco,CA,6000,$1B+,Support automation AI,$20K-$40K,CTO,www.zendesk.com,5,Customer experience platform,ask.philippines@zendesk.com,ask.thailand@zendesk.com; ask.indonesia@zendesk.com; ask.malaysia@zendesk.com,(333) 794-3919,(446) 310-5633; (421) 356-2373,scraped,,,[first].[last]@zendesk.com; [f][last]@zendesk.com; [first]@zendesk.com; [first][last]@zendesk.com,https://www.linkedin.com/search/results/people/?keywords=%22CTO%22+%22Zendesk%22,https://www.linkedin.com/company/zendesk,,https://www.twitter.com/zendesk,https://www.facebook.com/zendesk/,https://www.instagram.com/zendesk,,,https://www.google.com/search?q=Zendesk+%22CTO%22+site%3Alinkedin.com%2Fin
631,Intercom,SaaS / Software Companies,Customer Messaging,San Francisco,CA,700,$200M-$500M,Chatbot AI,$10K-$25K,Chief Technology Officer,www.intercom.com,4,Fin AI chatbot,press@intercom.com,u003eexample@yourdomain.com,(147) 673-1162,(805) 026-8173; (794) 121-4295,scraped,,,[first].[last]@intercom.com; [f][last]@intercom.com; [first]@intercom.com; [first][last]@intercom.com,https://www.linkedin.com/search/results/people/?keywords=%22Chief+Technology+Officer%22+%22Intercom%22,https://www.linkedin.com/company/intercom/,,https://x.com/intercom,https://www.facebook.com/intercominc/,https://www.instagram.com/intercom/,https://www.youtube.com/channel/UCJG0MvLP03kyzzAkD-w98aQ,,https://www.google.com/search?q=Intercom+%22Chief+Technology+Officer%22+site%3Alinkedin.com%2Fin
632,Gong,SaaS / Software Companies,Revenue Intelligence,San Francisco,CA,1200,$200M-$500M,Sales coaching AI,$15K-$30K,CTO,www.gong.io,4,Revenue intelligence platform,sales@gong.io,,(501) 339-0132,(072) 939-1954; (222) 217-0418,scraped,,,[first].[last]@gong.io; [f][last]@gong.io; [first]@gong.io; [first][last]@gong.io,https://www.linkedin.com/search/results/people/?keywords=%22CTO%22+%22Gong%22,https://www.linkedin.com/company/gong-io/,https://www.linkedin.com/in/stacey-justice-772809/; https://www.linkedin.com/in/emilyhe1/; https://www.linkedin.com/in/amitbendov/,https://x.com/gong_io,https://www.facebook.com/To.GongIO/,https://www.instagram.com/gong.io/,https://www.youtube.com/c/Gongio,,https://www.google.com/search?q=Gong+%22CTO%22+site%3Alinkedin.com%2Fin
633,Clari,SaaS / Software Companies,Revenue Operations,Sunnyvale,CA,700,$100M-$200M,Revenue prediction AI,$10K-$25K,Chief Technology Officer,www.clari.com,3,RevOps platform,sales@clari.com,hello@clari.com,(143) 918-7164,(285) 102-2456; (228) 415-0856,scraped,,,[first].[last]@clari.com; [f][last]@clari.com; [first]@clari.com; [first][last]@clari.com,https://www.linkedin.com/search/results/people/?keywords=%22Chief+Technology+Officer%22+%22Clari%22,https://www.linkedin.com/company/clari,,,,,https://www.youtube.com/@Clarihq,,https://www.google.com/search?q=Clari+%22Chief+Technology+Officer%22+site%3Alinkedin.com%2Fin
634,Drift (Salesloft),SaaS / Software Companies,Conversational Sales,Boston,MA,500,$100M-$200M,Chatbot AI,$8K-$20K,CTO,www.salesloft.com,3,Now part of Salesloft,info@salesloft.com,contact@salesloft.com,(437) 085-6825,(770) 756-8022; (924) 737-5408,pattern,,,[first].[last]@salesloft.com; [f][last]@salesloft.com; [first]@salesloft.com; [first][last]@salesloft.com,https://www.linkedin.com/search/results/people/?keywords=%22CTO%22+%22Drift+%28Salesloft%29%22,https://www.linkedin.com/company/salesloft,https://www.linkedin.com/in/edward-jay-wedge-39287014/; https://www.linkedin.com/in/ericrosenbower/; https://www.linkedin.com/in/mrkevinyao/,https://www.twitter.com/salesloft,https://www.facebook.com/Salesloft,https://www.instagram.com/salesloft/,,,https://www.google.com/search?q=Drift+%28Salesloft%29+%22CTO%22+site%3Alinkedin.com%2Fin
635,Outreach,SaaS / Software Companies,Sales Engagement,Seattle,WA,1000,$200M-$500M,Sales automation AI,$10K-$25K,Chief Technology Officer,www.outreach.io,4,Sales engagement leader,hr@outreach.io,pr@outreach.io; security@outreach.io; u003ehr@outreach.io,(333) 433-1220,(389) 168-0803; (175) 261-5558,scraped,,,[first].[last]@outreach.io; [f][last]@outreach.io; [first]@outreach.io; [first][last]@outreach.io,https://www.linkedin.com/search/results/people/?keywords=%22Chief+Technology+Officer%22+%22Outreach%22,https://www.linkedin.com/company/outreach-saas/,,https://twitter.com/outreach_io,https://www.facebook.com/Outreach.io/,,,,https://www.google.com/search?q=Outreach+%22Chief+Technology+Officer%22+site%3Alinkedin.com%2Fin
636,6sense,SaaS / Software Companies,ABM Platform,San Francisco,CA,1200,$200M-$500M,Intent prediction AI,$10K-$25K,CTO,www.6sense.com,4,Account-based marketing AI,info@6sense.com,contact@6sense.com,(177) 240-3687,(208) 566-2554; (759) 338-6808,pattern,,,[first].[last]@6sense.com; [f][last]@6sense.com; [first]@6sense.com; [first][last]@6sense.com,https://www.linkedin.com/search/results/people/?keywords=%22CTO%22+%226sense%22,https://www.linkedin.com/company/6sense/,,,,,https://www.youtube.com/c/6sense,,https://www.google.com/search?q=6sense+%22CTO%22+site%3Alinkedin.com%2Fin
637,ZoomInfo,SaaS / Software Companies,Sales Intelligence,Vancouver,WA,3500,$1B+,Lead scoring AI,$15K-$30K,Chief Technology Officer,www.zoominfo.com,5,NASDAQ listed; data platform,info@zoominfo.com,contact@zoominfo.com,(249) 705-1668,(866) 904-9666; (866) 904-9666,pattern,,,[first].[last]@zoominfo.com; [f][last]@zoominfo.com; [first]@zoominfo.com; [first][last]@zoominfo.com,https://www.linkedin.com/search/results/people/?keywords=%22Chief+Technology+Officer%22+%22ZoomInfo%22,https://www.linkedin.com/company/zoominfo/,https://www.linkedin.com/in/chadaherring/; https://www.linkedin.com/in/jennifercreticos/; https://www.linkedin.com/in/filip-popovic-090a88a7/,https://x.com/zoominfo,https://www.facebook.com/ZoomInformation/,https://www.instagram.com/zoominfo/,https://www.youtube.com/c/zoominformation,,https://www.google.com/search?q=ZoomInfo+%22Chief+Technology+Officer%22+site%3Alinkedin.com%2Fin
638,Terminus,SaaS / Software Companies,ABM,Atlanta,GA,300,$25M-$50M,Customer engagement AI,$5K-$15K,CTO,www.terminus.com,3,Account-based marketing,info@terminus.com,contact@terminus.com,(177) 220-0843,(177) 029-3096; (333) 333-3333,pattern,,,[first].[last]@terminus.com; [f][last]@terminus.com; [first]@terminus.com; [first][last]@terminus.com,https://www.linkedin.com/search/results/people/?keywords=%22CTO%22+%22Terminus%22,https://www.linkedin.com/company/demandscience-com,,https://twitter.com/demandscience,https://www.facebook.com/DemandScience/,,,,https://www.google.com/search?q=Terminus+%22CTO%22+site%3Alinkedin.com%2Fin
639,Drata,SaaS / Software Companies,Compliance,San Diego,CA,500,$100M-$200M,Compliance automation AI,$10K-$20K,Chief Technology Officer,www.drata.com,4,Compliance automation platform,getstarted@drata.com,media@drata.com; support@drata.com; partnerships@drata.com,(749) 743-1755,(749) 672-1957; (749) 672-2848,scraped,,,[first].[last]@drata.com; [f][last]@drata.com; [first]@drata.com; [first][last]@drata.com,https://www.linkedin.com/search/results/people/?keywords=%22Chief+Technology+Officer%22+%22Drata%22,https://www.linkedin.com/company/drata/,https://www.linkedin.com/in/troymarkowitz; https://www.linkedin.com/in/markowitzadam; https://www.linkedin.com/in/danielzev,https://twitter.com/dratahq,,,https://www.youtube.com/channel/UCL7xTQRHuxO3M5dHHOjhfMA,,https://www.google.com/search?q=Drata+%22Chief+Technology+Officer%22+site%3Alinkedin.com%2Fin
640,Statsig,SaaS / Software Companies,Experimentation,Bellevue,WA,200,$50M-$100M,A/B testing AI,$8K-$15K,CTO,www.statsig.com,3,$6B valuation; fastest growing,info@statsig.com,contact@statsig.com,(225) 178-9325,(229) 274-2624; (221) 046-1263,pattern,,,[first].[last]@statsig.com; [f][last]@statsig.com; [first]@statsig.com; [first][last]@statsig.com,https://www.linkedin.com/search/results/people/?keywords=%22CTO%22+%22Statsig%22,https://linkedin.com/company/statsig,,https://x.com/statsig,https://facebook.com/statsig,https://instagram.com/statsig_hq/,,,https://www.google.com/search?q=Statsig+%22CTO%22+site%3Alinkedin.com%2Fin
641,Coursera,Education / EdTech,Online Learning,Mountain View,CA,1500,$500M-$1B,Student engagement AI,$15K-$30K,Chief Technology Officer,www.coursera.org,4,NYSE listed; 183M learners,info@coursera.org,contact@coursera.org,(823) 425-3077,(366) 737-6763; (763) 752-3521,pattern,,,[first].[last]@coursera.org; [f][last]@coursera.org; [first]@coursera.org; [first][last]@coursera.org,https://www.linkedin.com/search/results/people/?keywords=%22Chief+Technology+Officer%22+%22Coursera%22,https://www.linkedin.com/company/coursera,,https://twitter.com/coursera,https://www.facebook.com/Coursera,https://www.instagram.com/coursera/,,,https://www.google.com/search?q=Coursera+%22Chief+Technology+Officer%22+site%3Alinkedin.com%2Fin
642,Duolingo,Education / EdTech,Language Learning,Pittsburgh,PA,900,$500M-$1B,Enrollment optimization AI,$15K-$30K,CTO,www.duolingo.com,4,NASDAQ listed; 120M+ MAU,info@duolingo.com,contact@duolingo.com,(234) 536-4366,(144) 050-2568,pattern,,,[first].[last]@duolingo.com; [f][last]@duolingo.com; [first]@duolingo.com; [first][last]@duolingo.com,https://www.linkedin.com/search/results/people/?keywords=%22CTO%22+%22Duolingo%22,,,,,,,,https://www.google.com/search?q=Duolingo+%22CTO%22+site%3Alinkedin.com%2Fin
643,Instructure (Canvas),Education / EdTech,LMS,Salt Lake City,UT,2000,$500M-$1B,Grading automation AI,$15K-$30K,Chief Product Officer,www.instructure.com,4,3000+ institutions; Canvas LMS,info@instructure.com,,(801) 869-5000,(761) 119-5458; (432) 115-1697,pattern,,,[first].[last]@instructure.com; [f][last]@instructure.com; [first]@instructure.com; [first][last]@instructure.com,https://www.linkedin.com/search/results/people/?keywords=%22Chief+Product+Officer%22+%22Instructure+%28Canvas%29%22,https://www.linkedin.com/company/instructure/,https://www.linkedin.com/in/steve-daly-a81894/; https://www.linkedin.com/in/vijiasingam; https://www.linkedin.com/in/melissaloble/,https://x.com/Instructure,https://www.facebook.com/Instructure/,https://www.instagram.com/instructure/,https://www.youtube.com/@CanvasLMS,,https://www.google.com/search?q=Instructure+%28Canvas%29+%22Chief+Product+Officer%22+site%3Alinkedin.com%2Fin
644,Khan Academy,Education / EdTech,Online Learning,Mountain View,CA,300,$50M-$100M,Student engagement AI,$8K-$15K,CTO,www.khanacademy.org,3,Free education; Khanmigo AI,info@khanacademy.org,contact@khanacademy.org,,,pattern,,,[first].[last]@khanacademy.org; [f][last]@khanacademy.org; [first]@khanacademy.org; [first][last]@khanacademy.org,https://www.linkedin.com/search/results/people/?keywords=%22CTO%22+%22Khan+Academy%22,,,,,,,,https://www.google.com/search?q=Khan+Academy+%22CTO%22+site%3Alinkedin.com%2Fin
645,Chegg,Education / EdTech,Study Help,Santa Clara,CA,1500,$500M-$1B,AI tutoring,$10K-$25K,Chief Technology Officer,www.chegg.com,4,NYSE listed; student support,info@chegg.com,contact@chegg.com,,,pattern,,,[first].[last]@chegg.com; [f][last]@chegg.com; [first]@chegg.com; [first][last]@chegg.com,https://www.linkedin.com/search/results/people/?keywords=%22Chief+Technology+Officer%22+%22Chegg%22,,,,,,,,https://www.google.com/search?q=Chegg+%22Chief+Technology+Officer%22+site%3Alinkedin.com%2Fin
646,Outschool,Education / EdTech,K-12 Online,San Francisco,CA,300,$50M-$100M,Scheduling AI,$5K-$15K,CTO,www.outschool.com,3,Ages 3-18; live online classes,info@outschool.com,contact@outschool.com,(220) 106-5313,(879) 112-0746; (329) 136-4602,pattern,,,[first].[last]@outschool.com; [f][last]@outschool.com; [first]@outschool.com; [first][last]@outschool.com,https://www.linkedin.com/search/results/people/?keywords=%22CTO%22+%22Outschool%22,,,,,,,,https://www.google.com/search?q=Outschool+%22CTO%22+site%3Alinkedin.com%2Fin
647,Teachers Pay Teachers,Education / EdTech,Marketplace,New York,NY,200,$25M-$50M,Content recommendation AI,$5K-$15K,VP of Product,www.teacherspayteachers.com,3,Teacher marketplace,info@teacherspayteachers.com,contact@teacherspayteachers.com,(348) 235-3626,(685) 427-1657; (175) 655-1134,pattern,,,[first].[last]@teacherspayteachers.com; [f][last]@teacherspayteachers.com; [first]@teacherspayteachers.com; [first][last]@teacherspayteachers.com,https://www.linkedin.com/search/results/people/?keywords=%22VP+of+Product%22+%22Teachers+Pay+Teachers%22,,,https://x.com/TpT_Official,https://www.facebook.com/TeachersPayTeachers,https://www.instagram.com/teacherspayteachers,,,https://www.google.com/search?q=Teachers+Pay+Teachers+%22VP+of+Product%22+site%3Alinkedin.com%2Fin
648,DreamBox Learning,Education / EdTech,K-12 Math,Bellevue,WA,300,$50M-$100M,Adaptive learning AI,$8K-$15K,Chief Technology Officer,www.dreambox.com,3,AI math learning platform,info@dreambox.com,contact@dreambox.com,(177) 202-8539,(177) 202-8542; (202) 602-2514,pattern,,,[first].[last]@dreambox.com; [f][last]@dreambox.com; [first]@dreambox.com; [first][last]@dreambox.com,https://www.linkedin.com/search/results/people/?keywords=%22Chief+Technology+Officer%22+%22DreamBox+Learning%22,https://www.linkedin.com/company/discoveryed,,https://x.com/wp,https://www.facebook.com/discoveryed/,,,,https://www.google.com/search?q=DreamBox+Learning+%22Chief+Technology+Officer%22+site%3Alinkedin.com%2Fin
649,Newsela,Education / EdTech,K-12 Content,New York,NY,500,$50M-$100M,Content personalization AI,$8K-$20K,CTO,www.newsela.com,3,Adaptive reading platform,support@newsela.com,,(664) 399-8773,(805) 952-1302; (735) 849-0566,scraped,,,[first].[last]@newsela.com; [f][last]@newsela.com; [first]@newsela.com; [first][last]@newsela.com,https://www.linkedin.com/search/results/people/?keywords=%22CTO%22+%22Newsela%22,https://www.linkedin.com/company/newsela,,https://x.com/newsela,https://www.facebook.com/Newsela/,https://www.instagram.com/newsela,,,https://www.google.com/search?q=Newsela+%22CTO%22+site%3Alinkedin.com%2Fin
650,Blackboard (Anthology),Education / EdTech,LMS,Boca Raton,FL,4000,$500M-$1B,Student engagement AI,$15K-$30K,Chief Technology Officer,www.anthology.com,4,Higher ed technology suite,info@anthology.com,contact@anthology.com,,,pattern,,,[first].[last]@anthology.com; [f][last]@anthology.com; [first]@anthology.com; [first][last]@anthology.com,https://www.linkedin.com/search/results/people/?keywords=%22Chief+Technology+Officer%22+%22Blackboard+%28Anthology%29%22,https://www.linkedin.com/company/anthologyinc/,,https://x.com/AnthologyInc,https://www.facebook.com/TheAnthologyInc/,https://www.instagram.com/anthology_inc/,,,https://www.google.com/search?q=Blackboard+%28Anthology%29+%22Chief+Technology+Officer%22+site%3Alinkedin.com%2Fin
651,PowerSchool,Education / EdTech,K-12 SIS,Folsom,CA,3000,$500M-$1B,Enrollment AI,$10K-$25K,CTO,www.powerschool.com,4,K-12 education technology,info@powerschool.com,contact@powerschool.com,(281) 772-4038,(382) 000-6101; (930) 310-2521,pattern,,,[first].[last]@powerschool.com; [f][last]@powerschool.com; [first]@powerschool.com; [first][last]@powerschool.com,https://www.linkedin.com/search/results/people/?keywords=%22CTO%22+%22PowerSchool%22,,,,,,,,https://www.google.com/search?q=PowerSchool+%22CTO%22+site%3Alinkedin.com%2Fin
652,Cengage Group,Education / EdTech,Higher Ed Content,Boston,MA,5000,$1B+,Content generation AI,$15K-$30K,Chief Technology Officer,www.cengage.com,4,Digital learning resources,info@cengage.com,contact@cengage.com,(772) 015-1922,(839) 241-1042; (800) 354-9706,pattern,,,[first].[last]@cengage.com; [f][last]@cengage.com; [first]@cengage.com; [first][last]@cengage.com,https://www.linkedin.com/search/results/people/?keywords=%22Chief+Technology+Officer%22+%22Cengage+Group%22,http://www.linkedin.com/company/cengage-learning,,,https://www.facebook.com/CengageHigherEd/,https://instagram.com/cengagelearning,https://www.youtube.com/channel/UCWxmh1-ctuKJ61EFj898HKw,,https://www.google.com/search?q=Cengage+Group+%22Chief+Technology+Officer%22+site%3Alinkedin.com%2Fin
653,McGraw Hill,Education / EdTech,Educational Content,New York,NY,4000,$1B+,Adaptive learning AI,$15K-$30K,CTO,www.mheducation.com,4,ALEKS AI platform,onlinecustomer_service@mheducation.com,,(180) 089-0072,(664) 542-7003; (112) 938-5377,scraped,,,[first].[last]@mheducation.com; [f][last]@mheducation.com; [first]@mheducation.com; [first][last]@mheducation.com,https://www.linkedin.com/search/results/people/?keywords=%22CTO%22+%22McGraw+Hill%22,https://www.linkedin.com/company/mcgraw-hill-education,,https://www.twitter.com/MHEducation,https://www.facebook.com/McGrawHillEducation,https://www.instagram.com/mheducation/,,,https://www.google.com/search?q=McGraw+Hill+%22CTO%22+site%3Alinkedin.com%2Fin
654,Pearson,Education / EdTech,Educational Content,Hoboken,NJ,20000,$5B+,Student engagement AI,$25K-$50K,Chief Technology Officer,www.pearson.com,5,NYSE listed; global education,info@pearson.com,contact@pearson.com,(204) 797-8946,(750) 485-8676; (581) 521-3226,pattern,,,[first].[last]@pearson.com; [f][last]@pearson.com; [first]@pearson.com; [first][last]@pearson.com,https://www.linkedin.com/search/results/people/?keywords=%22Chief+Technology+Officer%22+%22Pearson%22,https://www.linkedin.com/company/pearson,,https://x.com/pearson,https://www.facebook.com/pearsonplc,https://www.instagram.com/pearsonofficial/,https://www.youtube.com/@Pearson,,https://www.google.com/search?q=Pearson+%22Chief+Technology+Officer%22+site%3Alinkedin.com%2Fin
655,2U / edX,Education / EdTech,Online Degree,Lanham,MD,3000,$500M-$1B,Enrollment optimization AI,$10K-$25K,CTO,www.2u.com,4,University partnerships,media@2u.com,,(404) 317-5117,(029) 850-7462; (016) 417-9104,scraped,,,[first].[last]@2u.com; [f][last]@2u.com; [first]@2u.com; [first][last]@2u.com,https://www.linkedin.com/search/results/people/?keywords=%22CTO%22+%222U+%2F+edX%22,https://www.linkedin.com/company/2u,,https://twitter.com/2Uinc,https://www.facebook.com/2u,https://www.instagram.com/2uinc/,https://www.youtube.com/channel/UCmbq-RiyFt5NynDsAM7Z7_g/,,https://www.google.com/search?q=2U+%2F+edX+%22CTO%22+site%3Alinkedin.com%2Fin
656,Clever,Education / EdTech,K-12 Platform,San Francisco,CA,200,$25M-$50M,Student data AI,$5K-$15K,Chief Technology Officer,www.clever.com,3,SSO for schools; 100K+ schools,legal@clever.com,,(174) 779-9334,(174) 779-9336; (760) 365-9363,scraped,,,[first].[last]@clever.com; [f][last]@clever.com; [first]@clever.com; [first][last]@clever.com,https://www.linkedin.com/search/results/people/?keywords=%22Chief+Technology+Officer%22+%22Clever%22,https://www.linkedin.com/company/clever-inc-/,https://www.linkedin.com/in/phillip-j-mikula/; https://www.linkedin.com/in/erickrugler/; https://www.linkedin.com/in/kate-schaff/,https://twitter.com/clever,https://www.facebook.com/clever,,https://www.youtube.com/channel/UC6NvqnTmiw10Uvfm9vrYQ0w,,https://www.google.com/search?q=Clever+%22Chief+Technology+Officer%22+site%3Alinkedin.com%2Fin
657,Schoology (PowerSchool),Education / EdTech,LMS,New York,NY,500,$50M-$100M,Grading automation AI,$8K-$15K,VP of Product,www.schoology.com,3,K-12 LMS platform,info@schoology.com,contact@schoology.com,,,pattern,,,[first].[last]@schoology.com; [f][last]@schoology.com; [first]@schoology.com; [first][last]@schoology.com,https://www.linkedin.com/search/results/people/?keywords=%22VP+of+Product%22+%22Schoology+%28PowerSchool%29%22,,,,,,,,https://www.google.com/search?q=Schoology+%28PowerSchool%29+%22VP+of+Product%22+site%3Alinkedin.com%2Fin
658,Remind,Education / EdTech,Communication,San Francisco,CA,200,$25M-$50M,Parent engagement AI,$5K-$12K,CTO,www.remind.com,2,School communication app,yuriy@regattamarketing.com,,(500) 926-7942,(048) 507-1913,scraped,,,[first].[last]@remind.com; [f][last]@remind.com; [first]@remind.com; [first][last]@remind.com,https://www.linkedin.com/search/results/people/?keywords=%22CTO%22+%22Remind%22,,,https://twitter.com/remindhq,https://www.facebook.com/RemindHQ/,https://www.instagram.com/remindhq/,https://www.youtube.com/c/RemindHQ,,https://www.google.com/search?q=Remind+%22CTO%22+site%3Alinkedin.com%2Fin
659,ClassDojo,Education / EdTech,Communication,San Francisco,CA,100,$25M-$50M,Student engagement AI,$5K-$12K,Chief Technology Officer,www.classdojo.com,2,K-8 communication platform,security@classdojo.com,,(972) 284-3762,(716) 345-5637; (867) 903-3926,scraped,,,[first].[last]@classdojo.com; [f][last]@classdojo.com; [first]@classdojo.com; [first][last]@classdojo.com,https://www.linkedin.com/search/results/people/?keywords=%22Chief+Technology+Officer%22+%22ClassDojo%22,https://www.linkedin.com/company/classdojo,,https://twitter.com/classdojo,https://www.facebook.com/classdojo,https://www.instagram.com/classdojo,,,https://www.google.com/search?q=ClassDojo+%22Chief+Technology+Officer%22+site%3Alinkedin.com%2Fin
660,Brightspace (D2L),Education / EdTech,LMS,Kitchener,ON,1000,$200M-$500M,Grading automation AI,$10K-$20K,CTO,www.d2l.com,3,Higher ed + K-12 LMS,info@d2l.com,contact@d2l.com,(157) 152-6139,(102) 453-9775; (101) 216-1522,pattern,,,[first].[last]@d2l.com; [f][last]@d2l.com; [first]@d2l.com; [first][last]@d2l.com,https://www.linkedin.com/search/results/people/?keywords=%22CTO%22+%22Brightspace+%28D2L%29%22,https://www.linkedin.com/company/d2l/,,https://x.com/D2L,https://www.facebook.com/D2Linc,https://www.instagram.com/d2l/,,,https://www.google.com/search?q=Brightspace+%28D2L%29+%22CTO%22+site%3Alinkedin.com%2Fin
661,MasterClass,Education / EdTech,Online Learning,San Francisco,CA,500,$200M-$500M,Content recommendation AI,$10K-$20K,Chief Technology Officer,www.masterclass.com,4,Celebrity-taught courses,info@masterclass.com,contact@masterclass.com,(438) 642-7697,(127) 386-7416; (236) 048-3474,pattern,,,[first].[last]@masterclass.com; [f][last]@masterclass.com; [first]@masterclass.com; [first][last]@masterclass.com,https://www.linkedin.com/search/results/people/?keywords=%22Chief+Technology+Officer%22+%22MasterClass%22,http://www.linkedin.com/company/masterclassinc,,https://twitter.com/masterclass,https://www.facebook.com/MasterClassOfficial/,https://www.instagram.com/masterclass/,https://www.youtube.com/c/masterclass,,https://www.google.com/search?q=MasterClass+%22Chief+Technology+Officer%22+site%3Alinkedin.com%2Fin
662,Udemy Business,Education / EdTech,Corporate Learning,San Francisco,CA,1500,$500M-$1B,Learning path AI,$10K-$25K,CTO,www.udemy.com,4,NASDAQ listed; corporate training,u003esuccess@udemy.com,policy@udemy.com; u003epolicy@udemy.com,(313) 137-4692,(071) 428-5714; (678) 571-4285,scraped,,,[first].[last]@udemy.com; [f][last]@udemy.com; [first]@udemy.com; [first][last]@udemy.com,https://www.linkedin.com/search/results/people/?keywords=%22CTO%22+%22Udemy+Business%22,,,,,,,,https://www.google.com/search?q=Udemy+Business+%22CTO%22+site%3Alinkedin.com%2Fin
663,Pluralsight,Education / EdTech,Tech Learning,Draper,UT,1500,$200M-$500M,Skill assessment AI,$10K-$20K,Chief Technology Officer,www.pluralsight.com,4,Tech skills platform,info@pluralsight.com,contact@pluralsight.com,(801) 784-9007,(900) 132-2718; (784) 289-9024,pattern,,,[first].[last]@pluralsight.com; [f][last]@pluralsight.com; [first]@pluralsight.com; [first][last]@pluralsight.com,https://www.linkedin.com/search/results/people/?keywords=%22Chief+Technology+Officer%22+%22Pluralsight%22,https://www.linkedin.com/company/pluralsight/,,https://x.com/pluralsight,https://www.facebook.com/pluralsight,https://www.instagram.com/pluralsight,https://www.youtube.com/@pluralsight,,https://www.google.com/search?q=Pluralsight+%22Chief+Technology+Officer%22+site%3Alinkedin.com%2Fin
664,Skillshare,Education / EdTech,Creative Learning,New York,NY,200,$50M-$100M,Content recommendation AI,$5K-$15K,CTO,www.skillshare.com,3,Creative learning community,help@skillshare.com,legal@skillshare.com; teach@skillshare.com; skillshare@gdpr-rep.com,(064) 763-3531,(989) 066-0471; (488) 889-3810,scraped,,,[first].[last]@skillshare.com; [f][last]@skillshare.com; [first]@skillshare.com; [first][last]@skillshare.com,https://www.linkedin.com/search/results/people/?keywords=%22CTO%22+%22Skillshare%22,https://www.linkedin.com/company/skillshare-com/,,https://twitter.com/skillshare,https://facebook.com/skillshare,https://www.instagram.com/skillshare/,,,https://www.google.com/search?q=Skillshare+%22CTO%22+site%3Alinkedin.com%2Fin
665,Kahoot!,Education / EdTech,Gamified Learning,Austin,TX,500,$100M-$200M,Student engagement AI,$8K-$15K,Chief Technology Officer,www.kahoot.com,3,Gamified learning platform,info@kahoot.com,contact@kahoot.com,(177) 011-7158,(175) 932-6401; (176) 829-4250,pattern,,,[first].[last]@kahoot.com; [f][last]@kahoot.com; [first]@kahoot.com; [first][last]@kahoot.com,https://www.linkedin.com/search/results/people/?keywords=%22Chief+Technology+Officer%22+%22Kahoot%21%22,https://www.linkedin.com/company/kahoot/,https://www.linkedin.com/in/charlotte-kristiansen/; https://www.linkedin.com/in/nana-bule/; https://www.linkedin.com/in/gavin-patterson-19b9865b/,https://twitter.com/kahoot,https://www.facebook.com/getkahoot,https://www.instagram.com/kahoot/,,,https://www.google.com/search?q=Kahoot%21+%22Chief+Technology+Officer%22+site%3Alinkedin.com%2Fin
666,Litmos (SAP),Education / EdTech,Corporate LMS,San Carlos,CA,300,$50M-$100M,Learning analytics AI,$8K-$15K,VP of Product,www.litmos.com,3,Corporate training LMS,sales@litmos.com,,(174) 914-1130,(176) 238-2073; (177) 220-4287,scraped,,,[first].[last]@litmos.com; [f][last]@litmos.com; [first]@litmos.com; [first][last]@litmos.com,https://www.linkedin.com/search/results/people/?keywords=%22VP+of+Product%22+%22Litmos+%28SAP%29%22,https://www.linkedin.com/company/litmos,https://www.linkedin.com/in/ericjvermillion/; https://www.linkedin.com/in/tara-baker-079016a/; https://www.linkedin.com/in/briansobus/,https://x.com/litmos,https://www.facebook.com/Litmos,https://www.instagram.com/litmoslms/,,,https://www.google.com/search?q=Litmos+%28SAP%29+%22VP+of+Product%22+site%3Alinkedin.com%2Fin
667,Guild Education,Education / EdTech,Employer Education,Denver,CO,2000,$200M-$500M,Enrollment AI,$10K-$25K,CTO,www.guild.com,4,Employer education benefits,info@guild.com,contact@guild.com,(802) 442-9405,(703) 235-3550; (178) 657-5424,pattern,,,[first].[last]@guild.com; [f][last]@guild.com; [first]@guild.com; [first][last]@guild.com,https://www.linkedin.com/search/results/people/?keywords=%22CTO%22+%22Guild+Education%22,https://www.linkedin.com/company/guildeducation/,,https://twitter.com/GuildEducation,https://www.facebook.com/GuildEducation/,https://www.instagram.com/guildeducation/,,,https://www.google.com/search?q=Guild+Education+%22CTO%22+site%3Alinkedin.com%2Fin
668,Handshake,Education / EdTech,Career Platform,San Francisco,CA,800,$100M-$200M,Job matching AI,$8K-$20K,Chief Technology Officer,www.joinhandshake.com,3,College career platform,info@joinhandshake.com,contact@joinhandshake.com,(002) 570-4891,(788) 449-2219; (504) 610-9197,pattern,,,[first].[last]@joinhandshake.com; [f][last]@joinhandshake.com; [first]@joinhandshake.com; [first][last]@joinhandshake.com,https://www.linkedin.com/search/results/people/?keywords=%22Chief+Technology+Officer%22+%22Handshake%22,https://www.linkedin.com/company/team-handshake,,https://twitter.com/joinhandshake,https://www.facebook.com/joinhandshake,https://www.instagram.com/joinhandshake,,,https://www.google.com/search?q=Handshake+%22Chief+Technology+Officer%22+site%3Alinkedin.com%2Fin
669,Degreed,Education / EdTech,Skills Platform,Pleasanton,CA,500,$50M-$100M,Skill assessment AI,$8K-$15K,CTO,www.degreed.com,3,Workforce upskilling,info@degreed.com,contact@degreed.com,(177) 098-2446,(176) 062-8528; (174) 802-4604,pattern,,,[first].[last]@degreed.com; [f][last]@degreed.com; [first]@degreed.com; [first][last]@degreed.com,https://www.linkedin.com/search/results/people/?keywords=%22CTO%22+%22Degreed%22,https://www.linkedin.com/company/degreed/,,https://x.com/degreed,https://www.facebook.com/DegreedOfficial,https://www.instagram.com/degreed/,https://www.youtube.com/channel/UCkH3pyPKVngvsZzZlmoH-Mw,,https://www.google.com/search?q=Degreed+%22CTO%22+site%3Alinkedin.com%2Fin
670,Niche,Education / EdTech,School Search,Pittsburgh,PA,200,$25M-$50M,Enrollment optimization AI,$5K-$15K,VP of Product,www.niche.com,3,School rankings/reviews,info@niche.com,contact@niche.com,,,pattern,,,[first].[last]@niche.com; [f][last]@niche.com; [first]@niche.com; [first][last]@niche.com,https://www.linkedin.com/search/results/people/?keywords=%22VP+of+Product%22+%22Niche%22,,,,,,,,https://www.google.com/search?q=Niche+%22VP+of+Product%22+site%3Alinkedin.com%2Fin
671,GoGuardian,Education / EdTech,K-12 Safety,Los Angeles,CA,500,$100M-$200M,Student safety AI,$8K-$20K,Chief Technology Officer,www.goguardian.com,3,Student safety/engagement,info@goguardian.com,contact@goguardian.com,(609) 009-9279,(459) 977-4371,pattern,,,[first].[last]@goguardian.com; [f][last]@goguardian.com; [first]@goguardian.com; [first][last]@goguardian.com,https://www.linkedin.com/search/results/people/?keywords=%22Chief+Technology+Officer%22+%22GoGuardian%22,https://www.linkedin.com/company/goguardian,,,https://www.facebook.com/goguardian/,https://www.instagram.com/goguardian/,,,https://www.google.com/search?q=GoGuardian+%22Chief+Technology+Officer%22+site%3Alinkedin.com%2Fin
672,Nearpod (Renaissance),Education / EdTech,Interactive Learning,Fort Lauderdale,FL,300,$50M-$100M,Student engagement AI,$5K-$15K,VP of Product,www.nearpod.com,3,Interactive lessons; Renaissance sub,info@nearpod.com,contact@nearpod.com,(771) 536-3541,(362) 127-2222,pattern,,,[first].[last]@nearpod.com; [f][last]@nearpod.com; [first]@nearpod.com; [first][last]@nearpod.com,https://www.linkedin.com/search/results/people/?keywords=%22VP+of+Product%22+%22Nearpod+%28Renaissance%29%22,https://www.linkedin.com/company/renaissance-learning/,,https://www.twitter.com/nearpod,https://www.facebook.com/nearpod,https://www.instagram.com/nearpod/,,,https://www.google.com/search?q=Nearpod+%28Renaissance%29+%22VP+of+Product%22+site%3Alinkedin.com%2Fin
673,Age of Learning,Education / EdTech,Early Learning,Glendale,CA,500,$100M-$200M,Adaptive learning AI,$8K-$15K,CTO,www.ageoflearning.com,3,ABCmouse platform,info@ageoflearning.com,contact@ageoflearning.com,,,pattern,,,[first].[last]@ageoflearning.com; [f][last]@ageoflearning.com; [first]@ageoflearning.com; [first][last]@ageoflearning.com,https://www.linkedin.com/search/results/people/?keywords=%22CTO%22+%22Age+of+Learning%22,,,,,,,,https://www.google.com/search?q=Age+of+Learning+%22CTO%22+site%3Alinkedin.com%2Fin
674,IXL Learning,Education / EdTech,K-12 Practice,San Mateo,CA,400,$100M-$200M,Adaptive assessment AI,$8K-$15K,Chief Technology Officer,www.ixl.com,3,K-12 practice platform,support@ixl.com,orders@ixl.com; help@ixl.com; info@ixl.com,(000) 042-1977,(168) 584-1599; (145) 937-9734,scraped,,,[first].[last]@ixl.com; [f][last]@ixl.com; [first]@ixl.com; [first][last]@ixl.com,https://www.linkedin.com/search/results/people/?keywords=%22Chief+Technology+Officer%22+%22IXL+Learning%22,,,https://x.com/IXLLearning,https://www.facebook.com/IXL,https://www.instagram.com/ixl/,,,https://www.google.com/search?q=IXL+Learning+%22Chief+Technology+Officer%22+site%3Alinkedin.com%2Fin
675,BetterUp,Education / EdTech,Coaching Platform,San Francisco,CA,1000,$200M-$500M,Coaching match AI,$10K-$25K,CTO,www.betterup.com,4,Digital coaching platform,info@betterup.com,contact@betterup.com,(743) 083-3206,(771) 866-4343; (862) 387-8225,pattern,,,[first].[last]@betterup.com; [f][last]@betterup.com; [first]@betterup.com; [first][last]@betterup.com,https://www.linkedin.com/search/results/people/?keywords=%22CTO%22+%22BetterUp%22,https://www.linkedin.com/company/betterup/,,https://twitter.com/betterup,https://www.facebook.com/betterupco,https://www.instagram.com/betterup/,https://www.youtube.com/@BetterUp,,https://www.google.com/search?q=BetterUp+%22CTO%22+site%3Alinkedin.com%2Fin
676,Quizlet,Education / EdTech,Study Tools,San Francisco,CA,300,$100M-$200M,Study recommendation AI,$8K-$15K,Chief Technology Officer,www.quizlet.com,3,AI-powered study tools,info@quizlet.com,contact@quizlet.com,,,pattern,,,[first].[last]@quizlet.com; [f][last]@quizlet.com; [first]@quizlet.com; [first][last]@quizlet.com,https://www.linkedin.com/search/results/people/?keywords=%22Chief+Technology+Officer%22+%22Quizlet%22,,,,,,,,https://www.google.com/search?q=Quizlet+%22Chief+Technology+Officer%22+site%3Alinkedin.com%2Fin
677,Crimson Education,Education / EdTech,College Admissions,New York,NY,3000,$100M-$200M,Application review AI,$8K-$20K,CTO,www.crimsoneducation.org,3,Global admissions consulting,info@crimsoneducation.org,contact@crimsoneducation.org,,(646) 419-3178; (263) 311-2223,pattern,,,[first].[last]@crimsoneducation.org; [f][last]@crimsoneducation.org; [first]@crimsoneducation.org; [first][last]@crimsoneducation.org,https://www.linkedin.com/search/results/people/?keywords=%22CTO%22+%22Crimson+Education%22,https://www.linkedin.com/company/crimsoneducation/,https://www.linkedin.com/in/deverydoran/; https://www.linkedin.com/in/yanlinmohabir/; https://www.linkedin.com/in/danacrum/,https://x.com/crimsonedu,https://www.facebook.com/crimsoneducation.org,https://www.instagram.com/crimsoneducation/,https://www.youtube.com/@CrimsonEducation,,https://www.google.com/search?q=Crimson+Education+%22CTO%22+site%3Alinkedin.com%2Fin
678,Articulate,Education / EdTech,Course Creation,New York,NY,500,$200M-$500M,Content generation AI,$10K-$20K,Chief Technology Officer,www.articulate.com,4,eLearning authoring tools,sales@articulate.com,,,(720) 013-4901; (245) 862-7916,scraped,,,[first].[last]@articulate.com; [f][last]@articulate.com; [first]@articulate.com; [first][last]@articulate.com,https://www.linkedin.com/search/results/people/?keywords=%22Chief+Technology+Officer%22+%22Articulate%22,https://www.linkedin.com/company/articulate,,https://x.com/Articulate,https://www.facebook.com/Articulate,,,,https://www.google.com/search?q=Articulate+%22Chief+Technology+Officer%22+site%3Alinkedin.com%2Fin
679,Docebo,Education / EdTech,Corporate LMS,Athens,GA,900,$200M-$500M,Learning path AI,$10K-$20K,CTO,www.docebo.com,4,NASDAQ listed; AI-powered LMS,info@docebo.com,contact@docebo.com,(624) 256-7044,(749) 696-9728; (765) 462-9919,pattern,,,[first].[last]@docebo.com; [f][last]@docebo.com; [first]@docebo.com; [first][last]@docebo.com,https://www.linkedin.com/search/results/people/?keywords=%22CTO%22+%22Docebo%22,https://www.linkedin.com/company/docebo/,,,https://www.facebook.com/Docebo/,,https://www.youtube.com/@DoceboLMS,,https://www.google.com/search?q=Docebo+%22CTO%22+site%3Alinkedin.com%2Fin
680,Emeritus,Education / EdTech,Exec Education,Boston,MA,2000,$200M-$500M,Enrollment optimization AI,$10K-$25K,Chief Technology Officer,www.emeritus.org,4,University partnership platform,info@emeritus.org,contact@emeritus.org,,(169) 442-1536; (999) 999-9998,pattern,,,[first].[last]@emeritus.org; [f][last]@emeritus.org; [first]@emeritus.org; [first][last]@emeritus.org,https://www.linkedin.com/search/results/people/?keywords=%22Chief+Technology+Officer%22+%22Emeritus%22,,https://www.linkedin.com/in/ashley-chiampo-7755175/; https://www.linkedin.com/in/kalipatnapu; https://www.linkedin.com/in/lisa-haueisen-rohrer/,https://x.com/EMERITUS_INST,https://www.facebook.com/EMERITUS.INST/,https://www.instagram.com/emeritus_ed/,https://www.youtube.com/c/EMERITUS/,,https://www.google.com/search?q=Emeritus+%22Chief+Technology+Officer%22+site%3Alinkedin.com%2Fin
681,Banfield Pet Hospital,Veterinary / Pet Services,General Vet,Vancouver,WA,16000,$1B+,Appointment scheduling AI,$20K-$40K,Chief Technology Officer,www.banfield.com,5,Mars subsidiary; 1000 hospitals,cst.inbox@banfield.com,banfieldcares@banfield.com; home.delivery@banfield.com; wellnessplanteam@banfield.com,(586) 924-9213,(639) 080-0060; (201) 903-1319,scraped,,,[first].[last]@banfield.com; [f][last]@banfield.com; [first]@banfield.com; [first][last]@banfield.com,https://www.linkedin.com/search/results/people/?keywords=%22Chief+Technology+Officer%22+%22Banfield+Pet+Hospital%22,https://www.linkedin.com/company/banfield-pet-hospital/,,https://twitter.com/Banfield,https://www.facebook.com/BanfieldPetHospital,https://instagram.com/banfieldpethospital,https://www.youtube.com/channel/UCFGDl6vnQ-lB6FhJmxT-Dxw,,https://www.google.com/search?q=Banfield+Pet+Hospital+%22Chief+Technology+Officer%22+site%3Alinkedin.com%2Fin
682,VCA Animal Hospitals,Veterinary / Pet Services,General Vet,Los Angeles,CA,25000,$1B+,Pet health records AI,$25K-$50K,CTO,www.vcahospitals.com,5,Mars subsidiary; 900+ hospitals,mediarelations@vca.com,,(112) 693-3456,(113) 428-1396; (801) 520-2062,scraped,,,[first].[last]@vcahospitals.com; [f][last]@vcahospitals.com; [first]@vcahospitals.com; [first][last]@vcahospitals.com,https://www.linkedin.com/search/results/people/?keywords=%22CTO%22+%22VCA+Animal+Hospitals%22,https://www.linkedin.com/company/vcaanimalhospitals,,,https://www.facebook.com/VCAAnimalHospitals,https://www.instagram.com/vca,,,https://www.google.com/search?q=VCA+Animal+Hospitals+%22CTO%22+site%3Alinkedin.com%2Fin
683,BluePearl Pet Hospital,Veterinary / Pet Services,Specialty/Emergency,Tampa,FL,7000,$500M-$1B,Follow-up automation AI,$15K-$30K,VP of Technology,www.bluepearlvet.com,4,Mars subsidiary; 100+ hospitals,info@bluepearlvet.com,info.birmingham@bluepearlvet.com; info.avondale@bluepearlvet.com; info.peoria@bluepearlvet.com,(449) 742-2680,(550) 257-7319; (272) 931-0989,pattern,,,[first].[last]@bluepearlvet.com; [f][last]@bluepearlvet.com; [first]@bluepearlvet.com; [first][last]@bluepearlvet.com,https://www.linkedin.com/search/results/people/?keywords=%22VP+of+Technology%22+%22BluePearl+Pet+Hospital%22,https://www.linkedin.com/company/bluepearl-veterinary-partners/,,https://twitter.com/bluepearlvet,https://www.facebook.com/BluePearlPetHospital/,https://www.instagram.com/bluepearlvet/,https://www.youtube.com/channel/UCEbUAjeS1Dt54jpZ2FJlbRg,,https://www.google.com/search?q=BluePearl+Pet+Hospital+%22VP+of+Technology%22+site%3Alinkedin.com%2Fin
684,VetCor,Veterinary / Pet Services,General Vet,Norfolk,VA,8000,$500M-$1B,Appointment scheduling AI,$15K-$30K,Director of Technology,www.vetcor.com,4,800+ practices,info@vetcor.com,contact@vetcor.com,(089) 584-5411,,pattern,,,[first].[last]@vetcor.com; [f][last]@vetcor.com; [first]@vetcor.com; [first][last]@vetcor.com,https://www.linkedin.com/search/results/people/?keywords=%22Director+of+Technology%22+%22VetCor%22,https://www.linkedin.com/company/vetcor,,https://twitter.com/VetCorPractices,https://www.facebook.com/VetCor,https://www.instagram.com/vetcor/,,,https://www.google.com/search?q=VetCor+%22Director+of+Technology%22+site%3Alinkedin.com%2Fin
685,National Veterinary Associates,Veterinary / Pet Services,Multi-Specialty,Agoura Hills,CA,10000,$1B+,Pet records AI,$20K-$40K,Chief Technology Officer,www.nva.com,5,JAB Investors backed,info@nva.com,contact@nva.com,(069) 928-6723,(843) 976-2859,pattern,,,[first].[last]@nva.com; [f][last]@nva.com; [first]@nva.com; [first][last]@nva.com,https://www.linkedin.com/search/results/people/?keywords=%22Chief+Technology+Officer%22+%22National+Veterinary+Associates%22,https://www.linkedin.com/company/national-veterinary-associates-nva/,,,,,,,https://www.google.com/search?q=National+Veterinary+Associates+%22Chief+Technology+Officer%22+site%3Alinkedin.com%2Fin
686,Thrive Pet Healthcare,Veterinary / Pet Services,General Vet,Austin,TX,6000,$500M-$1B,Follow-up automation,$10K-$25K,CTO,www.thrivepetcare.com,4,Petco partnership history,info@thrivepetcare.com,contact@thrivepetcare.com,,,pattern,,,[first].[last]@thrivepetcare.com; [f][last]@thrivepetcare.com; [first]@thrivepetcare.com; [first][last]@thrivepetcare.com,https://www.linkedin.com/search/results/people/?keywords=%22CTO%22+%22Thrive+Pet+Healthcare%22,,,,,,,,https://www.google.com/search?q=Thrive+Pet+Healthcare+%22CTO%22+site%3Alinkedin.com%2Fin
687,MedVet,Veterinary / Pet Services,Specialty/Emergency,Columbus,OH,3000,$200M-$500M,Appointment scheduling AI,$10K-$25K,VP of Technology,www.medvet.com,4,Vet-owned; specialty focus,info@medvet.com,contact@medvet.com,(177) 125-2361,(099) 934-1024; (330) 665-4996,pattern,,,[first].[last]@medvet.com; [f][last]@medvet.com; [first]@medvet.com; [first][last]@medvet.com,https://www.linkedin.com/search/results/people/?keywords=%22VP+of+Technology%22+%22MedVet%22,https://www.linkedin.com/company/medvet-medical-and-cancer-centers-for-pets,,,https://www.facebook.com/medvetforpets,https://www.instagram.com/medvet/,,,https://www.google.com/search?q=MedVet+%22VP+of+Technology%22+site%3Alinkedin.com%2Fin
688,Pathway Vet Alliance,Veterinary / Pet Services,General Vet,Austin,TX,4000,$200M-$500M,Pet health records AI,$10K-$20K,Director of IT,www.pathwayvetalliance.com,3,TSG Consumer Partners backed,info@pathwayvetalliance.com,contact@pathwayvetalliance.com,,,pattern,,,[first].[last]@pathwayvetalliance.com; [f][last]@pathwayvetalliance.com; [first]@pathwayvetalliance.com; [first][last]@pathwayvetalliance.com,https://www.linkedin.com/search/results/people/?keywords=%22Director+of+IT%22+%22Pathway+Vet+Alliance%22,,,,,,,,https://www.google.com/search?q=Pathway+Vet+Alliance+%22Director+of+IT%22+site%3Alinkedin.com%2Fin
689,Ethos Veterinary Health,Veterinary / Pet Services,Specialty,Woburn,MA,5000,$500M-$1B,Clinical AI support,$15K-$30K,Chief Technology Officer,www.ethosvet.com,4,NVA subsidiary; specialty focus,info@ethosvet.com,contact@ethosvet.com,(333) 333-3333,(733) 333-3333; (754) 599-1332,pattern,,,[first].[last]@ethosvet.com; [f][last]@ethosvet.com; [first]@ethosvet.com; [first][last]@ethosvet.com,https://www.linkedin.com/search/results/people/?keywords=%22Chief+Technology+Officer%22+%22Ethos+Veterinary+Health%22,https://www.linkedin.com/company/ethos-veterinary-health/,,,https://www.facebook.com/ethosveterinaryhealth/,http://instagram.com/ethosvethealth,,,https://www.google.com/search?q=Ethos+Veterinary+Health+%22Chief+Technology+Officer%22+site%3Alinkedin.com%2Fin
690,PetVet Care Centers,Veterinary / Pet Services,General Vet,Westport,CT,6000,$500M-$1B,Scheduling automation AI,$10K-$25K,VP of Technology,www.petvetcarecenters.com,4,KKR backed; 450+ hospitals,info@petvetcarecenters.com,contact@petvetcarecenters.com,,,pattern,,,[first].[last]@petvetcarecenters.com; [f][last]@petvetcarecenters.com; [first]@petvetcarecenters.com; [first][last]@petvetcarecenters.com,https://www.linkedin.com/search/results/people/?keywords=%22VP+of+Technology%22+%22PetVet+Care+Centers%22,https://www.linkedin.com/company/petvet-care-centers/,,,https://www.facebook.com/petvetcarecenters/,https://www.instagram.com/petvetcarecenters/,https://www.youtube.com/channel/UCI41vPIYAXIZvUX29gIBfbQ,,https://www.google.com/search?q=PetVet+Care+Centers+%22VP+of+Technology%22+site%3Alinkedin.com%2Fin
691,Destination Pet,Veterinary / Pet Services,Full-Service Pet,Highlands Ranch,CO,3000,$100M-$200M,Follow-up automation,$8K-$20K,Director of Technology,www.destinationpet.com,3,Vet + boarding + grooming,info@destpet.com,,(864) 811-9795,(994) 525-4849; (732) 171-5058,scraped,,,[first].[last]@destinationpet.com; [f][last]@destinationpet.com; [first]@destinationpet.com; [first][last]@destinationpet.com,https://www.linkedin.com/search/results/people/?keywords=%22Director+of+Technology%22+%22Destination+Pet%22,https://www.linkedin.com/company/destinationpet/,,,https://www.facebook.com/destpet/,https://www.instagram.com/destination.pet,,,https://www.google.com/search?q=Destination+Pet+%22Director+of+Technology%22+site%3Alinkedin.com%2Fin
692,VIP Petcare,Veterinary / Pet Services,Affordable Vet,Windsor,CA,1000,$50M-$100M,Appointment scheduling AI,$5K-$15K,VP of Operations,www.vippetcare.com,3,Retail-based vet clinics,info@vippetcare.com,contact@vippetcare.com,(527) 836-8915,(177) 092-6809; (800) 427-7973,pattern,,,[first].[last]@vippetcare.com; [f][last]@vippetcare.com; [first]@vippetcare.com; [first][last]@vippetcare.com,https://www.linkedin.com/search/results/people/?keywords=%22VP+of+Operations%22+%22VIP+Petcare%22,https://www.linkedin.com/company/2721889,,https://twitter.com/vippetcare,https://www.facebook.com/tr,https://instagram.com/vip.petcare/,,,https://www.google.com/search?q=VIP+Petcare+%22VP+of+Operations%22+site%3Alinkedin.com%2Fin
693,Southern Veterinary Partners,Veterinary / Pet Services,General Vet,Birmingham,AL,5000,$500M-$1B,Pet records AI,$10K-$25K,Chief Technology Officer,www.southernvetpartners.com,4,SE focused; 400+ hospitals,info@southernvetpartners.com,contact@southernvetpartners.com,,,pattern,,,[first].[last]@southernvetpartners.com; [f][last]@southernvetpartners.com; [first]@southernvetpartners.com; [first][last]@southernvetpartners.com,https://www.linkedin.com/search/results/people/?keywords=%22Chief+Technology+Officer%22+%22Southern+Veterinary+Partners%22,,,,,,,,https://www.google.com/search?q=Southern+Veterinary+Partners+%22Chief+Technology+Officer%22+site%3Alinkedin.com%2Fin
694,Heart + Paw,Veterinary / Pet Services,Full-Service Pet,Newtown Square,PA,1000,$50M-$100M,Customer engagement AI,$5K-$15K,CTO,www.heartandpaw.com,3,Vet + grooming + daycare,info@heartandpaw.com,contact@heartandpaw.com,(171) 820-5888,(177) 240-3704; (547) 933-8404,pattern,,,[first].[last]@heartandpaw.com; [f][last]@heartandpaw.com; [first]@heartandpaw.com; [first][last]@heartandpaw.com,https://www.linkedin.com/search/results/people/?keywords=%22CTO%22+%22Heart+%2B+Paw%22,https://www.linkedin.com/company/heart-and-paw/,,,https://www.facebook.com/heartandpaw.brand/,https://www.instagram.com/heartandpaw/,,,https://www.google.com/search?q=Heart+%2B+Paw+%22CTO%22+site%3Alinkedin.com%2Fin
695,PetSuites,Veterinary / Pet Services,Boarding/Daycare,Delaware,OH,500,$25M-$50M,Scheduling AI,$5K-$12K,Director of Operations,www.petsuites.com,2,NVA subsidiary,info@petsuites.com,contact@petsuites.com,(177) 240-3812,(177) 240-3813; (177) 240-3814,pattern,,,[first].[last]@petsuites.com; [f][last]@petsuites.com; [first]@petsuites.com; [first][last]@petsuites.com,https://www.linkedin.com/search/results/people/?keywords=%22Director+of+Operations%22+%22PetSuites%22,,,,,,,,https://www.google.com/search?q=PetSuites+%22Director+of+Operations%22+site%3Alinkedin.com%2Fin
696,Camp Bow Wow,Veterinary / Pet Services,Dog Daycare,Broomfield,CO,3000,$100M-$200M,Follow-up automation,$5K-$15K,VP of Technology,www.campbowwow.com,3,200+ franchise locations,example@domain.com,,(072) 414-7139,(079) 136-6906; (260) 227-1535,scraped,,,[first].[last]@campbowwow.com; [f][last]@campbowwow.com; [first]@campbowwow.com; [first][last]@campbowwow.com,https://www.linkedin.com/search/results/people/?keywords=%22VP+of+Technology%22+%22Camp+Bow+Wow%22,https://www.linkedin.com/company/62821,,https://twitter.com/campbowwow,https://www.facebook.com/CampBowWow/,https://www.instagram.com/campbowwow/,,,https://www.google.com/search?q=Camp+Bow+Wow+%22VP+of+Technology%22+site%3Alinkedin.com%2Fin
697,Dogtopia,Veterinary / Pet Services,Dog Daycare,Phoenix,AZ,2500,$50M-$100M,Scheduling AI,$5K-$15K,Director of Technology,www.dogtopia.com,3,200+ franchise locations,support@dogtopia.com,8thave@dogtopia.com; ahwatukee@dogtopia.com; albuquerquewest@dogtopia.com,(819) 272-0419,(182) 635-9914; (893) 876-2415,scraped,,,[first].[last]@dogtopia.com; [f][last]@dogtopia.com; [first]@dogtopia.com; [first][last]@dogtopia.com,https://www.linkedin.com/search/results/people/?keywords=%22Director+of+Technology%22+%22Dogtopia%22,,,https://twitter.com/dogtopia,https://www.facebook.com/dogtopia/,https://www.instagram.com/dogsofdogtopia/,https://www.youtube.com/channel/UCpWpoOofGfyQgYuJIYH1_jw,,https://www.google.com/search?q=Dogtopia+%22Director+of+Technology%22+site%3Alinkedin.com%2Fin
698,PetSmart (Vetco),Veterinary / Pet Services,Retail Vet,Phoenix,AZ,55000,$5B+,Appointment scheduling AI,$25K-$50K,Chief Technology Officer,www.petsmart.com,5,1650+ retail stores,info@petsmart.com,contact@petsmart.com,,,pattern,,,[first].[last]@petsmart.com; [f][last]@petsmart.com; [first]@petsmart.com; [first][last]@petsmart.com,https://www.linkedin.com/search/results/people/?keywords=%22Chief+Technology+Officer%22+%22PetSmart+%28Vetco%29%22,,,,,,,,https://www.google.com/search?q=PetSmart+%28Vetco%29+%22Chief+Technology+Officer%22+site%3Alinkedin.com%2Fin
699,Petco,Veterinary / Pet Services,Retail/Vet,San Diego,CA,28000,$5B+,Pet health AI,$25K-$50K,CTO,www.petco.com,5,NASDAQ listed; 1500+ locations,info@petco.com,contact@petco.com,,,pattern,,,[first].[last]@petco.com; [f][last]@petco.com; [first]@petco.com; [first][last]@petco.com,https://www.linkedin.com/search/results/people/?keywords=%22CTO%22+%22Petco%22,,,,,,,,https://www.google.com/search?q=Petco+%22CTO%22+site%3Alinkedin.com%2Fin
700,Fuzzy Pet Health,Veterinary / Pet Services,Telehealth Vet,San Francisco,CA,100,$10M-$25M,Virtual triage AI,$5K-$12K,Chief Technology Officer,www.fuzzy.com,3,Digital-first vet care,info@fuzzy.com,contact@fuzzy.com,,,pattern,,,[first].[last]@fuzzy.com; [f][last]@fuzzy.com; [first]@fuzzy.com; [first][last]@fuzzy.com,https://www.linkedin.com/search/results/people/?keywords=%22Chief+Technology+Officer%22+%22Fuzzy+Pet+Health%22,,,,,,,,https://www.google.com/search?q=Fuzzy+Pet+Health+%22Chief+Technology+Officer%22+site%3Alinkedin.com%2Fin
701,Vetster,Veterinary / Pet Services,Vet Telehealth,Toronto,ON,100,$10M-$25M,Appointment scheduling AI,$5K-$12K,CTO,www.vetster.com,3,Online vet appointment platform,support@vetster.com,,(155) 183-1515,(486) 235-9289; (844) 619-0123,scraped,,,[first].[last]@vetster.com; [f][last]@vetster.com; [first]@vetster.com; [first][last]@vetster.com,https://www.linkedin.com/search/results/people/?keywords=%22CTO%22+%22Vetster%22,https://www.linkedin.com/company/vetster/,,,https://www.facebook.com/vetster.inc,https://www.instagram.com/askvetster/,https://youtube.com/@askvetster,,https://www.google.com/search?q=Vetster+%22CTO%22+site%3Alinkedin.com%2Fin
702,Dutch Pet,Veterinary / Pet Services,Vet Telehealth,New York,NY,50,$5M-$10M,Follow-up automation AI,$5K-$10K,Director of Technology,www.dutch.com,2,DTC pet telehealth,care@dutch.com,u003ecare@dutch.com,(441) 872-0661,(481) 578-5515; (668) 567-6673,scraped,,,[first].[last]@dutch.com; [f][last]@dutch.com; [first]@dutch.com; [first][last]@dutch.com,https://www.linkedin.com/search/results/people/?keywords=%22Director+of+Technology%22+%22Dutch+Pet%22,https://www.linkedin.com/company/dutchpet/,,https://twitter.com/dutchpethealth,https://www.facebook.com/dutchpet,https://www.instagram.com/hellodutch/,,,https://www.google.com/search?q=Dutch+Pet+%22Director+of+Technology%22+site%3Alinkedin.com%2Fin
703,Wisdom Panel (Mars),Veterinary / Pet Services,Pet Genetics,Portland,OR,200,$50M-$100M,Data analytics AI,$5K-$15K,VP of Technology,www.wisdompanel.com,3,Mars subsidiary; DNA testing,marketing@wisdompanel.com,info@wisdomhealth.com,(855) 619-1884,(000) 000-0031; (355) 910-3156,scraped,,,[first].[last]@wisdompanel.com; [f][last]@wisdompanel.com; [first]@wisdompanel.com; [first][last]@wisdompanel.com,https://www.linkedin.com/search/results/people/?keywords=%22VP+of+Technology%22+%22Wisdom+Panel+%28Mars%29%22,https://www.linkedin.com/company/wisdompanel,,https://twitter.com/wisdompanel,https://www.facebook.com/WisdomPanel/,https://www.instagram.com/wisdompanel/,https://www.youtube.com/channel/UCO4y-JTZWZ9pnsC7ON3DxTA,,https://www.google.com/search?q=Wisdom+Panel+%28Mars%29+%22VP+of+Technology%22+site%3Alinkedin.com%2Fin
704,Wag!,Veterinary / Pet Services,Pet Services Platform,San Francisco,CA,300,$50M-$100M,Matching AI,$5K-$15K,CTO,www.wag.com,3,Pet walking/sitting platform,info@wag.com,contact@wag.com,,,pattern,,,[first].[last]@wag.com; [f][last]@wag.com; [first]@wag.com; [first][last]@wag.com,https://www.linkedin.com/search/results/people/?keywords=%22CTO%22+%22Wag%21%22,,,,,,,,https://www.google.com/search?q=Wag%21+%22CTO%22+site%3Alinkedin.com%2Fin
705,Rover,Veterinary / Pet Services,Pet Services Platform,Seattle,WA,500,$200M-$500M,Matching AI,$8K-$20K,Chief Technology Officer,www.rover.com,4,Pet care marketplace,info@rover.com,contact@rover.com,(521) 937-0609,(037) 800-1347; (614) 059-2415,pattern,,,[first].[last]@rover.com; [f][last]@rover.com; [first]@rover.com; [first][last]@rover.com,https://www.linkedin.com/search/results/people/?keywords=%22Chief+Technology+Officer%22+%22Rover%22,https://www.linkedin.com/company/roverdotcom/,,,https://www.facebook.com/RoverDotCom/,https://www.instagram.com/roverdotcom/,,,https://www.google.com/search?q=Rover+%22Chief+Technology+Officer%22+site%3Alinkedin.com%2Fin
706,Bond Vet,Veterinary / Pet Services,Modern Vet,New York,NY,400,$25M-$50M,Appointment scheduling AI,$5K-$15K,CTO,www.bondvet.com,3,Urban vet clinics,info@bondvet.com,contact@bondvet.com,(645) 305-1802,(833) 333-3333; (214) 748-3646,pattern,,,[first].[last]@bondvet.com; [f][last]@bondvet.com; [first]@bondvet.com; [first][last]@bondvet.com,https://www.linkedin.com/search/results/people/?keywords=%22CTO%22+%22Bond+Vet%22,https://linkedin.com/company/bondvet,,https://x.com/BondVetClinic,https://facebook.com/bondvetclinic,https://instagram.com/bondvetclinic/,,,https://www.google.com/search?q=Bond+Vet+%22CTO%22+site%3Alinkedin.com%2Fin
707,Modern Animal,Veterinary / Pet Services,Tech-Forward Vet,Los Angeles,CA,200,$10M-$25M,Pet health records AI,$5K-$15K,Chief Technology Officer,www.modernanimal.com,3,Tech-first vet clinics,hello@modernanimal.com,,(735) 825-8369,(866) 505-8755; (866) 505-8755,scraped,,,[first].[last]@modernanimal.com; [f][last]@modernanimal.com; [first]@modernanimal.com; [first][last]@modernanimal.com,https://www.linkedin.com/search/results/people/?keywords=%22Chief+Technology+Officer%22+%22Modern+Animal%22,https://www.linkedin.com/company/modernanimal/,,,https://www.facebook.com/ModernAnimalVet/,https://www.instagram.com/modernanimal/,,,https://www.google.com/search?q=Modern+Animal+%22Chief+Technology+Officer%22+site%3Alinkedin.com%2Fin
708,Rarebreed Veterinary Partners,Veterinary / Pet Services,General Vet,Fairfield,CT,2000,$100M-$200M,Follow-up automation AI,$8K-$20K,VP of Technology,www.rarebreedvet.com,3,Growing vet platform,info@rarebreedvet.com,contact@rarebreedvet.com,(177) 240-3815,(769) 101-5640; (177) 240-3816,pattern,,,[first].[last]@rarebreedvet.com; [f][last]@rarebreedvet.com; [first]@rarebreedvet.com; [first][last]@rarebreedvet.com,https://www.linkedin.com/search/results/people/?keywords=%22VP+of+Technology%22+%22Rarebreed+Veterinary+Partners%22,,,,,,,,https://www.google.com/search?q=Rarebreed+Veterinary+Partners+%22VP+of+Technology%22+site%3Alinkedin.com%2Fin
709,Community Veterinary Partners,Veterinary / Pet Services,General Vet,Boston,MA,1500,$100M-$200M,Appointment scheduling AI,$8K-$15K,Director of IT,www.communityvetpartners.com,3,Northeast focused,info@communityvetpartners.com,contact@communityvetpartners.com,,,pattern,,,[first].[last]@communityvetpartners.com; [f][last]@communityvetpartners.com; [first]@communityvetpartners.com; [first][last]@communityvetpartners.com,https://www.linkedin.com/search/results/people/?keywords=%22Director+of+IT%22+%22Community+Veterinary+Partners%22,,,,,,,,https://www.google.com/search?q=Community+Veterinary+Partners+%22Director+of+IT%22+site%3Alinkedin.com%2Fin
710,Galaxy Vets,Veterinary / Pet Services,General Vet,West Palm Beach,FL,1000,$50M-$100M,Pet records AI,$5K-$15K,CTO,www.galaxyvets.com,3,Vet-led platform,info@galaxyvets.com,contact@galaxyvets.com,(029) 915-3206,(857) 366-4049; (512) 560-5107,pattern,,,[first].[last]@galaxyvets.com; [f][last]@galaxyvets.com; [first]@galaxyvets.com; [first][last]@galaxyvets.com,https://www.linkedin.com/search/results/people/?keywords=%22CTO%22+%22Galaxy+Vets%22,https://www.linkedin.com/company/galaxyvets/,,https://twitter.com/GalaxyVets,https://www.facebook.com/galaxyvets,https://www.instagram.com/galaxyvets/,https://www.youtube.com/channel/UC_OP_HEP8VIlv_aW34fvAFw,,https://www.google.com/search?q=Galaxy+Vets+%22CTO%22+site%3Alinkedin.com%2Fin
711,Mission Veterinary Partners,Veterinary / Pet Services,General Vet,Farmington Hills,MI,3000,$200M-$500M,Follow-up automation,$8K-$20K,Chief Technology Officer,www.missionvetpartners.com,4,Midwest focused; 300+ hospitals,info@missionvetpartners.com,contact@missionvetpartners.com,(177) 219-6142,(177) 212-6512; (177) 186-0330,pattern,,,[first].[last]@missionvetpartners.com; [f][last]@missionvetpartners.com; [first]@missionvetpartners.com; [first][last]@missionvetpartners.com,https://www.linkedin.com/search/results/people/?keywords=%22Chief+Technology+Officer%22+%22Mission+Veterinary+Partners%22,https://www.linkedin.com/company/mission-veterinary-partners/,,,https://www.facebook.com/missionpethealth,https://www.instagram.com/missionpethealth/,https://www.youtube.com/@missionpethealth,,https://www.google.com/search?q=Mission+Veterinary+Partners+%22Chief+Technology+Officer%22+site%3Alinkedin.com%2Fin
712,Lap of Love,Veterinary / Pet Services,End-of-Life Vet,Tampa,FL,300,$25M-$50M,Scheduling AI,$5K-$12K,Director of Technology,www.lapoflove.com,2,In-home hospice/euthanasia,info@lapoflove.com,contact@lapoflove.com,(296) 079-0139,(855) 933-5683; (761) 904-7619,pattern,,,[first].[last]@lapoflove.com; [f][last]@lapoflove.com; [first]@lapoflove.com; [first][last]@lapoflove.com,https://www.linkedin.com/search/results/people/?keywords=%22Director+of+Technology%22+%22Lap+of+Love%22,https://www.linkedin.com/company/lap-of-love-veterinary-hospice,,https://x.com/LapofLoveVets,https://www.facebook.com/tr,https://www.instagram.com/lapofloveveterinaryhospice/,,,https://www.google.com/search?q=Lap+of+Love+%22Director+of+Technology%22+site%3Alinkedin.com%2Fin
713,Bingle Vet Clinics,Veterinary / Pet Services,Franchise Vet,Houston,TX,200,$10M-$25M,Appointment scheduling AI,$5K-$12K,VP of Franchise,www.binglevetclinics.com,2,Franchise vet model,franchise@binglevet.com,,(688) 588-7279,(177) 084-0703; (331) 595-6875,scraped,,,[first].[last]@binglevetclinics.com; [f][last]@binglevetclinics.com; [first]@binglevetclinics.com; [first][last]@binglevetclinics.com,https://www.linkedin.com/search/results/people/?keywords=%22VP+of+Franchise%22+%22Bingle+Vet+Clinics%22,https://www.linkedin.com/company/binglevetclinics,,https://twitter.com/binglevet,https://www.facebook.com/tr,,,,https://www.google.com/search?q=Bingle+Vet+Clinics+%22VP+of+Franchise%22+site%3Alinkedin.com%2Fin
714,AZPetVet,Veterinary / Pet Services,General Vet,Phoenix,AZ,600,$25M-$50M,Pet health records AI,$5K-$12K,Director of Operations,www.azpetvet.com,2,Arizona vet network,info@azpetvet.com,contact@azpetvet.com,,,pattern,,,[first].[last]@azpetvet.com; [f][last]@azpetvet.com; [first]@azpetvet.com; [first][last]@azpetvet.com,https://www.linkedin.com/search/results/people/?keywords=%22Director+of+Operations%22+%22AZPetVet%22,,,,,,,,https://www.google.com/search?q=AZPetVet+%22Director+of+Operations%22+site%3Alinkedin.com%2Fin
715,Compassion-First Pet Hospitals,Veterinary / Pet Services,Specialty Vet,Manchester,NH,2000,$200M-$500M,Follow-up automation,$8K-$20K,VP of Technology,www.compassionfirstpets.com,3,NVA/JAB backed,info@compassionfirstpets.com,contact@compassionfirstpets.com,(333) 333-3333,(733) 333-3333; (754) 599-1332,pattern,,,[first].[last]@compassionfirstpets.com; [f][last]@compassionfirstpets.com; [first]@compassionfirstpets.com; [first][last]@compassionfirstpets.com,https://www.linkedin.com/search/results/people/?keywords=%22VP+of+Technology%22+%22Compassion-First+Pet+Hospitals%22,https://www.linkedin.com/company/ethos-veterinary-health/,,,https://www.facebook.com/ethosveterinaryhealth/,http://instagram.com/ethosvethealth,,,https://www.google.com/search?q=Compassion-First+Pet+Hospitals+%22VP+of+Technology%22+site%3Alinkedin.com%2Fin
716,Veterinary Emergency Group,Veterinary / Pet Services,Emergency Vet,White Plains,NY,2000,$100M-$200M,Patient triage AI,$8K-$20K,Chief Technology Officer,www.veterinaryemergencygroup.com,3,Fast-growing ER vet,info@veterinaryemergencygroup.com,contact@veterinaryemergencygroup.com,(254) 535-2419,(219) 773-5472; (118) 002-0854,pattern,,,[first].[last]@veterinaryemergencygroup.com; [f][last]@veterinaryemergencygroup.com; [first]@veterinaryemergencygroup.com; [first][last]@veterinaryemergencygroup.com,https://www.linkedin.com/search/results/people/?keywords=%22Chief+Technology+Officer%22+%22Veterinary+Emergency+Group%22,https://www.linkedin.com/company/veg-er-for-pets,,,https://www.facebook.com/vegerforpets/,https://www.instagram.com/vegerforpets,https://www.youtube.com/c/veterinaryemergencygroup,,https://www.google.com/search?q=Veterinary+Emergency+Group+%22Chief+Technology+Officer%22+site%3Alinkedin.com%2Fin
717,Cvet (Covetrus),Veterinary / Pet Services,Vet Tech/Distribution,Portland,ME,5000,$1B+,Practice management AI,$15K-$30K,CTO,www.covetrus.com,4,Vet tech platform,info@covetrus.com,contact@covetrus.com,,,pattern,,,[first].[last]@covetrus.com; [f][last]@covetrus.com; [first]@covetrus.com; [first][last]@covetrus.com,https://www.linkedin.com/search/results/people/?keywords=%22CTO%22+%22Cvet+%28Covetrus%29%22,,,,,,,,https://www.google.com/search?q=Cvet+%28Covetrus%29+%22CTO%22+site%3Alinkedin.com%2Fin
718,IDEXX Laboratories,Veterinary / Pet Services,Vet Diagnostics,Westbrook,ME,11000,$1B+,Diagnostic AI,$20K-$40K,Chief Technology Officer,www.idexx.com,5,NASDAQ listed; vet diagnostics leader,info@idexx.com,contact@idexx.com,(556) 855-5555,(128) 053-6029,pattern,,,[first].[last]@idexx.com; [f][last]@idexx.com; [first]@idexx.com; [first][last]@idexx.com,https://www.linkedin.com/search/results/people/?keywords=%22Chief+Technology+Officer%22+%22IDEXX+Laboratories%22,https://www.linkedin.com/company/idexx-laboratories,,https://x.com/en/,https://www.facebook.com/IDEXX,,,,https://www.google.com/search?q=IDEXX+Laboratories+%22Chief+Technology+Officer%22+site%3Alinkedin.com%2Fin
719,Zoetis,Veterinary / Pet Services,Animal Health,Parsippany,NJ,13000,$5B+,Data analytics AI,$25K-$50K,VP of Digital,www.zoetis.com,5,NYSE listed; animal pharma leader,zoetismedia@zoetis.com,zoetiswebsite@zoetis.com,(973) 822-7000,(964) 705-8823; (360) 784-3137,scraped,,,[first].[last]@zoetis.com; [f][last]@zoetis.com; [first]@zoetis.com; [first][last]@zoetis.com,https://www.linkedin.com/search/results/people/?keywords=%22VP+of+Digital%22+%22Zoetis%22,https://www.linkedin.com/company/zoetis,,https://twitter.com/zoetis,https://www.facebook.com/zoetis,,https://www.youtube.com/@ZoetisInc,,https://www.google.com/search?q=Zoetis+%22VP+of+Digital%22+site%3Alinkedin.com%2Fin
720,Elanco Animal Health,Veterinary / Pet Services,Animal Health,Greenfield,IN,9000,$1B+,Data analytics AI,$15K-$30K,Chief Technology Officer,www.elanco.com,4,NYSE listed; animal health,info@elanco.com,contact@elanco.com,(285) 714-2857,(385) 046-9626; (121) 987-9749,pattern,,,[first].[last]@elanco.com; [f][last]@elanco.com; [first]@elanco.com; [first][last]@elanco.com,https://www.linkedin.com/search/results/people/?keywords=%22Chief+Technology+Officer%22+%22Elanco+Animal+Health%22,https://www.linkedin.com/company/elanco,,https://x.com/Elanco/,https://www.facebook.com/elancoanimalhealth/,https://www.instagram.com/weareelanco/,,,https://www.google.com/search?q=Elanco+Animal+Health+%22Chief+Technology+Officer%22+site%3Alinkedin.com%2Fin
721,Heartland Dental,Dental (DSO),Large DSO,Effingham,IL,20000,$1B+,Patient scheduling AI,$25K-$50K,Chief Technology Officer,www.heartland.com,5,Largest DSO; 1800+ practices,heartlanddentalcareers@heartland.com,allaffiliationiptr@heartland.com; media@heartland.com,(177) 162-4002,(705) 430-5025; (689) 619-3576,scraped,,,[first].[last]@heartland.com; [f][last]@heartland.com; [first]@heartland.com; [first][last]@heartland.com,https://www.linkedin.com/search/results/people/?keywords=%22Chief+Technology+Officer%22+%22Heartland+Dental%22,https://www.linkedin.com/company/heartlanddental/,https://www.linkedin.com/in/travis-franklin-3b851a10/; https://www.linkedin.com/in/deann-mcclain-a2879664/; https://www.linkedin.com/in/tamrakempf/,https://twitter.com/HeartlandDental,https://www.facebook.com/HeartlandDental/,https://www.instagram.com/heartlanddental/,,,https://www.google.com/search?q=Heartland+Dental+%22Chief+Technology+Officer%22+site%3Alinkedin.com%2Fin
722,Aspen Dental (TAG),Dental (DSO),Large DSO,Chicago,IL,18000,$1B+,Treatment plan AI,$25K-$50K,CTO,www.aspendental.com,5,1100+ practices; 45 states,info@aspendental.com,contact@aspendental.com,(754) 029-4658,(450) 861-5315,pattern,,,[first].[last]@aspendental.com; [f][last]@aspendental.com; [first]@aspendental.com; [first][last]@aspendental.com,https://www.linkedin.com/search/results/people/?keywords=%22CTO%22+%22Aspen+Dental+%28TAG%29%22,https://www.linkedin.com/company/aspen-dental/,,https://twitter.com/aspendental,https://www.facebook.com/AspenDental/,,,,https://www.google.com/search?q=Aspen+Dental+%28TAG%29+%22CTO%22+site%3Alinkedin.com%2Fin
723,PDS Health,Dental (DSO),Large DSO,Irvine,CA,15000,$1B+,Billing automation AI,$20K-$40K,Chief Technology Officer,www.pdshealth.com,5,1000+ practices; 24 states,example@pacificdentalservices.com,,(714) 845-8500,(758) 748-6612; (784) 289-9024,scraped,,,[first].[last]@pdshealth.com; [f][last]@pdshealth.com; [first]@pdshealth.com; [first][last]@pdshealth.com,https://www.linkedin.com/search/results/people/?keywords=%22Chief+Technology+Officer%22+%22PDS+Health%22,https://www.linkedin.com/company/pdshlth,,https://x.com/pdshlth,https://www.facebook.com/pdshlth,https://www.instagram.com/pds_health/,https://www.youtube.com/@pdshealth,,https://www.google.com/search?q=PDS+Health+%22Chief+Technology+Officer%22+site%3Alinkedin.com%2Fin
724,MB2 Dental,Dental (DSO),Partnership DSO,Dallas,TX,5000,$500M-$1B,Patient scheduling AI,$15K-$30K,VP of Technology,www.mb2dental.com,4,750+ practices; 35+ states,info@mb2dental.com,pr@mb2dental.com,(972) 869-3789,(176) 832-0298; (177) 240-3537,pattern,,,[first].[last]@mb2dental.com; [f][last]@mb2dental.com; [first]@mb2dental.com; [first][last]@mb2dental.com,https://www.linkedin.com/search/results/people/?keywords=%22VP+of+Technology%22+%22MB2+Dental%22,https://www.linkedin.com/company/mb2-dental/,,https://twitter.com/mb2dental,https://www.facebook.com/mb2dental,https://www.instagram.com/mb2dental/,,,https://www.google.com/search?q=MB2+Dental+%22VP+of+Technology%22+site%3Alinkedin.com%2Fin
725,Sonrava Health,Dental (DSO),Large DSO,San Clemente,CA,7000,$500M-$1B,Billing automation,$15K-$30K,CTO,www.sonravahealth.com,4,600 offices; Western Dental,user@domain.com,,(682) 244-9027,(747) 076-2402; (314) 192-5352,scraped,,,[first].[last]@sonravahealth.com; [f][last]@sonravahealth.com; [first]@sonravahealth.com; [first][last]@sonravahealth.com,https://www.linkedin.com/search/results/people/?keywords=%22CTO%22+%22Sonrava+Health%22,,,,http://www.facebook.com/2008/,,,,https://www.google.com/search?q=Sonrava+Health+%22CTO%22+site%3Alinkedin.com%2Fin
726,Smile Doctors,Dental (DSO),Orthodontic DSO,Memphis,TN,5000,$200M-$500M,Treatment plan AI,$10K-$25K,Chief Technology Officer,www.smiledoctors.com,4,550+ practices; ortho focus,info@smiledoctors.com,contact@smiledoctors.com,(035) 312-1003,(153) 488-9194; (177) 142-2135,pattern,,,[first].[last]@smiledoctors.com; [f][last]@smiledoctors.com; [first]@smiledoctors.com; [first][last]@smiledoctors.com,https://www.linkedin.com/search/results/people/?keywords=%22Chief+Technology+Officer%22+%22Smile+Doctors%22,,,,https://www.facebook.com/smiledoctorsofficial,https://www.instagram.com/smiledoctorsofficial/,,,https://www.google.com/search?q=Smile+Doctors+%22Chief+Technology+Officer%22+site%3Alinkedin.com%2Fin
727,Dental Care Alliance,Dental (DSO),Large DSO,Sarasota,FL,5000,$500M-$1B,Patient engagement AI,$15K-$25K,VP of Technology,www.dentalcarealliance.com,4,360+ practices; 21 states,info@dentalcarealliance.com,contact@dentalcarealliance.com,(177) 220-5338,(046) 153-8461; (175) 994-7515,pattern,,,[first].[last]@dentalcarealliance.com; [f][last]@dentalcarealliance.com; [first]@dentalcarealliance.com; [first][last]@dentalcarealliance.com,https://www.linkedin.com/search/results/people/?keywords=%22VP+of+Technology%22+%22Dental+Care+Alliance%22,https://www.linkedin.com/company/dental-care-alliance,,,https://www.facebook.com/DentalCareAlliance,https://www.instagram.com/dentalcarealliance/,,,https://www.google.com/search?q=Dental+Care+Alliance+%22VP+of+Technology%22+site%3Alinkedin.com%2Fin
728,Benevis,Dental (DSO),Pediatric DSO,Atlanta,GA,4000,$200M-$500M,Billing automation AI,$10K-$20K,Director of IT,www.benevis.com,3,Pediatric/Medicaid focus,info@benevis.com,contact@benevis.com,(177) 203-2338,(677) 245-2373; (638) 921-2861,pattern,,,[first].[last]@benevis.com; [f][last]@benevis.com; [first]@benevis.com; [first][last]@benevis.com,https://www.linkedin.com/search/results/people/?keywords=%22Director+of+IT%22+%22Benevis%22,https://www.linkedin.com/company/benevisdental,,,https://www.facebook.com/benevishealth,https://www.instagram.com/beneviscorp/,,,https://www.google.com/search?q=Benevis+%22Director+of+IT%22+site%3Alinkedin.com%2Fin
729,American Dental Partners,Dental (DSO),Large DSO,Wakefield,MA,3000,$200M-$500M,Scheduling AI,$10K-$20K,CTO,www.amdpi.com,3,Multi-state DSO,info@amdpi.com,contact@amdpi.com,,,pattern,,,[first].[last]@amdpi.com; [f][last]@amdpi.com; [first]@amdpi.com; [first][last]@amdpi.com,https://www.linkedin.com/search/results/people/?keywords=%22CTO%22+%22American+Dental+Partners%22,,,,,,,,https://www.google.com/search?q=American+Dental+Partners+%22CTO%22+site%3Alinkedin.com%2Fin
730,Smile Brands,Dental (DSO),Large DSO,Irvine,CA,8000,$500M-$1B,Patient scheduling AI,$15K-$30K,Chief Technology Officer,www.smilebrands.com,4,600+ offices,info@smilebrands.com,contact@smilebrands.com,(173) 030-7346,(296) 401-6857; (539) 999-5114,pattern,,,[first].[last]@smilebrands.com; [f][last]@smilebrands.com; [first]@smilebrands.com; [first][last]@smilebrands.com,https://www.linkedin.com/search/results/people/?keywords=%22Chief+Technology+Officer%22+%22Smile+Brands%22,https://www.linkedin.com/company/smile-brands-inc,,,https://www.facebook.com/smilebrandsinc,https://www.instagram.com/smilebrands,,,https://www.google.com/search?q=Smile+Brands+%22Chief+Technology+Officer%22+site%3Alinkedin.com%2Fin
731,ClearChoice Dental,Dental (DSO),Implant Centers,Greenwood Village,CO,3000,$200M-$500M,Treatment plan AI,$10K-$25K,VP of Technology,www.clearchoice.com,4,TAG subsidiary; implant focus,info@clearchoice.com,contact@clearchoice.com,,,pattern,,,[first].[last]@clearchoice.com; [f][last]@clearchoice.com; [first]@clearchoice.com; [first][last]@clearchoice.com,https://www.linkedin.com/search/results/people/?keywords=%22VP+of+Technology%22+%22ClearChoice+Dental%22,,,,,,,,https://www.google.com/search?q=ClearChoice+Dental+%22VP+of+Technology%22+site%3Alinkedin.com%2Fin
732,Pacific Dental Services,Dental (DSO),Partnership DSO,Irvine,CA,15000,$1B+,Clinical AI tools,$20K-$40K,CTO,www.pacificdentalservices.com,5,1000+ offices; dental innovation,info@pacificdentalservices.com,contact@pacificdentalservices.com,,,pattern,,,[first].[last]@pacificdentalservices.com; [f][last]@pacificdentalservices.com; [first]@pacificdentalservices.com; [first][last]@pacificdentalservices.com,https://www.linkedin.com/search/results/people/?keywords=%22CTO%22+%22Pacific+Dental+Services%22,,,,,,,,https://www.google.com/search?q=Pacific+Dental+Services+%22CTO%22+site%3Alinkedin.com%2Fin
733,Affordable Care (Affordable Dentures),Dental (DSO),Value DSO,Kinston,NC,3000,$200M-$500M,Billing automation AI,$8K-$20K,Director of Technology,www.affordabledentures.com,3,250+ locations; denture focus,communications@affordablecare.com,,(503) 589-2226,(800) 336-8873; (866) 318-1533,scraped,,,[first].[last]@affordabledentures.com; [f][last]@affordabledentures.com; [first]@affordabledentures.com; [first][last]@affordabledentures.com,https://www.linkedin.com/search/results/people/?keywords=%22Director+of+Technology%22+%22Affordable+Care+%28Affordable+Dentures%29%22,https://www.linkedin.com/company/affordable-dentures/,,https://x.com/LifeatADI,https://www.facebook.com/AffordableDenturesImplants/,https://www.instagram.com/affordabledenturesimplants/,https://www.youtube.com/channel/UCXFmVCcr_bcabRIGHtjN7yQ,,https://www.google.com/search?q=Affordable+Care+%28Affordable+Dentures%29+%22Director+of+Technology%22+site%3Alinkedin.com%2Fin
734,Great Expressions Dental,Dental (DSO),Mid-Size DSO,Southfield,MI,2500,$200M-$500M,Patient engagement AI,$8K-$20K,VP of IT,www.greatexpressions.com,3,300+ offices; 10 states,info@greatexpressions.com,contact@greatexpressions.com,(176) 239-9575,(175) 199-0091,pattern,,,[first].[last]@greatexpressions.com; [f][last]@greatexpressions.com; [first]@greatexpressions.com; [first][last]@greatexpressions.com,https://www.linkedin.com/search/results/people/?keywords=%22VP+of+IT%22+%22Great+Expressions+Dental%22,,,,https://www.facebook.com/GreatExpressions/,https://www.instagram.com/great_expressions_dental/,,,https://www.google.com/search?q=Great+Expressions+Dental+%22VP+of+IT%22+site%3Alinkedin.com%2Fin
735,Mortenson Dental Partners,Dental (DSO),Mid-Size DSO,Louisville,KY,1500,$100M-$200M,Scheduling AI,$8K-$15K,Director of Technology,www.mortensondentalpartners.com,3,100+ locations,info@mortensondentalpartners.com,contact@mortensondentalpartners.com,(177) 240-3836,(177) 240-3837,pattern,,,[first].[last]@mortensondentalpartners.com; [f][last]@mortensondentalpartners.com; [first]@mortensondentalpartners.com; [first][last]@mortensondentalpartners.com,https://www.linkedin.com/search/results/people/?keywords=%22Director+of+Technology%22+%22Mortenson+Dental+Partners%22,,,,,,,,https://www.google.com/search?q=Mortenson+Dental+Partners+%22Director+of+Technology%22+site%3Alinkedin.com%2Fin
736,Specialty Dental Brands,Dental (DSO),Specialty DSO,Nashville,TN,1000,$50M-$100M,Treatment plan AI,$5K-$15K,CTO,www.specialtydentalbrands.com,3,Specialty focus; growing,info@specialtydentalbrands.com,contact@specialtydentalbrands.com,(504) 285-2153,(615) 678-0757; (692) 216-2286,pattern,,,[first].[last]@specialtydentalbrands.com; [f][last]@specialtydentalbrands.com; [first]@specialtydentalbrands.com; [first][last]@specialtydentalbrands.com,https://www.linkedin.com/search/results/people/?keywords=%22CTO%22+%22Specialty+Dental+Brands%22,https://www.linkedin.com/company/specialty-dental-brands/,,,https://www.facebook.com/SpecialtyDentalBrands,,https://www.youtube.com/channel/UC1wS4uXSbcp7mLIT71XO8kg,,https://www.google.com/search?q=Specialty+Dental+Brands+%22CTO%22+site%3Alinkedin.com%2Fin
737,D4C Dental Brands,Dental (DSO),Pediatric DSO,Dallas,TX,2000,$100M-$200M,Patient scheduling AI,$8K-$20K,VP of Technology,www.d4cdentalbrands.com,3,Pediatric/ortho focus,deb.packard@d4c.com,,(000) 000-0029,(046) 692-9254; (725) 294-6067,scraped,,,[first].[last]@d4cdentalbrands.com; [f][last]@d4cdentalbrands.com; [first]@d4cdentalbrands.com; [first][last]@d4cdentalbrands.com,https://www.linkedin.com/search/results/people/?keywords=%22VP+of+Technology%22+%22D4C+Dental+Brands%22,https://www.linkedin.com/company/d4c-dental-brands-inc,,,,,,,https://www.google.com/search?q=D4C+Dental+Brands+%22VP+of+Technology%22+site%3Alinkedin.com%2Fin
738,Sage Dental,Dental (DSO),Regional DSO,Boca Raton,FL,2000,$100M-$200M,Billing automation AI,$8K-$15K,Director of IT,www.sagedental.com,3,FL/GA focused,info@sagedental.com,,(122) 667-4599,(604) 706-8233; (177) 196-5387,pattern,,,[first].[last]@sagedental.com; [f][last]@sagedental.com; [first]@sagedental.com; [first][last]@sagedental.com,https://www.linkedin.com/search/results/people/?keywords=%22Director+of+IT%22+%22Sage+Dental%22,,,https://twitter.com/mysagedental,https://www.facebook.com/dentistlangley/,https://www.instagram.com/sage.dental/,,,https://www.google.com/search?q=Sage+Dental+%22Director+of+IT%22+site%3Alinkedin.com%2Fin
739,Dental One Associates,Dental (DSO),Mid-Size DSO,Dallas,TX,1500,$100M-$200M,Patient engagement AI,$8K-$15K,CTO,www.dentaloneassociates.com,3,Southwest focused,info@dentaloneassociates.com,contact@dentaloneassociates.com,,,pattern,,,[first].[last]@dentaloneassociates.com; [f][last]@dentaloneassociates.com; [first]@dentaloneassociates.com; [first][last]@dentaloneassociates.com,https://www.linkedin.com/search/results/people/?keywords=%22CTO%22+%22Dental+One+Associates%22,,,,,,,,https://www.google.com/search?q=Dental+One+Associates+%22CTO%22+site%3Alinkedin.com%2Fin
740,42 North Dental,Dental (DSO),Regional DSO,Waltham,MA,1000,$50M-$100M,Scheduling AI,$5K-$15K,Director of Technology,www.42northdental.com,3,New England focused,info@42northdental.com,contact@42northdental.com,(536) 869-9762,(537) 391-7220; (677) 860-3652,pattern,,,[first].[last]@42northdental.com; [f][last]@42northdental.com; [first]@42northdental.com; [first][last]@42northdental.com,https://www.linkedin.com/search/results/people/?keywords=%22Director+of+Technology%22+%2242+North+Dental%22,,,,,,,,https://www.google.com/search?q=42+North+Dental+%22Director+of+Technology%22+site%3Alinkedin.com%2Fin
741,Perfect Teeth,Dental (DSO),Regional DSO,Denver,CO,1500,$50M-$100M,Patient scheduling AI,$5K-$15K,VP of Operations,www.perfectteeth.com,2,Colorado/NM focused,info@perfectteeth.com,contact@perfectteeth.com,(833) 893-1848,(331) 724-7401; (335) 724-7401,pattern,,,[first].[last]@perfectteeth.com; [f][last]@perfectteeth.com; [first]@perfectteeth.com; [first][last]@perfectteeth.com,https://www.linkedin.com/search/results/people/?keywords=%22VP+of+Operations%22+%22Perfect+Teeth%22,,,,https://www.facebook.com/perfectteeth,https://www.instagram.com/perfectteethdental/,,,https://www.google.com/search?q=Perfect+Teeth+%22VP+of+Operations%22+site%3Alinkedin.com%2Fin
742,Tend,Dental (DSO),Modern Dental,New York,NY,800,$50M-$100M,Patient experience AI,$8K-$20K,Chief Technology Officer,www.hellotend.com,3,Tech-forward dental startup,hello@hellotend.com,,(212) 686-3686,(177) 240-3838; (113) 860-2822,scraped,,,[first].[last]@hellotend.com; [f][last]@hellotend.com; [first]@hellotend.com; [first][last]@hellotend.com,https://www.linkedin.com/search/results/people/?keywords=%22Chief+Technology+Officer%22+%22Tend%22,https://www.linkedin.com/company/tenddental,,https://twitter.com/tenddental,https://www.facebook.com/hellotend,https://www.instagram.com/hello_tend,,,https://www.google.com/search?q=Tend+%22Chief+Technology+Officer%22+site%3Alinkedin.com%2Fin
743,Risas Dental,Dental (DSO),Value DSO,Phoenix,AZ,1000,$50M-$100M,Bilingual scheduling AI,$5K-$15K,Director of IT,www.risasdental.com,3,Hispanic community focus,info@risasdental.com,contact@risasdental.com,(844) 651-5280,(177) 220-9065; (177) 220-9066,pattern,,,[first].[last]@risasdental.com; [f][last]@risasdental.com; [first]@risasdental.com; [first][last]@risasdental.com,https://www.linkedin.com/search/results/people/?keywords=%22Director+of+IT%22+%22Risas+Dental%22,https://www.linkedin.com/company/risas-dental-and-braces,,https://twitter.com/RisasDental,https://www.facebook.com/RisasDental/,https://www.instagram.com/risasdental/,,,https://www.google.com/search?q=Risas+Dental+%22Director+of+IT%22+site%3Alinkedin.com%2Fin
744,Rodeo Dental,Dental (DSO),Community DSO,Fort Worth,TX,800,$25M-$50M,Patient engagement AI,$5K-$12K,Director of Technology,www.rodeodental.com,2,Texas community focused,info@rodeodental.com,contact@rodeodental.com,(777) 777-7778,(112) 133-1712; (895) 806-5844,pattern,,,[first].[last]@rodeodental.com; [f][last]@rodeodental.com; [first]@rodeodental.com; [first][last]@rodeodental.com,https://www.linkedin.com/search/results/people/?keywords=%22Director+of+Technology%22+%22Rodeo+Dental%22,https://www.linkedin.com/company/rodeo-dental-,,,https://www.facebook.com/rodeodental/,https://www.instagram.com/rodeodental/,,,https://www.google.com/search?q=Rodeo+Dental+%22Director+of+Technology%22+site%3Alinkedin.com%2Fin
745,Coast Dental,Dental (DSO),Regional DSO,Tampa,FL,2000,$100M-$200M,Billing automation,$8K-$15K,VP of IT,www.coastdental.com,3,Florida focused,howie.taylor@coastdental.com,,(877) 880-1212,(177) 806-7340; (877) 880-1212,scraped,,,[first].[last]@coastdental.com; [f][last]@coastdental.com; [first]@coastdental.com; [first][last]@coastdental.com,https://www.linkedin.com/search/results/people/?keywords=%22VP+of+IT%22+%22Coast+Dental%22,https://www.linkedin.com/company/coast-dental/,,https://twitter.com/coastdental,https://www.facebook.com/coastdental,https://www.instagram.com/coastdentalofficial/,https://www.youtube.com/@coastdentalorthodontics2264,,https://www.google.com/search?q=Coast+Dental+%22VP+of+IT%22+site%3Alinkedin.com%2Fin
746,Brident Dental,Dental (DSO),Value DSO,Houston,TX,1500,$100M-$200M,Scheduling AI,$5K-$15K,Director of Operations,www.brident.com,3,Texas/CA focused,corporate@brident.com,recruiting@brident.com,(177) 212-9086,(855) 834-4451; (008) 113-1369,scraped,,,[first].[last]@brident.com; [f][last]@brident.com; [first]@brident.com; [first][last]@brident.com,https://www.linkedin.com/search/results/people/?keywords=%22Director+of+Operations%22+%22Brident+Dental%22,,,,https://www.facebook.com/BridentDental/,https://www.instagram.com/BridentDental/,https://www.youtube.com/channel/UC-9LSvw-_QMbG4KJ6brL5hA,,https://www.google.com/search?q=Brident+Dental+%22Director+of+Operations%22+site%3Alinkedin.com%2Fin
747,Lightwave Dental,Dental (DSO),Partnership DSO,Minneapolis,MN,500,$25M-$50M,Patient records AI,$5K-$12K,CTO,www.lightwavepartners.com,2,Doctor-led partnership model,info@lightwavepartners.com,contact@lightwavepartners.com,,,pattern,,,[first].[last]@lightwavepartners.com; [f][last]@lightwavepartners.com; [first]@lightwavepartners.com; [first][last]@lightwavepartners.com,https://www.linkedin.com/search/results/people/?keywords=%22CTO%22+%22Lightwave+Dental%22,,,,,,,,https://www.google.com/search?q=Lightwave+Dental+%22CTO%22+site%3Alinkedin.com%2Fin
748,DecisionOne Dental Partners,Dental (DSO),Partnership DSO,Dallas,TX,800,$25M-$50M,Treatment plan AI,$5K-$15K,VP of Technology,www.decisiononedental.com,2,TX focused partnership,info@decisiononedental.com,contact@decisiononedental.com,(927) 296-4851,(254) 535-2419; (394) 095-7316,pattern,,,[first].[last]@decisiononedental.com; [f][last]@decisiononedental.com; [first]@decisiononedental.com; [first][last]@decisiononedental.com,https://www.linkedin.com/search/results/people/?keywords=%22VP+of+Technology%22+%22DecisionOne+Dental+Partners%22,https://www.linkedin.com/company/decisionone-dental-partners,,https://x.com/bolt,https://www.facebook.com/decisiononedentalpartners/,http://instagram.com/decisiononedental,,,https://www.google.com/search?q=DecisionOne+Dental+Partners+%22VP+of+Technology%22+site%3Alinkedin.com%2Fin
749,Marquee Dental Partners,Dental (DSO),Partnership DSO,Nashville,TN,600,$25M-$50M,Scheduling AI,$5K-$12K,Director of IT,www.marqueedental.com,2,SE partnership model,nfo@marqueedental.com,info@marqueedental.com,(444) 444-4444,(833) 333-3333,scraped,,,[first].[last]@marqueedental.com; [f][last]@marqueedental.com; [first]@marqueedental.com; [first][last]@marqueedental.com,https://www.linkedin.com/search/results/people/?keywords=%22Director+of+IT%22+%22Marquee+Dental+Partners%22,,,,,,,,https://www.google.com/search?q=Marquee+Dental+Partners+%22Director+of+IT%22+site%3Alinkedin.com%2Fin
750,North American Dental Group,Dental (DSO),Mid-Size DSO,Pittsburgh,PA,2000,$100M-$200M,Patient engagement AI,$8K-$20K,Chief Technology Officer,www.nadentalgroup.com,3,14 states; 250+ locations,reisa@nadentalgroup.com,jbourdeau@adcetera.com,(669) 239-2641,(021) 323-1457; (167) 217-2269,scraped,,,[first].[last]@nadentalgroup.com; [f][last]@nadentalgroup.com; [first]@nadentalgroup.com; [first][last]@nadentalgroup.com,https://www.linkedin.com/search/results/people/?keywords=%22Chief+Technology+Officer%22+%22North+American+Dental+Group%22,,https://www.linkedin.com/in/gabrielle-mccarron-3b5bb053/; https://www.linkedin.com/in/dromary/; https://www.linkedin.com/in/stephen-castles-0a686125/,,,,,,https://www.google.com/search?q=North+American+Dental+Group+%22Chief+Technology+Officer%22+site%3Alinkedin.com%2Fin
751,Dental365,Dental (DSO),Regional DSO,Garden City,NY,1000,$50M-$100M,Scheduling AI,$5K-$15K,Director of Technology,www.dental365.com,3,NY/NJ/CT focused,info@dental365.com,contact@dental365.com,,,pattern,,,[first].[last]@dental365.com; [f][last]@dental365.com; [first]@dental365.com; [first][last]@dental365.com,https://www.linkedin.com/search/results/people/?keywords=%22Director+of+Technology%22+%22Dental365%22,,,,,,,,https://www.google.com/search?q=Dental365+%22Director+of+Technology%22+site%3Alinkedin.com%2Fin
752,Jefferson Dental,Dental (DSO),Regional DSO,Dallas,TX,1500,$50M-$100M,Billing automation AI,$5K-$15K,VP of IT,www.jeffersondental.com,2,Texas focused; 70+ offices,info@jeffersondental.com,contact@jeffersondental.com,(176) 305-6129,(176) 305-6132,pattern,,,[first].[last]@jeffersondental.com; [f][last]@jeffersondental.com; [first]@jeffersondental.com; [first][last]@jeffersondental.com,https://www.linkedin.com/search/results/people/?keywords=%22VP+of+IT%22+%22Jefferson+Dental%22,https://www.linkedin.com/company/jdc-healthcare-management-llc/,,,https://www.facebook.com/jeffersondental/,https://www.instagram.com/jeffersondental/,,,https://www.google.com/search?q=Jefferson+Dental+%22VP+of+IT%22+site%3Alinkedin.com%2Fin
753,Corus Orthodontists,Dental (DSO),Ortho DSO,Toronto,ON,800,$50M-$100M,Treatment plan AI,$5K-$15K,CTO,www.corusortho.com,3,US + Canada ortho network,info@corusortho.com,contact@corusortho.com,(333) 333-3333,(666) 666-6667; (666) 666-6667,pattern,,,[first].[last]@corusortho.com; [f][last]@corusortho.com; [first]@corusortho.com; [first][last]@corusortho.com,https://www.linkedin.com/search/results/people/?keywords=%22CTO%22+%22Corus+Orthodontists%22,https://www.linkedin.com/company/corus-orthodontists/,https://linkedin.com/in/michael-sendyk-cpa-ca-222618191; https://www.linkedin.com/in/feiberomana/; https://www.linkedin.com/in/tracy-moawad-62a41b108/,,https://www.facebook.com/CorusOrthodontists/,https://www.instagram.com/corusortho/,https://www.youtube.com/channel/UCKTM8bN7G-A1ARnYTKbZ1KQ,,https://www.google.com/search?q=Corus+Orthodontists+%22CTO%22+site%3Alinkedin.com%2Fin
754,OrthoSynetics,Dental (DSO),Ortho Management,Metairie,LA,500,$25M-$50M,Practice management AI,$5K-$12K,Director of Technology,www.orthosynetics.com,2,Orthodontic practice management,info@orthosynetics.com,contact@orthosynetics.com,,,pattern,,,[first].[last]@orthosynetics.com; [f][last]@orthosynetics.com; [first]@orthosynetics.com; [first][last]@orthosynetics.com,https://www.linkedin.com/search/results/people/?keywords=%22Director+of+Technology%22+%22OrthoSynetics%22,,,,,,,,https://www.google.com/search?q=OrthoSynetics+%22Director+of+Technology%22+site%3Alinkedin.com%2Fin
755,Kool Smiles (Benevis),Dental (DSO),Pediatric DSO,Atlanta,GA,2000,$100M-$200M,Scheduling AI,$5K-$15K,VP of Operations,www.mykoolsmiles.com,3,Benevis brand; pediatric,info@mykoolsmiles.com,contact@mykoolsmiles.com,(176) 418-9811,(177) 212-1088; (877) 200-2064,pattern,,,[first].[last]@mykoolsmiles.com; [f][last]@mykoolsmiles.com; [first]@mykoolsmiles.com; [first][last]@mykoolsmiles.com,https://www.linkedin.com/search/results/people/?keywords=%22VP+of+Operations%22+%22Kool+Smiles+%28Benevis%29%22,,,,https://www.facebook.com/MyKoolSmiles,https://www.instagram.com/mykoolsmiles/,,,https://www.google.com/search?q=Kool+Smiles+%28Benevis%29+%22VP+of+Operations%22+site%3Alinkedin.com%2Fin
756,Imagen Dental Partners,Dental (DSO),Partnership DSO,Scottsdale,AZ,400,$10M-$25M,Patient records AI,$5K-$12K,Director of IT,www.imagendentalpartners.com,2,AZ partnership model,info@imagendentalpartners.com,,(177) 240-3611,(177) 159-2414; (177) 159-2415,pattern,,,[first].[last]@imagendentalpartners.com; [f][last]@imagendentalpartners.com; [first]@imagendentalpartners.com; [first][last]@imagendentalpartners.com,https://www.linkedin.com/search/results/people/?keywords=%22Director+of+IT%22+%22Imagen+Dental+Partners%22,https://www.linkedin.com/company/imagen-dental-partners/,,,https://www.facebook.com/imagendentalpartners,https://www.instagram.com/imagendentalpartners/,,,https://www.google.com/search?q=Imagen+Dental+Partners+%22Director+of+IT%22+site%3Alinkedin.com%2Fin
757,My Community Dental Centers,Dental (DSO),Nonprofit DSO,Farwell,MI,500,$25M-$50M,Scheduling AI,$5K-$10K,Director of Technology,www.mydental.org,2,Michigan nonprofit dental,info@mydental.org,contact@mydental.org,(175) 510-0070,(177) 220-5973; (177) 220-5981,pattern,,,[first].[last]@mydental.org; [f][last]@mydental.org; [first]@mydental.org; [first][last]@mydental.org,https://www.linkedin.com/search/results/people/?keywords=%22Director+of+Technology%22+%22My+Community+Dental+Centers%22,https://www.linkedin.com/company/my-community-dental-centers/,,https://x.com/MCDCDental,https://www.facebook.com/mydentalcenters,,,,https://www.google.com/search?q=My+Community+Dental+Centers+%22Director+of+Technology%22+site%3Alinkedin.com%2Fin
758,Smilebuilderz,Dental (DSO),Regional Practice,Lancaster,PA,100,$10M-$25M,Patient engagement AI,$5K-$10K,Practice Manager,www.smilebuilderz.com,2,PA multi-location practice,info@smilebuilderz.com,contact@smilebuilderz.com,(177) 012-6414,(177) 240-3842; (177) 127-9462,pattern,,,[first].[last]@smilebuilderz.com; [f][last]@smilebuilderz.com; [first]@smilebuilderz.com; [first][last]@smilebuilderz.com,https://www.linkedin.com/search/results/people/?keywords=%22Practice+Manager%22+%22Smilebuilderz%22,,,,https://www.facebook.com/tr,https://www.instagram.com/smilebuilderz/,,,https://www.google.com/search?q=Smilebuilderz+%22Practice+Manager%22+site%3Alinkedin.com%2Fin
759,Gentle Dental,Dental (DSO),Regional DSO,San Dimas,CA,2000,$100M-$200M,Scheduling AI,$8K-$15K,VP of Technology,www.gentledental.com,3,West Coast focused,jobs@gentledental.com,feedback@42northdental.com; practiceaffiliations@42northdental.com,(105) 798-2098,(781) 647-0772; (781) 895-9995,scraped,,,[first].[last]@gentledental.com; [f][last]@gentledental.com; [first]@gentledental.com; [first][last]@gentledental.com,https://www.linkedin.com/search/results/people/?keywords=%22VP+of+Technology%22+%22Gentle+Dental%22,,,https://twitter.com/gentledentalne,https://www.facebook.com/GentleDental,,,,https://www.google.com/search?q=Gentle+Dental+%22VP+of+Technology%22+site%3Alinkedin.com%2Fin
760,Refresh Dental,Dental (DSO),Regional DSO,Pittsburgh,PA,800,$25M-$50M,Patient scheduling AI,$5K-$12K,Director of IT,www.refreshdental.com,2,PA/OH focused,info@refreshdental.com,contact@refreshdental.com,,,pattern,,,[first].[last]@refreshdental.com; [f][last]@refreshdental.com; [first]@refreshdental.com; [first][last]@refreshdental.com,https://www.linkedin.com/search/results/people/?keywords=%22Director+of+IT%22+%22Refresh+Dental%22,,,,,,,,https://www.google.com/search?q=Refresh+Dental+%22Director+of+IT%22+site%3Alinkedin.com%2Fin
761,Home Instead,Senior Care / Home Health,In-Home Care,Omaha,NE,100000,$1B+,Caregiver scheduling AI,$20K-$40K,Chief Technology Officer,www.homeinstead.com,5,1200+ franchises; largest senior care,info@homeinstead.com,contact@homeinstead.com,,,pattern,,,[first].[last]@homeinstead.com; [f][last]@homeinstead.com; [first]@homeinstead.com; [first][last]@homeinstead.com,https://www.linkedin.com/search/results/people/?keywords=%22Chief+Technology+Officer%22+%22Home+Instead%22,,,,,,,,https://www.google.com/search?q=Home+Instead+%22Chief+Technology+Officer%22+site%3Alinkedin.com%2Fin
762,Visiting Angels,Senior Care / Home Health,In-Home Care,Bryn Mawr,PA,25000,$200M-$500M,Patient monitoring AI,$10K-$25K,VP of Technology,www.visitingangels.com,4,578 franchise units,customersupport@visitingangels.com,,(800) 365-4189,,scraped,,,[first].[last]@visitingangels.com; [f][last]@visitingangels.com; [first]@visitingangels.com; [first][last]@visitingangels.com,https://www.linkedin.com/search/results/people/?keywords=%22VP+of+Technology%22+%22Visiting+Angels%22,https://www.linkedin.com/company/visitingangels/,,https://x.com/_VisitingAngels,https://www.facebook.com/VisitingAngelsCorporate,https://www.instagram.com/visitingangelshomecare/,,,https://www.google.com/search?q=Visiting+Angels+%22VP+of+Technology%22+site%3Alinkedin.com%2Fin
763,Right at Home,Senior Care / Home Health,In-Home Care,Omaha,NE,20000,$200M-$500M,Caregiver scheduling AI,$10K-$25K,Director of Technology,www.rightathome.net,4,734 total locations,info@rightathome.net,contact@rightathome.net,(639) 080-0064,(877) 697-7537; (171) 058-7091,pattern,,,[first].[last]@rightathome.net; [f][last]@rightathome.net; [first]@rightathome.net; [first][last]@rightathome.net,https://www.linkedin.com/search/results/people/?keywords=%22Director+of+Technology%22+%22Right+at+Home%22,https://www.linkedin.com/company/right-at-home-inc-/,,https://twitter.com/rightathomeUS,https://www.facebook.com/RAHSeniorHomeCare/,https://www.instagram.com/rightathomeus,,,https://www.google.com/search?q=Right+at+Home+%22Director+of+Technology%22+site%3Alinkedin.com%2Fin
764,Comfort Keepers,Senior Care / Home Health,In-Home Care,Irvine,CA,15000,$200M-$500M,Patient monitoring AI,$10K-$25K,CTO,www.comfortkeepers.com,4,625+ franchise locations,info@comfortkeepers.com,contact@comfortkeepers.com,(866) 959-2969,(800) 387-2415; (172) 781-0610,pattern,,,[first].[last]@comfortkeepers.com; [f][last]@comfortkeepers.com; [first]@comfortkeepers.com; [first][last]@comfortkeepers.com,https://www.linkedin.com/search/results/people/?keywords=%22CTO%22+%22Comfort+Keepers%22,https://www.linkedin.com/company/comfort-keepers/,,https://twitter.com/comfortkeepers,https://www.facebook.com/comfortkeepers,https://www.instagram.com/comfortkeepersofficial,,,https://www.google.com/search?q=Comfort+Keepers+%22CTO%22+site%3Alinkedin.com%2Fin
765,BrightStar Care,Senior Care / Home Health,Medical Home Care,Chicago,IL,10000,$200M-$500M,Compliance automation AI,$10K-$25K,Chief Technology Officer,www.brightstarcare.com,4,342 franchise units,info@brightstarcare.com,contact@brightstarcare.com,(866) 618-7827,(102) 934-0228; (866) 618-7827,pattern,,,[first].[last]@brightstarcare.com; [f][last]@brightstarcare.com; [first]@brightstarcare.com; [first][last]@brightstarcare.com,https://www.linkedin.com/search/results/people/?keywords=%22Chief+Technology+Officer%22+%22BrightStar+Care%22,https://www.linkedin.com/company/72717/,,,https://www.facebook.com/BrightStarCare/,https://www.instagram.com/brightstarcare_corporateoffice/,https://www.youtube.com/channel/UC667vLHIwWyhNsvTHXVJJJQ,,https://www.google.com/search?q=BrightStar+Care+%22Chief+Technology+Officer%22+site%3Alinkedin.com%2Fin
766,Senior Helpers,Senior Care / Home Health,In-Home Care,Towson,MD,8000,$100M-$200M,Caregiver scheduling AI,$8K-$20K,VP of Technology,www.seniorhelpers.com,3,350+ locations,email@email.com,,(800) 760-6389,(800) 760-6389; (177) 240-3843,scraped,,,[first].[last]@seniorhelpers.com; [f][last]@seniorhelpers.com; [first]@seniorhelpers.com; [first][last]@seniorhelpers.com,https://www.linkedin.com/search/results/people/?keywords=%22VP+of+Technology%22+%22Senior+Helpers%22,https://www.linkedin.com/company/senior-helpers,,https://twitter.com/srhelpersnatl,https://www.facebook.com/seniorhelpersnatl,https://www.instagram.com/srhelpersnatl/,,,https://www.google.com/search?q=Senior+Helpers+%22VP+of+Technology%22+site%3Alinkedin.com%2Fin
767,Interim HealthCare,Senior Care / Home Health,Home Health,Sunrise,FL,40000,$1B+,Patient monitoring AI,$15K-$30K,CTO,www.interimhealthcare.com,5,Caring Brands; 50+ year history,wehearyou@interimhealthcare.com,,(177) 240-3844,(113) 272-2000; (109) 831-4182,scraped,,,[first].[last]@interimhealthcare.com; [f][last]@interimhealthcare.com; [first]@interimhealthcare.com; [first][last]@interimhealthcare.com,https://www.linkedin.com/search/results/people/?keywords=%22CTO%22+%22Interim+HealthCare%22,https://www.linkedin.com/company/interim-healthcare,,,https://www.facebook.com/interimhealthcare/,,,,https://www.google.com/search?q=Interim+HealthCare+%22CTO%22+site%3Alinkedin.com%2Fin
768,Kindred at Home (Humana),Senior Care / Home Health,Home Health,Louisville,KY,43000,$5B+,Care coordination AI,$25K-$50K,Chief Technology Officer,www.kindredathome.com,5,Humana subsidiary; largest home health,info@kindredathome.com,contact@kindredathome.com,,,pattern,,,[first].[last]@kindredathome.com; [f][last]@kindredathome.com; [first]@kindredathome.com; [first][last]@kindredathome.com,https://www.linkedin.com/search/results/people/?keywords=%22Chief+Technology+Officer%22+%22Kindred+at+Home+%28Humana%29%22,,,,,,,,https://www.google.com/search?q=Kindred+at+Home+%28Humana%29+%22Chief+Technology+Officer%22+site%3Alinkedin.com%2Fin
769,Amedisys,Senior Care / Home Health,Home Health/Hospice,Baton Rouge,LA,21000,$1B+,Patient monitoring AI,$20K-$40K,CTO,www.amedisys.com,5,NASDAQ listed; home health leader,info@amedisys.com,contact@amedisys.com,(225) 292-2031,,pattern,,,[first].[last]@amedisys.com; [f][last]@amedisys.com; [first]@amedisys.com; [first][last]@amedisys.com,https://www.linkedin.com/search/results/people/?keywords=%22CTO%22+%22Amedisys%22,https://www.linkedin.com/company/amedisys,,https://twitter.com/AmedisysInc,https://www.facebook.com/AmedisysInc,,,,https://www.google.com/search?q=Amedisys+%22CTO%22+site%3Alinkedin.com%2Fin
770,LHC Group (UnitedHealth),Senior Care / Home Health,Home Health,Lafayette,LA,30000,$1B+,Compliance automation AI,$20K-$40K,VP of Technology,www.lhcgroup.com,5,UnitedHealth subsidiary,info@lhcgroup.com,contact@lhcgroup.com,(156) 878-8855,(163) 191-0394; (177) 007-4647,pattern,,,[first].[last]@lhcgroup.com; [f][last]@lhcgroup.com; [first]@lhcgroup.com; [first][last]@lhcgroup.com,https://www.linkedin.com/search/results/people/?keywords=%22VP+of+Technology%22+%22LHC+Group+%28UnitedHealth%29%22,,,https://x.com/lhcgroupinc,http://www.facebook.com/LHCGroup,,,,https://www.google.com/search?q=LHC+Group+%28UnitedHealth%29+%22VP+of+Technology%22+site%3Alinkedin.com%2Fin
771,Encompass Health,Senior Care / Home Health,Home Health/Rehab,Birmingham,AL,50000,$5B+,Care coordination AI,$25K-$50K,Chief Technology Officer,www.encompasshealth.com,5,NYSE listed; rehab + home health,voe@encompasshealth.com,employee.benefits@encompasshealth.com; media@encompasshealth.com; u003evoe@encompasshealth.com,(844) 386-7600,(175) 176-2030; (000) 000-7735,scraped,,,[first].[last]@encompasshealth.com; [f][last]@encompasshealth.com; [first]@encompasshealth.com; [first][last]@encompasshealth.com,https://www.linkedin.com/search/results/people/?keywords=%22Chief+Technology+Officer%22+%22Encompass+Health%22,https://www.linkedin.com/company/encompasshealth,,https://x.com/encompasshlth,https://www.facebook.com/EncompassHealth,https://www.instagram.com/encompasshlth/,https://www.youtube.com/c/EncompassHealth,,https://www.google.com/search?q=Encompass+Health+%22Chief+Technology+Officer%22+site%3Alinkedin.com%2Fin
772,AccordantHealth (CVS),Senior Care / Home Health,Home Health,Greensboro,NC,1000,$100M-$200M,Patient monitoring AI,$8K-$20K,Director of Technology,www.accordant.com,3,CVS specialty pharmacy,info@accordant.com,contact@accordant.com,(177) 240-3848,(119) 082-2834; (800) 948-2497,pattern,,,[first].[last]@accordant.com; [f][last]@accordant.com; [first]@accordant.com; [first][last]@accordant.com,https://www.linkedin.com/search/results/people/?keywords=%22Director+of+Technology%22+%22AccordantHealth+%28CVS%29%22,,,,,,,,https://www.google.com/search?q=AccordantHealth+%28CVS%29+%22Director+of+Technology%22+site%3Alinkedin.com%2Fin
773,Addus HomeCare,Senior Care / Home Health,Home Care,Frisco,TX,35000,$1B+,Caregiver scheduling AI,$15K-$30K,CTO,www.addus.com,4,NASDAQ listed; multi-service,info1@addus.com,,(346) 929-6636,(888) 233-8746; (698) 777-5346,scraped,,,[first].[last]@addus.com; [f][last]@addus.com; [first]@addus.com; [first][last]@addus.com,https://www.linkedin.com/search/results/people/?keywords=%22CTO%22+%22Addus+HomeCare%22,http://www.linkedin.com/company/240039,,,https://www.facebook.com/AddusHomeCare,,,,https://www.google.com/search?q=Addus+HomeCare+%22CTO%22+site%3Alinkedin.com%2Fin
774,Almost Family (LHC),Senior Care / Home Health,Home Health,Louisville,KY,8000,$500M-$1B,Compliance automation AI,$10K-$25K,VP of Technology,www.almostfamily.com,3,Now part of LHC Group,info@almostfamily.com,contact@almostfamily.com,,,pattern,,,[first].[last]@almostfamily.com; [f][last]@almostfamily.com; [first]@almostfamily.com; [first][last]@almostfamily.com,https://www.linkedin.com/search/results/people/?keywords=%22VP+of+Technology%22+%22Almost+Family+%28LHC%29%22,,,,,,,,https://www.google.com/search?q=Almost+Family+%28LHC%29+%22VP+of+Technology%22+site%3Alinkedin.com%2Fin
775,Bayada Home Health Care,Senior Care / Home Health,Home Health,Moorestown,NJ,26000,$1B+,Caregiver scheduling AI,$15K-$30K,Chief Technology Officer,www.bayada.com,5,360+ offices; nonprofit,info@bayada.com,contact@bayada.com,(227) 032-1461,(177) 140-0587; (038) 177-4552,pattern,,,[first].[last]@bayada.com; [f][last]@bayada.com; [first]@bayada.com; [first][last]@bayada.com,https://www.linkedin.com/search/results/people/?keywords=%22Chief+Technology+Officer%22+%22Bayada+Home+Health+Care%22,https://www.linkedin.com/company/bayada-home-health-care,,https://x.com/BAYADAHHC,https://www.facebook.com/BAYADAHomeHealthCare,https://www.instagram.com/bayadahhc/,https://www.youtube.com/c/BAYADAHomeHealthCare,,https://www.google.com/search?q=Bayada+Home+Health+Care+%22Chief+Technology+Officer%22+site%3Alinkedin.com%2Fin
776,Elara Caring,Senior Care / Home Health,Home Health,Dallas,TX,30000,$1B+,Patient monitoring AI,$15K-$30K,CTO,www.elara.com,4,Merger of Great Elm + National HPC,info@elara.com,zhausauer@elara.com; communications@elara.com; webinars@elara.com,(171) 707-1463,(140) 093-2923; (139) 734-2869,pattern,,,[first].[last]@elara.com; [f][last]@elara.com; [first]@elara.com; [first][last]@elara.com,https://www.linkedin.com/search/results/people/?keywords=%22CTO%22+%22Elara+Caring%22,https://www.linkedin.com/company/elara-caring/,,https://twitter.com/elaracaring,https://www.facebook.com/ElaraCaring,https://www.instagram.com/elaracaring/,,,https://www.google.com/search?q=Elara+Caring+%22CTO%22+site%3Alinkedin.com%2Fin
777,Aveanna Healthcare,Senior Care / Home Health,Home Health/Pediatric,Atlanta,GA,32000,$1B+,Compliance automation AI,$15K-$30K,VP of Technology,www.aveanna.com,4,NASDAQ listed; pediatric focus,compliance@aveanna.com,,(171) 380-0569,(177) 134-0609; (175) 503-2250,scraped,,,[first].[last]@aveanna.com; [f][last]@aveanna.com; [first]@aveanna.com; [first][last]@aveanna.com,https://www.linkedin.com/search/results/people/?keywords=%22VP+of+Technology%22+%22Aveanna+Healthcare%22,https://www.linkedin.com/company/aveanna-healthcare/,,,https://www.facebook.com/officialAveannaHealthcare/,https://www.instagram.com/aveannahealthcare/,,,https://www.google.com/search?q=Aveanna+Healthcare+%22VP+of+Technology%22+site%3Alinkedin.com%2Fin
778,ComForCare Home Care,Senior Care / Home Health,In-Home Care,Bloomfield Hills,MI,5000,$50M-$100M,Caregiver scheduling AI,$5K-$15K,Director of IT,www.comforcare.com,3,212 franchise units,info@comforcare.com,contact@comforcare.com,,,pattern,,,[first].[last]@comforcare.com; [f][last]@comforcare.com; [first]@comforcare.com; [first][last]@comforcare.com,https://www.linkedin.com/search/results/people/?keywords=%22Director+of+IT%22+%22ComForCare+Home+Care%22,,,,,,,,https://www.google.com/search?q=ComForCare+Home+Care+%22Director+of+IT%22+site%3Alinkedin.com%2Fin
779,FirstLight Home Care,Senior Care / Home Health,In-Home Care,Cincinnati,OH,4000,$50M-$100M,Patient monitoring AI,$5K-$15K,VP of Technology,www.firstlighthomecare.com,3,189 locations,info@firstlighthomecare.com,contact@firstlighthomecare.com,(261) 396-7441,(866) 985-4031; (866) 985-4031,pattern,,,[first].[last]@firstlighthomecare.com; [f][last]@firstlighthomecare.com; [first]@firstlighthomecare.com; [first][last]@firstlighthomecare.com,https://www.linkedin.com/search/results/people/?keywords=%22VP+of+Technology%22+%22FirstLight+Home+Care%22,https://www.linkedin.com/company/firstlight-homecare,,https://x.com/FirstLightCare,https://www.facebook.com/FirstLight.HomeCare,https://www.instagram.com/firstlighthomecarenational/,,,https://www.google.com/search?q=FirstLight+Home+Care+%22VP+of+Technology%22+site%3Alinkedin.com%2Fin
780,Griswold Home Care,Senior Care / Home Health,In-Home Care,Blue Bell,PA,3000,$50M-$100M,Caregiver scheduling AI,$5K-$15K,Director of Technology,www.griswoldhomecare.com,3,180 locations; since 1982,info@griswoldhomecare.com,contact@griswoldhomecare.com,(777) 777-7777,(309) 247-9991; (736) 365-3047,pattern,,,[first].[last]@griswoldhomecare.com; [f][last]@griswoldhomecare.com; [first]@griswoldhomecare.com; [first][last]@griswoldhomecare.com,https://www.linkedin.com/search/results/people/?keywords=%22Director+of+Technology%22+%22Griswold+Home+Care%22,https://www.linkedin.com/company/717080/,,,https://facebook.com/309247999129854,https://www.instagram.com/griswoldhomecare/,,,https://www.google.com/search?q=Griswold+Home+Care+%22Director+of+Technology%22+site%3Alinkedin.com%2Fin
781,HomeWell Care Services,Senior Care / Home Health,In-Home Care,Burkburnett,TX,2000,$25M-$50M,Scheduling AI,$5K-$12K,VP of Operations,www.homewellcares.com,2,145 units,info@homewellcares.com,contact@homewellcares.com,(177) 240-3850,(177) 240-3851,pattern,,,[first].[last]@homewellcares.com; [f][last]@homewellcares.com; [first]@homewellcares.com; [first][last]@homewellcares.com,https://www.linkedin.com/search/results/people/?keywords=%22VP+of+Operations%22+%22HomeWell+Care+Services%22,,,,,,,,https://www.google.com/search?q=HomeWell+Care+Services+%22VP+of+Operations%22+site%3Alinkedin.com%2Fin
782,Amada Senior Care,Senior Care / Home Health,In-Home Care,San Clemente,CA,2500,$25M-$50M,Patient monitoring AI,$5K-$15K,Director of Technology,www.amadaseniorcare.com,3,150+ locations,info@amadaseniorcare.com,contact@amadaseniorcare.com,(866) 752-1961,(739) 299-9407; (177) 222-8717,pattern,,,[first].[last]@amadaseniorcare.com; [f][last]@amadaseniorcare.com; [first]@amadaseniorcare.com; [first][last]@amadaseniorcare.com,https://www.linkedin.com/search/results/people/?keywords=%22Director+of+Technology%22+%22Amada+Senior+Care%22,,,https://x.com/i/,https://www.facebook.com/AmadaSeniorCareCorporate/,https://www.instagram.com/amadaseniorcare/,,,https://www.google.com/search?q=Amada+Senior+Care+%22Director+of+Technology%22+site%3Alinkedin.com%2Fin
783,Assisting Hands,Senior Care / Home Health,In-Home Care,Des Plaines,IL,3000,$50M-$100M,Caregiver scheduling AI,$5K-$15K,VP of Technology,www.assistinghands.com,3,200 franchise units,info@assistinghands.com,contact@assistinghands.com,(866) 924-2442,(367) 346-8525; (737) 220-8292,pattern,,,[first].[last]@assistinghands.com; [f][last]@assistinghands.com; [first]@assistinghands.com; [first][last]@assistinghands.com,https://www.linkedin.com/search/results/people/?keywords=%22VP+of+Technology%22+%22Assisting+Hands%22,https://www.linkedin.com/company/792274,,https://twitter.com/AHHCNational,https://www.facebook.com/AssistingHands,,https://www.youtube.com/channel/UCg-UIXSKK4XGkuheMD-n2gg,,https://www.google.com/search?q=Assisting+Hands+%22VP+of+Technology%22+site%3Alinkedin.com%2Fin
784,Homewatch CareGivers,Senior Care / Home Health,In-Home Care,Denver,CO,4500,$50M-$100M,Compliance automation AI,$5K-$15K,Director of IT,www.homewatchcaregivers.com,3,30+ states; 7 countries,info@homewatchcaregivers.com,contact@homewatchcaregivers.com,,,pattern,,,[first].[last]@homewatchcaregivers.com; [f][last]@homewatchcaregivers.com; [first]@homewatchcaregivers.com; [first][last]@homewatchcaregivers.com,https://www.linkedin.com/search/results/people/?keywords=%22Director+of+IT%22+%22Homewatch+CareGivers%22,,,,,,,,https://www.google.com/search?q=Homewatch+CareGivers+%22Director+of+IT%22+site%3Alinkedin.com%2Fin
785,SYNERGY HomeCare,Senior Care / Home Health,In-Home Care,Gilbert,AZ,3000,$50M-$100M,Caregiver scheduling AI,$5K-$15K,VP of Technology,www.synergyhomecare.com,3,200+ franchise locations,sem@synergyhomecare.com,,(111) 793-9547,(877) 432-2692; (877) 432-2692,scraped,,,[first].[last]@synergyhomecare.com; [f][last]@synergyhomecare.com; [first]@synergyhomecare.com; [first][last]@synergyhomecare.com,https://www.linkedin.com/search/results/people/?keywords=%22VP+of+Technology%22+%22SYNERGY+HomeCare%22,https://www.linkedin.com/company/synergy-homecare,,https://twitter.com/SYNERGYHomeCare,https://www.facebook.com/synergyhomecare,https://www.instagram.com/synergyhomecare/,,,https://www.google.com/search?q=SYNERGY+HomeCare+%22VP+of+Technology%22+site%3Alinkedin.com%2Fin
786,Home Helpers Home Care,Senior Care / Home Health,In-Home Care,Cincinnati,OH,3000,$50M-$100M,Patient monitoring AI,$5K-$15K,Director of Technology,www.homehelpershomecare.com,3,300+ territories,info@homehelpershomecare.com,contact@homehelpershomecare.com,(176) 607-6094,(172) 686-0699; (171) 482-4130,pattern,,,[first].[last]@homehelpershomecare.com; [f][last]@homehelpershomecare.com; [first]@homehelpershomecare.com; [first][last]@homehelpershomecare.com,https://www.linkedin.com/search/results/people/?keywords=%22Director+of+Technology%22+%22Home+Helpers+Home+Care%22,https://www.linkedin.com/company/home-helpers,https://www.linkedin.com/in/debbie-humphrey-31778413,https://twitter.com/HHHelper,https://www.facebook.com/HomeHelpersSeniorCare/,,,,https://www.google.com/search?q=Home+Helpers+Home+Care+%22Director+of+Technology%22+site%3Alinkedin.com%2Fin
787,Always Best Care,Senior Care / Home Health,In-Home Care,Roseville,CA,2000,$25M-$50M,Compliance automation AI,$5K-$12K,VP of Operations,www.alwaysbestcare.com,2,200+ franchise locations,info@alwaysbestcare.com,contact@alwaysbestcare.com,(258) 952-0823,(855) 470-2273; (849) 543-3937,pattern,,,[first].[last]@alwaysbestcare.com; [f][last]@alwaysbestcare.com; [first]@alwaysbestcare.com; [first][last]@alwaysbestcare.com,https://www.linkedin.com/search/results/people/?keywords=%22VP+of+Operations%22+%22Always+Best+Care%22,https://www.linkedin.com/company/always-best-care-senior-services/,,https://twitter.com/AlwaysBestCare,https://www.facebook.com/alwaysbestcarecorporate,https://www.instagram.com/alwaysbestcarecorporate/,,,https://www.google.com/search?q=Always+Best+Care+%22VP+of+Operations%22+site%3Alinkedin.com%2Fin
788,CarePatrol,Senior Care / Home Health,Senior Placement,Gilbert,AZ,500,$25M-$50M,Matching AI,$5K-$12K,CTO,www.carepatrol.com,3,Franchise placement service,info@carepatrol.com,contact@carepatrol.com,(248) 867-8861,(116) 598-1601; (283) 563-2886,pattern,,,[first].[last]@carepatrol.com; [f][last]@carepatrol.com; [first]@carepatrol.com; [first][last]@carepatrol.com,https://www.linkedin.com/search/results/people/?keywords=%22CTO%22+%22CarePatrol%22,https://www.linkedin.com/company/carepatrol-senior-placement-and-referrals/,,https://twitter.com/CarePatrolCares,https://www.facebook.com/CarePatrolCares,https://www.instagram.com/carepatrol_cares/,https://www.youtube.com/channel/UChpo0ejA6PzUuVZmrQjHuPA,,https://www.google.com/search?q=CarePatrol+%22CTO%22+site%3Alinkedin.com%2Fin
789,Enhabit Home Health & Hospice,Senior Care / Home Health,Home Health,Dallas,TX,10000,$1B+,Care coordination AI,$15K-$30K,Chief Technology Officer,www.ehab.com,4,NYSE listed; spin-off from Encompass,info@ehab.com,contactus@ehab.com,(177) 240-3852,(877) 330-7657; (177) 240-3854,pattern,,,[first].[last]@ehab.com; [f][last]@ehab.com; [first]@ehab.com; [first][last]@ehab.com,https://www.linkedin.com/search/results/people/?keywords=%22Chief+Technology+Officer%22+%22Enhabit+Home+Health+%26+Hospice%22,https://www.linkedin.com/company/enhabithhh/,,https://x.com/enhabit_hhh,https://www.facebook.com/EnhabitHHH,https://www.instagram.com/enhabithhh/,https://www.youtube.com/channel/UCpDQyKoGTT8mHTIGJZI_kGw,,https://www.google.com/search?q=Enhabit+Home+Health+%26+Hospice+%22Chief+Technology+Officer%22+site%3Alinkedin.com%2Fin
790,Angels of Care Pediatric Home Health,Senior Care / Home Health,Pediatric Home Health,Bedford,TX,2000,$50M-$100M,Caregiver scheduling AI,$5K-$15K,Director of IT,www.angelsofcare.com,3,Texas-based pediatric,info@angelsofcare.com,contact@angelsofcare.com,(855) 452-6435,(532) 196-2735; (177) 240-3776,pattern,,,[first].[last]@angelsofcare.com; [f][last]@angelsofcare.com; [first]@angelsofcare.com; [first][last]@angelsofcare.com,https://www.linkedin.com/search/results/people/?keywords=%22Director+of+IT%22+%22Angels+of+Care+Pediatric+Home+Health%22,https://www.linkedin.com/company/angelsofcare/,,https://twitter.com/AngelsofCare,https://www.facebook.com/angelsofcare,https://www.instagram.com/angelsofcare/,,,https://www.google.com/search?q=Angels+of+Care+Pediatric+Home+Health+%22Director+of+IT%22+site%3Alinkedin.com%2Fin
791,ProMedica Senior Care,Senior Care / Home Health,Senior Living,Toledo,OH,15000,$1B+,Patient monitoring AI,$15K-$30K,VP of Technology,www.promedica.org,4,Non-profit; multi-service,info@promedica.org,contact@promedica.org,(107) 295-1494,(372) 114-4057; (458) 505-9825,pattern,,,[first].[last]@promedica.org; [f][last]@promedica.org; [first]@promedica.org; [first][last]@promedica.org,https://www.linkedin.com/search/results/people/?keywords=%22VP+of+Technology%22+%22ProMedica+Senior+Care%22,,,,,,,,https://www.google.com/search?q=ProMedica+Senior+Care+%22VP+of+Technology%22+site%3Alinkedin.com%2Fin
792,Sunrise Senior Living,Senior Care / Home Health,Assisted Living,McLean,VA,30000,$1B+,Resident monitoring AI,$15K-$30K,Chief Technology Officer,www.sunriseseniorliving.com,4,320+ communities,info@sunriseseniorliving.com,contact@sunriseseniorliving.com,(703) 854-0050,(888) 434-4648; (841) 790-6230,pattern,,,[first].[last]@sunriseseniorliving.com; [f][last]@sunriseseniorliving.com; [first]@sunriseseniorliving.com; [first][last]@sunriseseniorliving.com,https://www.linkedin.com/search/results/people/?keywords=%22Chief+Technology+Officer%22+%22Sunrise+Senior+Living%22,http://www.linkedin.com/company/sunrise-senior-living,,http://twitter.com/sunrisesrliving,https://www.facebook.com/SunriseSeniorLiving,https://www.instagram.com/sunrisesrliving,,,https://www.google.com/search?q=Sunrise+Senior+Living+%22Chief+Technology+Officer%22+site%3Alinkedin.com%2Fin
793,Brookdale Senior Living,Senior Care / Home Health,Senior Living,Brentwood,TN,42000,$1B+,Caregiver scheduling AI,$20K-$40K,CTO,www.brookdale.com,5,NYSE listed; largest senior living,info@brookdale.com,contact@brookdale.com,(000) 000-0027,(842) 672-1226; (877) 384-8989,pattern,,,[first].[last]@brookdale.com; [f][last]@brookdale.com; [first]@brookdale.com; [first][last]@brookdale.com,https://www.linkedin.com/search/results/people/?keywords=%22CTO%22+%22Brookdale+Senior+Living%22,https://www.linkedin.com/company/brookdale-senior-living,,https://twitter.com/brookdaleliving,https://www.facebook.com/brookdaleseniorliving,https://www.instagram.com/brookdaleliving/,,,https://www.google.com/search?q=Brookdale+Senior+Living+%22CTO%22+site%3Alinkedin.com%2Fin
794,Five Star Senior Living,Senior Care / Home Health,Senior Living,Newton,MA,16000,$500M-$1B,Resident monitoring AI,$10K-$25K,VP of Technology,www.fivestarseniorliving.com,3,250+ communities,info@fivestarseniorliving.com,contact@fivestarseniorliving.com,,,pattern,,,[first].[last]@fivestarseniorliving.com; [f][last]@fivestarseniorliving.com; [first]@fivestarseniorliving.com; [first][last]@fivestarseniorliving.com,https://www.linkedin.com/search/results/people/?keywords=%22VP+of+Technology%22+%22Five+Star+Senior+Living%22,,,,,,,,https://www.google.com/search?q=Five+Star+Senior+Living+%22VP+of+Technology%22+site%3Alinkedin.com%2Fin
795,Atria Senior Living,Senior Care / Home Health,Senior Living,Louisville,KY,12000,$1B+,Patient monitoring AI,$15K-$25K,Chief Technology Officer,www.atriaseniorliving.com,4,200+ communities,customerservice@atriaseniorliving.com,accessibility@atriaseniorliving.com; hrhelpdesk@atriaseniorliving.com; media_inquiries@atriaseniorliving.com,(000) 000-0032,(502) 779-4700; (492) 901-1715,scraped,,,[first].[last]@atriaseniorliving.com; [f][last]@atriaseniorliving.com; [first]@atriaseniorliving.com; [first][last]@atriaseniorliving.com,https://www.linkedin.com/search/results/people/?keywords=%22Chief+Technology+Officer%22+%22Atria+Senior+Living%22,,,,https://www.facebook.com/AtriaSeniorLiving,https://www.instagram.com/atriaseniorliving,https://www.youtube.com/@AtriaSeniorLivingCommunities,,https://www.google.com/search?q=Atria+Senior+Living+%22Chief+Technology+Officer%22+site%3Alinkedin.com%2Fin
796,Life Care Centers of America,Senior Care / Home Health,Skilled Nursing,Cleveland,TN,25000,$1B+,Compliance automation AI,$15K-$30K,CTO,www.lcca.com,4,200+ facilities,info@lcca.com,contact@lcca.com,(423) 472-9585,(423) 472-9585,pattern,,,[first].[last]@lcca.com; [f][last]@lcca.com; [first]@lcca.com; [first][last]@lcca.com,https://www.linkedin.com/search/results/people/?keywords=%22CTO%22+%22Life+Care+Centers+of+America%22,https://www.linkedin.com/company/life-care-centers-of-america/,,https://twitter.com/LifeCareCenters,https://www.facebook.com/LifeCareCenters/,,https://www.youtube.com/channel/UCG68U6Pr0LD7sLsYO2QhKjw,,https://www.google.com/search?q=Life+Care+Centers+of+America+%22CTO%22+site%3Alinkedin.com%2Fin
797,The Ensign Group,Senior Care / Home Health,Skilled Nursing,San Juan Capistrano,CA,40000,$1B+,Care coordination AI,$15K-$30K,VP of Technology,www.ensigngroup.net,4,NASDAQ listed; 275+ facilities,info@ensigngroup.net,contact@ensigngroup.net,(599) 476-2882,(814) 427-3073; (177) 157-5704,pattern,,,[first].[last]@ensigngroup.net; [f][last]@ensigngroup.net; [first]@ensigngroup.net; [first][last]@ensigngroup.net,https://www.linkedin.com/search/results/people/?keywords=%22VP+of+Technology%22+%22The+Ensign+Group%22,,,,,,,,https://www.google.com/search?q=The+Ensign+Group+%22VP+of+Technology%22+site%3Alinkedin.com%2Fin
798,National HealthCare Corp,Senior Care / Home Health,Long-Term Care,Murfreesboro,TN,12000,$1B+,Patient monitoring AI,$10K-$25K,Director of IT,www.nhccare.com,3,70+ facilities,info@nhccare.com,contact@nhccare.com,(176) 797-7682,(107) 544-7102; (146) 862-3041,pattern,,,[first].[last]@nhccare.com; [f][last]@nhccare.com; [first]@nhccare.com; [first][last]@nhccare.com,https://www.linkedin.com/search/results/people/?keywords=%22Director+of+IT%22+%22National+HealthCare+Corp%22,,,,https://www.facebook.com/NationalHealthcareCorporation,https://www.instagram.com/nationalhealthcarecorporation/,,,https://www.google.com/search?q=National+HealthCare+Corp+%22Director+of+IT%22+site%3Alinkedin.com%2Fin
799,Sabra Health Care REIT,Senior Care / Home Health,Healthcare REIT,Irvine,CA,100,$500M-$1B,Portfolio analytics AI,$10K-$20K,VP of Technology,www.sabrahealth.com,3,NASDAQ listed; senior care REIT,888.393.8248investorrelations@sabrahealth.com,investorrelations@sabrahealth.com; assetmanagement@sabrahealth.com; acquisitions@sabrahealth.com,(888) 393-8248,(888) 845-0819; (800) 937-5449,scraped,,,[first].[last]@sabrahealth.com; [f][last]@sabrahealth.com; [first]@sabrahealth.com; [first][last]@sabrahealth.com,https://www.linkedin.com/search/results/people/?keywords=%22VP+of+Technology%22+%22Sabra+Health+Care+REIT%22,https://www.linkedin.com/company/sabra-health-care-reit-inc,,,,,,,https://www.google.com/search?q=Sabra+Health+Care+REIT+%22VP+of+Technology%22+site%3Alinkedin.com%2Fin
800,CareFinders Total Care,Senior Care / Home Health,Home Care,Clark,NJ,200,$10M-$25M,Caregiver scheduling AI,$5K-$10K,Director of Operations,www.carefindersinc.com,2,NJ home care provider,info@carefindersinc.com,contact@carefindersinc.com,,,pattern,,,[first].[last]@carefindersinc.com; [f][last]@carefindersinc.com; [first]@carefindersinc.com; [first][last]@carefindersinc.com,https://www.linkedin.com/search/results/people/?keywords=%22Director+of+Operations%22+%22CareFinders+Total+Care%22,,,,,,,,https://www.google.com/search?q=CareFinders+Total+Care+%22Director+of+Operations%22+site%3Alinkedin.com%2Fin
801,Moneta Group,Financial Advisory / Wealth Management,RIA,St. Louis,MO,600,$200M-$500M,Portfolio reporting AI,$15K-$30K,Chief Technology Officer,www.monetagroup.com,4,#1 fee-only RIA; $42.8B AUM,info@monetagroup.com,contact@monetagroup.com,(666) 666-6667,(333) 333-3333; (333) 333-3333,pattern,,,[first].[last]@monetagroup.com; [f][last]@monetagroup.com; [first]@monetagroup.com; [first][last]@monetagroup.com,https://www.linkedin.com/search/results/people/?keywords=%22Chief+Technology+Officer%22+%22Moneta+Group%22,https://www.linkedin.com/company/monetagroup/,,https://twitter.com/monetagroup,https://www.facebook.com/MonetaGroup,,,,https://www.google.com/search?q=Moneta+Group+%22Chief+Technology+Officer%22+site%3Alinkedin.com%2Fin
802,EP Wealth Advisors,Financial Advisory / Wealth Management,RIA,Torrance,CA,500,$100M-$200M,Client communication AI,$10K-$25K,CTO,www.epwealth.com,4,$35.6B AUM,info@epwealth.com,contact@epwealth.com,(058) 050-8650,(772) 233-6953; (058) 088-8430,pattern,,,[first].[last]@epwealth.com; [f][last]@epwealth.com; [first]@epwealth.com; [first][last]@epwealth.com,https://www.linkedin.com/search/results/people/?keywords=%22CTO%22+%22EP+Wealth+Advisors%22,https://www.linkedin.com/company/ep-wealth-advisors,,https://twitter.com/epwealthbayarea,https://www.facebook.com/epwealthadvisors/,https://www.instagram.com/ep.wealth.advisors/,https://www.youtube.com/@epwealthadvisors,,https://www.google.com/search?q=EP+Wealth+Advisors+%22CTO%22+site%3Alinkedin.com%2Fin
803,Savant Wealth Management,Financial Advisory / Wealth Management,RIA,Rockford,IL,300,$100M-$200M,Compliance AI,$10K-$20K,Director of Technology,www.savantwealth.com,3,$29.6B AUM,info@savantwealth.com,contact@savantwealth.com,(613) 974-6388,(169) 481-2557; (866) 489-0500,pattern,,,[first].[last]@savantwealth.com; [f][last]@savantwealth.com; [first]@savantwealth.com; [first][last]@savantwealth.com,https://www.linkedin.com/search/results/people/?keywords=%22Director+of+Technology%22+%22Savant+Wealth+Management%22,https://www.linkedin.com/company/savant-wealth-management/,,https://x.com/savantwealth,https://www.facebook.com/savantwealthmanagement,https://instagram.com/savantwealth,,,https://www.google.com/search?q=Savant+Wealth+Management+%22Director+of+Technology%22+site%3Alinkedin.com%2Fin
804,Homrich Berg,Financial Advisory / Wealth Management,RIA,Atlanta,GA,200,$50M-$100M,Portfolio reporting AI,$8K-$20K,VP of Technology,www.homrichberg.com,3,$18.6B AUM,info@homrichberg.com,contact@homrichberg.com,(404) 264-1400,(086) 616-4731; (767) 881-8694,pattern,,,[first].[last]@homrichberg.com; [f][last]@homrichberg.com; [first]@homrichberg.com; [first][last]@homrichberg.com,https://www.linkedin.com/search/results/people/?keywords=%22VP+of+Technology%22+%22Homrich+Berg%22,https://www.linkedin.com/company/hbwealth/,,https://x.com/HB_wealth,https://www.facebook.com/HBWealthRIA/,https://www.instagram.com/hbwealthria/,https://www.youtube.com/@hb_wealth,,https://www.google.com/search?q=Homrich+Berg+%22VP+of+Technology%22+site%3Alinkedin.com%2Fin
805,Mercer Advisors,Financial Advisory / Wealth Management,RIA,Denver,CO,1200,$200M-$500M,Client onboarding AI,$10K-$25K,Chief Technology Officer,www.merceradvisors.com,4,Top 5 RIA; $50B+ AUM,info@merceradvisors.com,contact@merceradvisors.com,(169) 716-1741,(888) 920-1320; (177) 192-9611,pattern,,,[first].[last]@merceradvisors.com; [f][last]@merceradvisors.com; [first]@merceradvisors.com; [first][last]@merceradvisors.com,https://www.linkedin.com/search/results/people/?keywords=%22Chief+Technology+Officer%22+%22Mercer+Advisors%22,https://www.linkedin.com/company/mercer-advisors/,,https://x.com/MercerAdvisors,https://www.facebook.com/merceradvisors/,https://www.instagram.com/mercer_advisors/,,,https://www.google.com/search?q=Mercer+Advisors+%22Chief+Technology+Officer%22+site%3Alinkedin.com%2Fin
806,Creative Planning,Financial Advisory / Wealth Management,RIA,Overland Park,KS,2000,$500M-$1B,Portfolio analytics AI,$15K-$30K,CTO,www.creativeplanning.com,5,Peter Mallouk; $300B+ AUM,info@creativeplanning.com,,,(167) 933-6597; (176) 800-9004,pattern,,,[first].[last]@creativeplanning.com; [f][last]@creativeplanning.com; [first]@creativeplanning.com; [first][last]@creativeplanning.com,https://www.linkedin.com/search/results/people/?keywords=%22CTO%22+%22Creative+Planning%22,https://www.linkedin.com/company/creative-planning-inc-/,,https://x.com/CPIWealth,https://www.facebook.com/creativeplanninginc/,https://www.instagram.com/creativeplanning_llc/,https://www.youtube.com/@creativeplanning,,https://www.google.com/search?q=Creative+Planning+%22CTO%22+site%3Alinkedin.com%2Fin
807,Fisher Investments,Financial Advisory / Wealth Management,RIA,Camas,WA,5000,$1B+,Client communication AI,$20K-$40K,Chief Technology Officer,www.fisherinvestments.com,5,$200B+ AUM,info@fisherinvestments.com,contact@fisherinvestments.com,(639) 080-0066,(888) 823-9566; (800) 144-4731,pattern,,,[first].[last]@fisherinvestments.com; [f][last]@fisherinvestments.com; [first]@fisherinvestments.com; [first][last]@fisherinvestments.com,https://www.linkedin.com/search/results/people/?keywords=%22Chief+Technology+Officer%22+%22Fisher+Investments%22,https://www.linkedin.com/company/fisher-investments,https://www.linkedin.com/in/ken-fisher,https://x.com/fisherinvest,https://www.facebook.com/fisherinvestments/,https://www.instagram.com/fisher.investments/,https://www.youtube.com/@fisherinvestmentsAU,,https://www.google.com/search?q=Fisher+Investments+%22Chief+Technology+Officer%22+site%3Alinkedin.com%2Fin
808,Edelman Financial Engines,Financial Advisory / Wealth Management,RIA,Santa Clara,CA,3000,$1B+,Portfolio reporting AI,$15K-$30K,CTO,www.edelmanfinancialengines.com,5,Largest RIA by advisors,info@edelmanfinancialengines.com,contact@edelmanfinancialengines.com,(784) 289-9024,(173) 252-2589; (833) 752-6333,pattern,,,[first].[last]@edelmanfinancialengines.com; [f][last]@edelmanfinancialengines.com; [first]@edelmanfinancialengines.com; [first][last]@edelmanfinancialengines.com,https://www.linkedin.com/search/results/people/?keywords=%22CTO%22+%22Edelman+Financial+Engines%22,https://www.linkedin.com/company/edelman-financial-engines,,https://twitter.com/edelmanfe,https://www.facebook.com/edelmanfinancialengines,,,,https://www.google.com/search?q=Edelman+Financial+Engines+%22CTO%22+site%3Alinkedin.com%2Fin
809,Hightower Advisors,Financial Advisory / Wealth Management,RIA Network,Chicago,IL,1200,$200M-$500M,Compliance AI,$10K-$25K,VP of Technology,www.hightoweradvisors.com,4,$130B+ AUM,info@hightoweradvisors.com,contact@hightoweradvisors.com,(312) 962-3800,(917) 286-2717,pattern,,,[first].[last]@hightoweradvisors.com; [f][last]@hightoweradvisors.com; [first]@hightoweradvisors.com; [first][last]@hightoweradvisors.com,https://www.linkedin.com/search/results/people/?keywords=%22VP+of+Technology%22+%22Hightower+Advisors%22,https://www.linkedin.com/company/hightoweradvisors/,,,,,,,https://www.google.com/search?q=Hightower+Advisors+%22VP+of+Technology%22+site%3Alinkedin.com%2Fin
810,Mariner Wealth Advisors,Financial Advisory / Wealth Management,RIA,Overland Park,KS,1500,$200M-$500M,Client onboarding AI,$10K-$25K,Chief Technology Officer,www.marinerwealthadvisors.com,4,$100B+ AUM,info@marinerwealthadvisors.com,contact@marinerwealthadvisors.com,(137) 638-4029,(166) 697-2114,pattern,,,[first].[last]@marinerwealthadvisors.com; [f][last]@marinerwealthadvisors.com; [first]@marinerwealthadvisors.com; [first][last]@marinerwealthadvisors.com,https://www.linkedin.com/search/results/people/?keywords=%22Chief+Technology+Officer%22+%22Mariner+Wealth+Advisors%22,https://www.linkedin.com/company/access-mariner/,https://www.linkedin.com/in/brian-o-regan-aif%C2%AE-68417927/; https://www.linkedin.com/in/mark-borda-cfa-cpa-3316404; https://www.linkedin.com/in/robert-k-neigert-j-d-ll-m-tax-0475644/,https://x.com/MarinerWealth,https://www.facebook.com/MarinerWealthAdvisors,https://www.instagram.com/accessmariner,https://www.youtube.com/@AccessMariner,,https://www.google.com/search?q=Mariner+Wealth+Advisors+%22Chief+Technology+Officer%22+site%3Alinkedin.com%2Fin
811,Beacon Pointe Advisors,Financial Advisory / Wealth Management,RIA,Newport Beach,CA,300,$50M-$100M,Portfolio reporting AI,$8K-$20K,Director of IT,www.beaconpointe.com,3,$30B+ AUM,info@beaconpointe.com,contact@beaconpointe.com,(949) 718-1600,(727) 735-0629; (727) 735-1319,pattern,,,[first].[last]@beaconpointe.com; [f][last]@beaconpointe.com; [first]@beaconpointe.com; [first][last]@beaconpointe.com,https://www.linkedin.com/search/results/people/?keywords=%22Director+of+IT%22+%22Beacon+Pointe+Advisors%22,https://www.linkedin.com/company/beacon-pointe-ria,,https://twitter.com/BeaconPointeRIA,https://www.facebook.com/BeaconPointeRIA,https://www.instagram.com/beaconpointeadvisors/,,,https://www.google.com/search?q=Beacon+Pointe+Advisors+%22Director+of+IT%22+site%3Alinkedin.com%2Fin
812,Buckingham Strategic Wealth,Financial Advisory / Wealth Management,RIA,St. Louis,MO,200,$50M-$100M,Compliance AI,$8K-$15K,CTO,www.buckinghamstrategicwealth.com,3,Evidence-based investing,info@buckinghamstrategicwealth.com,contact@buckinghamstrategicwealth.com,(173) 636-3829,(172) 840-6703; (173) 341-1400,pattern,,,[first].[last]@buckinghamstrategicwealth.com; [f][last]@buckinghamstrategicwealth.com; [first]@buckinghamstrategicwealth.com; [first][last]@buckinghamstrategicwealth.com,https://www.linkedin.com/search/results/people/?keywords=%22CTO%22+%22Buckingham+Strategic+Wealth%22,https://www.linkedin.com/company/buckinghamsw/,,http://www.twitter.com/BuckinghamAdvsr,https://www.facebook.com/BuckinghamSW/,,https://www.youtube.com/channel/UCMbnl7w8tPxPImgoxI7Ek_g,,https://www.google.com/search?q=Buckingham+Strategic+Wealth+%22CTO%22+site%3Alinkedin.com%2Fin
813,Carson Group,Financial Advisory / Wealth Management,RIA Network,Omaha,NE,500,$100M-$200M,Client communication AI,$10K-$20K,Chief Technology Officer,www.carsongroup.com,4,Ron Carson; advisor platform,info@carsongroup.com,contact@carsongroup.com,(000) 000-0030,(106) 998-7169; (770) 380-5701,pattern,,,[first].[last]@carsongroup.com; [f][last]@carsongroup.com; [first]@carsongroup.com; [first][last]@carsongroup.com,https://www.linkedin.com/search/results/people/?keywords=%22Chief+Technology+Officer%22+%22Carson+Group%22,https://www.linkedin.com/company/carsongroupLLC/,,https://twitter.com/CarsonGroupLLC,https://www.facebook.com/CarsonGroup,https://www.instagram.com/carson_group/,https://www.youtube.com/channel/UCF03D8V34q2_Otj1OefLrUA/,,https://www.google.com/search?q=Carson+Group+%22Chief+Technology+Officer%22+site%3Alinkedin.com%2Fin
814,Captrust Financial Advisors,Financial Advisory / Wealth Management,RIA,Raleigh,NC,1000,$200M-$500M,Portfolio analytics AI,$10K-$25K,VP of Technology,www.captrust.com,4,$800B+ AUM; retirement focus,info@captrust.com,contact@captrust.com,(102) 233-8785,(113) 450-0524; (176) 900-3880,pattern,,,[first].[last]@captrust.com; [f][last]@captrust.com; [first]@captrust.com; [first][last]@captrust.com,https://www.linkedin.com/search/results/people/?keywords=%22VP+of+Technology%22+%22Captrust+Financial+Advisors%22,https://www.linkedin.com/company/captrust/,,https://twitter.com/CAPTRUSTfa,https://www.facebook.com/captrustadvisors/,,,,https://www.google.com/search?q=Captrust+Financial+Advisors+%22VP+of+Technology%22+site%3Alinkedin.com%2Fin
815,Raymond James,Financial Advisory / Wealth Management,Broker-Dealer,St. Petersburg,FL,15000,$10B+,Client engagement AI,$25K-$50K,Chief Technology Officer,www.raymondjames.com,5,NYSE listed; $1.4T AUM,info@raymondjames.com,contact@raymondjames.com,,,pattern,,,[first].[last]@raymondjames.com; [f][last]@raymondjames.com; [first]@raymondjames.com; [first][last]@raymondjames.com,https://www.linkedin.com/search/results/people/?keywords=%22Chief+Technology+Officer%22+%22Raymond+James%22,,,,,,,,https://www.google.com/search?q=Raymond+James+%22Chief+Technology+Officer%22+site%3Alinkedin.com%2Fin
816,Edward Jones,Financial Advisory / Wealth Management,Broker-Dealer,St. Louis,MO,52000,$10B+,Client communication AI,$30K-$50K,CTO,www.edwardjones.com,5,15K+ advisors; $1.9T AUA,info@edwardjones.com,contact@edwardjones.com,(855) 443-9883,(209) 649-4657; (222) 041-8831,pattern,,,[first].[last]@edwardjones.com; [f][last]@edwardjones.com; [first]@edwardjones.com; [first][last]@edwardjones.com,https://www.linkedin.com/search/results/people/?keywords=%22CTO%22+%22Edward+Jones%22,https://www.linkedin.com/company/edward-jones,,https://twitter.com/edwardjones,https://www.facebook.com/edwardjones,,,,https://www.google.com/search?q=Edward+Jones+%22CTO%22+site%3Alinkedin.com%2Fin
817,Stifel Financial,Financial Advisory / Wealth Management,Broker-Dealer,St. Louis,MO,8500,$1B+,Portfolio reporting AI,$15K-$30K,VP of Technology,www.stifel.com,4,NYSE listed,info@stifel.com,contact@stifel.com,,,pattern,,,[first].[last]@stifel.com; [f][last]@stifel.com; [first]@stifel.com; [first][last]@stifel.com,https://www.linkedin.com/search/results/people/?keywords=%22VP+of+Technology%22+%22Stifel+Financial%22,,,,,,,,https://www.google.com/search?q=Stifel+Financial+%22VP+of+Technology%22+site%3Alinkedin.com%2Fin
818,Baird,Financial Advisory / Wealth Management,Broker-Dealer,Milwaukee,WI,4500,$1B+,Client engagement AI,$15K-$30K,Chief Technology Officer,www.bairdwealth.com,4,Employee-owned,info@rwbaird.com,,,,scraped,,,[first].[last]@bairdwealth.com; [f][last]@bairdwealth.com; [first]@bairdwealth.com; [first][last]@bairdwealth.com,https://www.linkedin.com/search/results/people/?keywords=%22Chief+Technology+Officer%22+%22Baird%22,http://www.linkedin.com/company/6983,,http://twitter.com/rwbaird,http://www.facebook.com/RobertWBairdandCompany,https://instagram.com/rwbaird/,,,https://www.google.com/search?q=Baird+%22Chief+Technology+Officer%22+site%3Alinkedin.com%2Fin
819,LPL Financial,Financial Advisory / Wealth Management,Independent BD,San Diego,CA,6000,$5B+,Advisor productivity AI,$25K-$50K,CTO,www.lpl.com,5,#1 independent BD; 32K advisors,info@lpl.com,contact@lpl.com,,,pattern,,,[first].[last]@lpl.com; [f][last]@lpl.com; [first]@lpl.com; [first][last]@lpl.com,https://www.linkedin.com/search/results/people/?keywords=%22CTO%22+%22LPL+Financial%22,https://www.linkedin.com/company/lpl-financial,,https://www.twitter.com/LPL,https://www.facebook.com/LPLFinancialLLC/,https://www.instagram.com/lpl_financial/,,,https://www.google.com/search?q=LPL+Financial+%22CTO%22+site%3Alinkedin.com%2Fin
820,Cetera Financial Group,Financial Advisory / Wealth Management,Network BD,Dallas,TX,2000,$500M-$1B,Compliance AI,$10K-$25K,Chief Technology Officer,www.cetera.com,4,8000+ advisors,info@cetera.com,contact@cetera.com,(183) 494-9376,(178) 188-3945; (414) 470-9335,pattern,,,[first].[last]@cetera.com; [f][last]@cetera.com; [first]@cetera.com; [first][last]@cetera.com,https://www.linkedin.com/search/results/people/?keywords=%22Chief+Technology+Officer%22+%22Cetera+Financial+Group%22,https://www.linkedin.com/company/cetera-financial-group/,,https://twitter.com/CeteraFinancial/,https://www.facebook.com/CeteraFinancialGroup/,https://www.instagram.com/ceterafinancial/,https://www.youtube.com/@CeteraFinancialGroup/,,https://www.google.com/search?q=Cetera+Financial+Group+%22Chief+Technology+Officer%22+site%3Alinkedin.com%2Fin
821,Wealthfront,Financial Advisory / Wealth Management,Robo-Advisor,Palo Alto,CA,500,$100M-$200M,Portfolio optimization AI,$10K-$20K,CTO,www.wealthfront.com,4,UBS subsidiary; $70B+ AUM,info@wealthfront.com,contact@wealthfront.com,(335) 979-0771,(422) 045-7006; (392) 225-9980,pattern,,,[first].[last]@wealthfront.com; [f][last]@wealthfront.com; [first]@wealthfront.com; [first][last]@wealthfront.com,https://www.linkedin.com/search/results/people/?keywords=%22CTO%22+%22Wealthfront%22,,,,,,,,https://www.google.com/search?q=Wealthfront+%22CTO%22+site%3Alinkedin.com%2Fin
822,Betterment,Financial Advisory / Wealth Management,Robo-Advisor,New York,NY,400,$100M-$200M,Tax optimization AI,$10K-$20K,Chief Technology Officer,www.betterment.com,4,Digital wealth management,info@betterment.com,contact@betterment.com,(496) 670-7600,(772) 205-7099; (541) 408-5557,pattern,,,[first].[last]@betterment.com; [f][last]@betterment.com; [first]@betterment.com; [first][last]@betterment.com,https://www.linkedin.com/search/results/people/?keywords=%22Chief+Technology+Officer%22+%22Betterment%22,http://www.linkedin.com/company/betterment,,http://twitter.com/betterment,http://facebook.com/betterment,https://www.instagram.com/betterment/,,,https://www.google.com/search?q=Betterment+%22Chief+Technology+Officer%22+site%3Alinkedin.com%2Fin
823,Personal Capital (Empower),Financial Advisory / Wealth Management,Digital Wealth,San Carlos,CA,1000,$200M-$500M,Portfolio analytics AI,$10K-$25K,CTO,www.personalcapital.com,4,Empower subsidiary,info@personalcapital.com,contact@personalcapital.com,(257) 588-1071,(702) 800-0226; (126) 851-3282,pattern,,,[first].[last]@personalcapital.com; [f][last]@personalcapital.com; [first]@personalcapital.com; [first][last]@personalcapital.com,https://www.linkedin.com/search/results/people/?keywords=%22CTO%22+%22Personal+Capital+%28Empower%29%22,https://www.linkedin.com/company/empowertoday,,https://x.com/empowertoday,https://www.facebook.com/officialempowertoday,https://www.instagram.com/officialempowertoday/,https://www.youtube.com/channel/UCFPLlGp16vPjBb-G7SnUWhQ,,https://www.google.com/search?q=Personal+Capital+%28Empower%29+%22CTO%22+site%3Alinkedin.com%2Fin
824,Focus Financial Partners,Financial Advisory / Wealth Management,RIA Platform,New York,NY,5000,$1B+,Client onboarding AI,$15K-$30K,Chief Technology Officer,www.focusfinancialpartners.com,5,NASDAQ listed; $400B+ AUM,pro-focusfinancial@prosek.com,debt-ir@focuspartners.com; careers@focuspartners.com; info@focuspartners.com,(175) 451-2780,(176) 461-9071; (108) 029-8967,scraped,,,[first].[last]@focusfinancialpartners.com; [f][last]@focusfinancialpartners.com; [first]@focusfinancialpartners.com; [first][last]@focusfinancialpartners.com,https://www.linkedin.com/search/results/people/?keywords=%22Chief+Technology+Officer%22+%22Focus+Financial+Partners%22,,,,,,,,https://www.google.com/search?q=Focus+Financial+Partners+%22Chief+Technology+Officer%22+site%3Alinkedin.com%2Fin
825,Pathstone,Financial Advisory / Wealth Management,Multi-Family Office,Englewood,NJ,300,$50M-$100M,Portfolio reporting AI,$8K-$20K,VP of Technology,www.pathstone.com,3,$30B+ AUM,info@pathstone.com,contact@pathstone.com,,,pattern,,,[first].[last]@pathstone.com; [f][last]@pathstone.com; [first]@pathstone.com; [first][last]@pathstone.com,https://www.linkedin.com/search/results/people/?keywords=%22VP+of+Technology%22+%22Pathstone%22,https://linkedin.com/company/pathstone-family-office,,,https://www.facebook.com/PathstoneTheFamilyOffice/,https://www.instagram.com/pathstone/,,,https://www.google.com/search?q=Pathstone+%22VP+of+Technology%22+site%3Alinkedin.com%2Fin
826,Sanctuary Wealth,Financial Advisory / Wealth Management,RIA Network,Indianapolis,IN,200,$25M-$50M,Client communication AI,$5K-$15K,Director of Technology,www.sanctuarywealth.com,3,Growing RIA network,info@sanctuarywealth.com,contact@sanctuarywealth.com,(176) 606-7905,(177) 213-9038; (170) 553-1604,pattern,,,[first].[last]@sanctuarywealth.com; [f][last]@sanctuarywealth.com; [first]@sanctuarywealth.com; [first][last]@sanctuarywealth.com,https://www.linkedin.com/search/results/people/?keywords=%22Director+of+Technology%22+%22Sanctuary+Wealth%22,https://www.linkedin.com/company/concenturewealth/,,https://twitter.com/sanctuarywp,https://www.facebook.com/SanctuaryWealth,,https://www.youtube.com/@sanctuarywealth,,https://www.google.com/search?q=Sanctuary+Wealth+%22Director+of+Technology%22+site%3Alinkedin.com%2Fin
827,Dynasty Financial Partners,Financial Advisory / Wealth Management,RIA Platform,New York,NY,200,$50M-$100M,Compliance AI,$8K-$20K,CTO,www.dynastyfinancialpartners.com,3,RIA infrastructure platform,info@dynastyfinancialpartners.com,contact@dynastyfinancialpartners.com,(177) 240-3879,(177) 240-3880,pattern,,,[first].[last]@dynastyfinancialpartners.com; [f][last]@dynastyfinancialpartners.com; [first]@dynastyfinancialpartners.com; [first][last]@dynastyfinancialpartners.com,https://www.linkedin.com/search/results/people/?keywords=%22CTO%22+%22Dynasty+Financial+Partners%22,,,,,,,,https://www.google.com/search?q=Dynasty+Financial+Partners+%22CTO%22+site%3Alinkedin.com%2Fin
828,Steward Partners,Financial Advisory / Wealth Management,RIA,Washington,DC,100,$25M-$50M,Portfolio analytics AI,$5K-$15K,Director of IT,www.stewardpartners.com,3,Raymond James partnership,info@stewardpartners.com,contact@stewardpartners.com,,,pattern,,,[first].[last]@stewardpartners.com; [f][last]@stewardpartners.com; [first]@stewardpartners.com; [first][last]@stewardpartners.com,https://www.linkedin.com/search/results/people/?keywords=%22Director+of+IT%22+%22Steward+Partners%22,https://www.linkedin.com/company/steward-partners-global-advisory/,,https://twitter.com/StewardPartners,https://www.facebook.com/StewardPartnersGlobalAdvisoryLLC/,https://www.instagram.com/stewardpartners/,https://www.youtube.com/@stewardpartners,,https://www.google.com/search?q=Steward+Partners+%22Director+of+IT%22+site%3Alinkedin.com%2Fin
829,Cresset Capital,Financial Advisory / Wealth Management,Multi-Family Office,Chicago,IL,200,$50M-$100M,Portfolio reporting AI,$8K-$20K,Chief Technology Officer,www.cressetcapital.com,3,$50B+ AUM,info@cressetcapital.com,contact@cressetcapital.com,(177) 203-4984,(177) 213-7386; (177) 213-7387,pattern,,,[first].[last]@cressetcapital.com; [f][last]@cressetcapital.com; [first]@cressetcapital.com; [first][last]@cressetcapital.com,https://www.linkedin.com/search/results/people/?keywords=%22Chief+Technology+Officer%22+%22Cresset+Capital%22,https://www.linkedin.com/company/cresset-capital,,,https://www.facebook.com/cressetcapital/,https://www.instagram.com/cressetwealth/,https://www.youtube.com/channel/UC_2p8MEXqbD509z_6VXujgg,,https://www.google.com/search?q=Cresset+Capital+%22Chief+Technology+Officer%22+site%3Alinkedin.com%2Fin
830,Corient (CI Financial),Financial Advisory / Wealth Management,RIA Platform,Miami,FL,1500,$200M-$500M,Client onboarding AI,$10K-$25K,CTO,www.corient.com,4,CI Financial US wealth,info@corient.com,contact@corient.com,(177) 031-1273,(784) 289-9024; (150) 532-6701,pattern,,,[first].[last]@corient.com; [f][last]@corient.com; [first]@corient.com; [first][last]@corient.com,https://www.linkedin.com/search/results/people/?keywords=%22CTO%22+%22Corient+%28CI+Financial%29%22,http://linkedin.com/company/CorientPrivateWealth,,,,,,,https://www.google.com/search?q=Corient+%28CI+Financial%29+%22CTO%22+site%3Alinkedin.com%2Fin
831,Perigon Wealth,Financial Advisory / Wealth Management,RIA,San Francisco,CA,100,$25M-$50M,Compliance AI,$5K-$15K,VP of Technology,www.perigonwealth.com,3,Top ranked RIA,info@perigonwealth.com,contact@perigonwealth.com,(199) 999-9999,(877) 977-2555,pattern,,,[first].[last]@perigonwealth.com; [f][last]@perigonwealth.com; [first]@perigonwealth.com; [first][last]@perigonwealth.com,https://www.linkedin.com/search/results/people/?keywords=%22VP+of+Technology%22+%22Perigon+Wealth%22,https://www.linkedin.com/company/perigonwealth/,,https://x.com/perigon,https://www.facebook.com/Perigon360/,,,,https://www.google.com/search?q=Perigon+Wealth+%22VP+of+Technology%22+site%3Alinkedin.com%2Fin
832,GHPIA,Financial Advisory / Wealth Management,RIA,Greenwich,CT,50,$10M-$25M,Portfolio reporting AI,$5K-$12K,Director of Operations,www.ghpia.com,2,CT-based wealth management,info@ghpia.com,contact@ghpia.com,(303) 831-5051,(080) 109-9497; (297) 955-3289,pattern,,,[first].[last]@ghpia.com; [f][last]@ghpia.com; [first]@ghpia.com; [first][last]@ghpia.com,https://www.linkedin.com/search/results/people/?keywords=%22Director+of+Operations%22+%22GHPIA%22,https://www.linkedin.com/company/ghp-investment-advisors-inc-/,,https://x.com/GHPInvestment,https://www.facebook.com/tr,https://www.instagram.com/ghpinvestments/,https://www.youtube.com/channel/UCOFdLaa3EJUueyKDGqJegfw,,https://www.google.com/search?q=GHPIA+%22Director+of+Operations%22+site%3Alinkedin.com%2Fin
833,Plancorp,Financial Advisory / Wealth Management,RIA,St. Louis,MO,100,$25M-$50M,Client communication AI,$5K-$15K,Director of IT,www.plancorp.com,3,Buckingham affiliate,info@plancorp.com,contact@plancorp.com,,,pattern,,,[first].[last]@plancorp.com; [f][last]@plancorp.com; [first]@plancorp.com; [first][last]@plancorp.com,https://www.linkedin.com/search/results/people/?keywords=%22Director+of+IT%22+%22Plancorp%22,,,,,,,,https://www.google.com/search?q=Plancorp+%22Director+of+IT%22+site%3Alinkedin.com%2Fin
834,Sequoia Financial Group,Financial Advisory / Wealth Management,RIA,Akron,OH,300,$50M-$100M,Compliance AI,$8K-$15K,CTO,www.sequoia-financial.com,3,Growing RIA; Midwest,info@sequoia-financial.com,,(169) 775-4550,(627) 186-4914; (330) 375-9480,pattern,,,[first].[last]@sequoia-financial.com; [f][last]@sequoia-financial.com; [first]@sequoia-financial.com; [first][last]@sequoia-financial.com,https://www.linkedin.com/search/results/people/?keywords=%22CTO%22+%22Sequoia+Financial+Group%22,,,https://x.com/s/,,,,,https://www.google.com/search?q=Sequoia+Financial+Group+%22CTO%22+site%3Alinkedin.com%2Fin
835,Bleakley Financial Group,Financial Advisory / Wealth Management,RIA,Fairfield,NJ,50,$10M-$25M,Portfolio reporting AI,$5K-$12K,Director of Technology,www.bleakley.com,2,NJ-based wealth management,info@bleakley.com,contact@bleakley.com,(897) 192-6532,(772) 083-1272; (926) 543-9934,pattern,,,[first].[last]@bleakley.com; [f][last]@bleakley.com; [first]@bleakley.com; [first][last]@bleakley.com,https://www.linkedin.com/search/results/people/?keywords=%22Director+of+Technology%22+%22Bleakley+Financial+Group%22,https://www.linkedin.com/company/onepoint-bfg-wealth-partners,https://www.linkedin.com/in/steve-goldenring-61b92a3/; https://www.linkedin.com/in/drewbesonson/; https://www.linkedin.com/in/david-mandelbaum/,https://twitter.com/bleakleyfinanc1,https://www.facebook.com/BleakleyFinancialGroup/,https://www.instagram.com/voyagewealtharchitects,,,https://www.google.com/search?q=Bleakley+Financial+Group+%22Director+of+Technology%22+site%3Alinkedin.com%2Fin
836,SignatureFD,Financial Advisory / Wealth Management,RIA,Atlanta,GA,100,$25M-$50M,Client engagement AI,$5K-$15K,VP of Technology,www.signaturefd.com,3,Purpose-based planning,crystal.mathis@signaturefd.com,,(177) 240-3445,(174) 189-3583; (865) 174-9539,scraped,,,[first].[last]@signaturefd.com; [f][last]@signaturefd.com; [first]@signaturefd.com; [first][last]@signaturefd.com,https://www.linkedin.com/search/results/people/?keywords=%22VP+of+Technology%22+%22SignatureFD%22,https://www.linkedin.com/company/signaturefd/,,https://twitter.com/SignatureFD,https://www.facebook.com/2008/,,,,https://www.google.com/search?q=SignatureFD+%22VP+of+Technology%22+site%3Alinkedin.com%2Fin
837,Aspiriant,Financial Advisory / Wealth Management,RIA,Los Angeles,CA,200,$50M-$100M,Portfolio analytics AI,$8K-$20K,Chief Technology Officer,www.aspiriant.com,3,$15B+ AUM,manager.research@aspiriant.com,info@aspiriant.com,(177) 197-1290,(177) 237-4823; (177) 197-1291,scraped,,,[first].[last]@aspiriant.com; [f][last]@aspiriant.com; [first]@aspiriant.com; [first][last]@aspiriant.com,https://www.linkedin.com/search/results/people/?keywords=%22Chief+Technology+Officer%22+%22Aspiriant%22,https://www.linkedin.com/company/aspiriant/,,https://x.com/AspiriantNews,https://www.facebook.com/Aspiriant,https://www.instagram.com/aspiriantwealth,https://www.youtube.com/@AspiriantVideo/,,https://www.google.com/search?q=Aspiriant+%22Chief+Technology+Officer%22+site%3Alinkedin.com%2Fin
838,Telemus Capital,Financial Advisory / Wealth Management,RIA,Southfield,MI,80,$25M-$50M,Client communication AI,$5K-$12K,Director of IT,www.telemus.com,2,Michigan-based RIA,info@telemus.com,contact@telemus.com,(175) 770-0700,(172) 840-6703; (024) 216-0952,pattern,,,[first].[last]@telemus.com; [f][last]@telemus.com; [first]@telemus.com; [first][last]@telemus.com,https://www.linkedin.com/search/results/people/?keywords=%22Director+of+IT%22+%22Telemus+Capital%22,https://www.linkedin.com/company/buckinghamsw/,,http://www.twitter.com/BuckinghamAdvsr,https://www.facebook.com/BuckinghamSW/,,https://www.youtube.com/channel/UCMbnl7w8tPxPImgoxI7Ek_g,,https://www.google.com/search?q=Telemus+Capital+%22Director+of+IT%22+site%3Alinkedin.com%2Fin
839,Crestwood Advisors,Financial Advisory / Wealth Management,RIA,Boston,MA,80,$25M-$50M,Portfolio reporting AI,$5K-$15K,CTO,www.crestwoodadvisors.com,3,FA Magazine 2025 ranking,info@crestwoodadvisors.com,,(176) 946-2611,(177) 223-9646; (177) 224-0234,pattern,,,[first].[last]@crestwoodadvisors.com; [f][last]@crestwoodadvisors.com; [first]@crestwoodadvisors.com; [first][last]@crestwoodadvisors.com,https://www.linkedin.com/search/results/people/?keywords=%22CTO%22+%22Crestwood+Advisors%22,,,,,,,,https://www.google.com/search?q=Crestwood+Advisors+%22CTO%22+site%3Alinkedin.com%2Fin
840,Gresham Partners,Financial Advisory / Wealth Management,Family Office,Chicago,IL,80,$25M-$50M,Compliance AI,$5K-$15K,Director of Technology,www.greshampartners.com,3,$11.6B AUM; #20 fee-only RIA,info@greshampartners.com,,(177) 212-3229,(312) 327-5020; (199) 999-9999,pattern,,,[first].[last]@greshampartners.com; [f][last]@greshampartners.com; [first]@greshampartners.com; [first][last]@greshampartners.com,https://www.linkedin.com/search/results/people/?keywords=%22Director+of+Technology%22+%22Gresham+Partners%22,https://www.linkedin.com/company/gresham-partners-llc/,,,,,,,https://www.google.com/search?q=Gresham+Partners+%22Director+of+Technology%22+site%3Alinkedin.com%2Fin
841,Rollins Inc (Orkin),Pest Control / Cleaning Services,Pest Control,Atlanta,GA,18000,$1B+,Route optimization AI,$20K-$40K,Chief Technology Officer,www.rollins.com,5,NYSE listed; Orkin parent; $2.5B rev,investorrelations@rollins.com,media@rollins.com; corporatemarketing@rollins.com; talentaquisition@rollins.com,(866) 708-5581,,scraped,,,[first].[last]@rollins.com; [f][last]@rollins.com; [first]@rollins.com; [first][last]@rollins.com,https://www.linkedin.com/search/results/people/?keywords=%22Chief+Technology+Officer%22+%22Rollins+Inc+%28Orkin%29%22,https://www.linkedin.com/company/rollins-inc,,,,,,,https://www.google.com/search?q=Rollins+Inc+%28Orkin%29+%22Chief+Technology+Officer%22+site%3Alinkedin.com%2Fin
842,Rentokil (Terminix),Pest Control / Cleaning Services,Pest Control,Reading,PA,30000,$5B+,Scheduling AI,$25K-$50K,CTO,www.rentokil-initial.com,5,Acquired Terminix; global leader,info@rentokil-initial.com,contact@rentokil-initial.com,(408) 614-0016,,pattern,,,[first].[last]@rentokil-initial.com; [f][last]@rentokil-initial.com; [first]@rentokil-initial.com; [first][last]@rentokil-initial.com,https://www.linkedin.com/search/results/people/?keywords=%22CTO%22+%22Rentokil+%28Terminix%29%22,https://www.linkedin.com/company/rentokil-initial,,https://twitter.com/rentokilinitial,https://www.facebook.com/rentokilpestcontrol,,,,https://www.google.com/search?q=Rentokil+%28Terminix%29+%22CTO%22+site%3Alinkedin.com%2Fin
843,Arrow Exterminators,Pest Control / Cleaning Services,Pest Control,Atlanta,GA,3000,$200M-$500M,Route optimization AI,$10K-$25K,VP of Technology,www.arrowexterminators.com,4,Top 5 US pest control,info@arrowexterminators.com,contact@arrowexterminators.com,(012) 322-8942,(784) 308-6486; (888) 462-7769,pattern,,,[first].[last]@arrowexterminators.com; [f][last]@arrowexterminators.com; [first]@arrowexterminators.com; [first][last]@arrowexterminators.com,https://www.linkedin.com/search/results/people/?keywords=%22VP+of+Technology%22+%22Arrow+Exterminators%22,https://www.linkedin.com/company/arrow-exterminators,,,https://www.facebook.com/plugins/,http://instagram.com/arrowexterminators,,,https://www.google.com/search?q=Arrow+Exterminators+%22VP+of+Technology%22+site%3Alinkedin.com%2Fin
844,Truly Nolen,Pest Control / Cleaning Services,Pest Control,Tucson,AZ,1500,$100M-$200M,Scheduling AI,$8K-$20K,Director of IT,www.trulynolen.com,3,95+ US locations; 200+ global,info@trulynolen.com,,(252) 427-5384,(594) 963-3594; (238) 477-1906,pattern,,,[first].[last]@trulynolen.com; [f][last]@trulynolen.com; [first]@trulynolen.com; [first][last]@trulynolen.com,https://www.linkedin.com/search/results/people/?keywords=%22Director+of+IT%22+%22Truly+Nolen%22,https://www.linkedin.com/company/truly-nolen/,,https://x.com/TrulyNolen,https://www.facebook.com/tr,https://www.instagram.com/trulynolen/,https://www.youtube.com/channel/UCd44RZU_ksZw3gJmpZhFO-g,,https://www.google.com/search?q=Truly+Nolen+%22Director+of+IT%22+site%3Alinkedin.com%2Fin
845,Cooks Pest Control,Pest Control / Cleaning Services,Pest Control,Decatur,AL,1500,$100M-$200M,Customer retention AI,$8K-$20K,VP of Technology,www.cookspest.com,3,Southeast leader; since 1926,info@cookspest.com,contact@cookspest.com,(317) 010-3265,(800) 239-9898; (176) 703-7078,pattern,,,[first].[last]@cookspest.com; [f][last]@cookspest.com; [first]@cookspest.com; [first][last]@cookspest.com,https://www.linkedin.com/search/results/people/?keywords=%22VP+of+Technology%22+%22Cooks+Pest+Control%22,https://www.linkedin.com/company/cook,,https://x.com/cookspest,https://www.facebook.com/CooksPestControlInc,https://www.instagram.com/cookspestcontrol/,https://www.youtube.com/channel/UCTkm5t5_6tXjzkv2YDrLvzg,,https://www.google.com/search?q=Cooks+Pest+Control+%22VP+of+Technology%22+site%3Alinkedin.com%2Fin
846,HomeTeam Pest Defense,Pest Control / Cleaning Services,Pest Control,Dallas,TX,2000,$200M-$500M,Route optimization AI,$10K-$20K,Director of Technology,www.hometeampestdefense.com,3,Rollins subsidiary,techdev@deyogroup.com,,,(614) 050-5815; (177) 202-4307,scraped,,,[first].[last]@hometeampestdefense.com; [f][last]@hometeampestdefense.com; [first]@hometeampestdefense.com; [first][last]@hometeampestdefense.com,https://www.linkedin.com/search/results/people/?keywords=%22Director+of+Technology%22+%22HomeTeam+Pest+Defense%22,https://www.linkedin.com/company/hometeam-pest-defense,,https://twitter.com/PestDefense,https://www.facebook.com/HomeTeamPest,https://www.instagram.com/lifeathometeam/,,,https://www.google.com/search?q=HomeTeam+Pest+Defense+%22Director+of+Technology%22+site%3Alinkedin.com%2Fin
847,ABC Home & Commercial,Pest Control / Cleaning Services,Multi-Service,Austin,TX,1500,$100M-$200M,Scheduling AI,$8K-$20K,VP of Operations,www.abchomeandcommercial.com,3,Pest + lawn + AC,info@abchomeandcommercial.com,contact@abchomeandcommercial.com,(393) 955-7550,(707) 919-5831; (512) 837-9500,pattern,,,[first].[last]@abchomeandcommercial.com; [f][last]@abchomeandcommercial.com; [first]@abchomeandcommercial.com; [first][last]@abchomeandcommercial.com,https://www.linkedin.com/search/results/people/?keywords=%22VP+of+Operations%22+%22ABC+Home+%26+Commercial%22,,,,,,,,https://www.google.com/search?q=ABC+Home+%26+Commercial+%22VP+of+Operations%22+site%3Alinkedin.com%2Fin
848,Aptive Environmental,Pest Control / Cleaning Services,Pest Control,Provo,UT,5000,$200M-$500M,Customer retention AI,$10K-$25K,Chief Technology Officer,www.goaptive.com,4,Fast-growing; digital-first,info@goaptive.com,contact@goaptive.com,(477) 451-0130,(177) 236-7144; (177) 205-7854,pattern,,,[first].[last]@goaptive.com; [f][last]@goaptive.com; [first]@goaptive.com; [first][last]@goaptive.com,https://www.linkedin.com/search/results/people/?keywords=%22Chief+Technology+Officer%22+%22Aptive+Environmental%22,https://www.linkedin.com/company/aptive-environmental/,,https://x.com/Go_Aptive,https://www.facebook.com/Aptiveepestcontrol,https://www.instagram.com/aptive.pestcontrol/,,,https://www.google.com/search?q=Aptive+Environmental+%22Chief+Technology+Officer%22+site%3Alinkedin.com%2Fin
849,Massey Services,Pest Control / Cleaning Services,Pest/Lawn,Orlando,FL,2800,$200M-$500M,Route optimization AI,$10K-$20K,Director of IT,www.masseyservices.com,3,Florida leader,wecare@masseyservices.com,,(888) 262-7739,(174) 671-4129; (866) 302-7950,scraped,,,[first].[last]@masseyservices.com; [f][last]@masseyservices.com; [first]@masseyservices.com; [first][last]@masseyservices.com,https://www.linkedin.com/search/results/people/?keywords=%22Director+of+IT%22+%22Massey+Services%22,https://www.linkedin.com/company/massey-services,,https://twitter.com/masseyservices,https://www.facebook.com/masseyservices,https://www.instagram.com/masseyservices,,,https://www.google.com/search?q=Massey+Services+%22Director+of+IT%22+site%3Alinkedin.com%2Fin
850,Mosquito Squad,Pest Control / Cleaning Services,Specialty Pest,Virginia Beach,VA,1500,$50M-$100M,Scheduling AI,$5K-$15K,VP of Franchise,www.mosquitosquad.com,3,237 franchise units,info@mosquitosquad.com,contact@mosquitosquad.com,,,pattern,,,[first].[last]@mosquitosquad.com; [f][last]@mosquitosquad.com; [first]@mosquitosquad.com; [first][last]@mosquitosquad.com,https://www.linkedin.com/search/results/people/?keywords=%22VP+of+Franchise%22+%22Mosquito+Squad%22,,,https://twitter.com/mosquitosquadco,https://www.facebook.com/MosquitoSquadCorp,https://www.instagram.com/mosquitosquadco/,https://www.youtube.com/c/MosquitoSquadCo,,https://www.google.com/search?q=Mosquito+Squad+%22VP+of+Franchise%22+site%3Alinkedin.com%2Fin
851,ABC (ServiceMaster),Pest Control / Cleaning Services,Cleaning/Pest,Memphis,TN,13000,$1B+,Route optimization AI,$15K-$30K,Chief Technology Officer,www.servicemaster.com,5,ServiceMaster parent; Roark Capital,info@servicemaster.com,contact@servicemaster.com,(888) 937-3783,(714) 271-6770; (637) 176-6770,pattern,,,[first].[last]@servicemaster.com; [f][last]@servicemaster.com; [first]@servicemaster.com; [first][last]@servicemaster.com,https://www.linkedin.com/search/results/people/?keywords=%22Chief+Technology+Officer%22+%22ABC+%28ServiceMaster%29%22,https://www.linkedin.com/company/servicemaster/,,,https://www.facebook.com/ServiceMaster/,https://instagram.com/servicemasterbrands,,,https://www.google.com/search?q=ABC+%28ServiceMaster%29+%22Chief+Technology+Officer%22+site%3Alinkedin.com%2Fin
852,Jan-Pro Cleaning,Pest Control / Cleaning Services,Commercial Cleaning,Alpharetta,GA,10000,$200M-$500M,Scheduling AI,$10K-$25K,VP of Technology,www.jan-pro.com,4,10000+ franchise locations,info@jan-pro.com,contact@jan-pro.com,(557) 190-6076,(883) 172-7790; (666) 666-6667,pattern,,,[first].[last]@jan-pro.com; [f][last]@jan-pro.com; [first]@jan-pro.com; [first][last]@jan-pro.com,https://www.linkedin.com/search/results/people/?keywords=%22VP+of+Technology%22+%22Jan-Pro+Cleaning%22,,,https://twitter.com/JANPROInt,https://www.facebook.com/JANPROinternational/,https://www.instagram.com/janprointernational/,,,https://www.google.com/search?q=Jan-Pro+Cleaning+%22VP+of+Technology%22+site%3Alinkedin.com%2Fin
853,Jani-King International,Pest Control / Cleaning Services,Commercial Cleaning,Addison,TX,9000,$200M-$500M,Customer retention AI,$10K-$20K,Director of IT,www.janiking.com,4,Worlds largest commercial cleaning,info@janiking.com,contact@janiking.com,(000) 000-0030,(039) 116-7283; (771) 954-0304,pattern,,,[first].[last]@janiking.com; [f][last]@janiking.com; [first]@janiking.com; [first][last]@janiking.com,https://www.linkedin.com/search/results/people/?keywords=%22Director+of+IT%22+%22Jani-King+International%22,https://www.linkedin.com/company/janikinginternational/,,https://x.com/JaniKingClean,https://www.facebook.com/JaniKingInternational,https://www.instagram.com/janikingclean/,https://www.youtube.com/@JaniKingClean,,https://www.google.com/search?q=Jani-King+International+%22Director+of+IT%22+site%3Alinkedin.com%2Fin
854,Coverall,Pest Control / Cleaning Services,Commercial Cleaning,Deerfield Beach,FL,8000,$100M-$200M,Route optimization AI,$8K-$20K,VP of Technology,www.coverall.com,3,9000+ franchisees,info@coverall.com,contact@coverall.com,,,pattern,,,[first].[last]@coverall.com; [f][last]@coverall.com; [first]@coverall.com; [first][last]@coverall.com,https://www.linkedin.com/search/results/people/?keywords=%22VP+of+Technology%22+%22Coverall%22,,,,,,,,https://www.google.com/search?q=Coverall+%22VP+of+Technology%22+site%3Alinkedin.com%2Fin
855,Vanguard Cleaning Systems,Pest Control / Cleaning Services,Commercial Cleaning,San Mateo,CA,5000,$100M-$200M,Scheduling AI,$8K-$15K,Director of Technology,www.vanguardcleaning.com,3,3000+ franchise partners,info@vanguardcleaning.com,contact@vanguardcleaning.com,,,pattern,,,[first].[last]@vanguardcleaning.com; [f][last]@vanguardcleaning.com; [first]@vanguardcleaning.com; [first][last]@vanguardcleaning.com,https://www.linkedin.com/search/results/people/?keywords=%22Director+of+Technology%22+%22Vanguard+Cleaning+Systems%22,,,,,,,,https://www.google.com/search?q=Vanguard+Cleaning+Systems+%22Director+of+Technology%22+site%3Alinkedin.com%2Fin
856,Stratus Building Solutions,Pest Control / Cleaning Services,Green Cleaning,Los Angeles,CA,4000,$100M-$200M,Customer retention AI,$5K-$15K,VP of Operations,www.stratusclean.com,3,Green cleaning franchise,sales@stratusclean.com,,(761) 138-2532,(118) 362-9248; (888) 981-1555,scraped,,,[first].[last]@stratusclean.com; [f][last]@stratusclean.com; [first]@stratusclean.com; [first][last]@stratusclean.com,https://www.linkedin.com/search/results/people/?keywords=%22VP+of+Operations%22+%22Stratus+Building+Solutions%22,https://www.linkedin.com/company/stratus-building-solutions_2,,https://twitter.com/StratusBuildSol,https://www.facebook.com/stratusbuildingsolutionscorp,https://www.instagram.com/stratusbuildingsolutionscorp,,,https://www.google.com/search?q=Stratus+Building+Solutions+%22VP+of+Operations%22+site%3Alinkedin.com%2Fin
857,Stanley Steemer,Pest Control / Cleaning Services,Carpet/Cleaning,Dublin,OH,5000,$200M-$500M,Scheduling AI,$10K-$20K,Chief Technology Officer,www.stanleysteemer.com,4,300+ locations,info@stanleysteemer.com,contact@stanleysteemer.com,(000) 000-0017,(800) 783-2637; (800) 783-3637,pattern,,,[first].[last]@stanleysteemer.com; [f][last]@stanleysteemer.com; [first]@stanleysteemer.com; [first][last]@stanleysteemer.com,https://www.linkedin.com/search/results/people/?keywords=%22Chief+Technology+Officer%22+%22Stanley+Steemer%22,https://www.linkedin.com/company/stanley-steemer,,https://www.twitter.com/stanleysteemer,https://www.facebook.com/stanleysteemer,https://www.instagram.com/stanleysteemerofficial,,,https://www.google.com/search?q=Stanley+Steemer+%22Chief+Technology+Officer%22+site%3Alinkedin.com%2Fin
858,Merry Maids,Pest Control / Cleaning Services,Residential Cleaning,Memphis,TN,8000,$200M-$500M,Route optimization AI,$8K-$20K,VP of Technology,www.merrymaids.com,3,ServiceMaster brand,info@merrymaids.com,contact@merrymaids.com,(145) 995-5156,(220) 076-2331; (923) 766-8161,pattern,,,[first].[last]@merrymaids.com; [f][last]@merrymaids.com; [first]@merrymaids.com; [first][last]@merrymaids.com,https://www.linkedin.com/search/results/people/?keywords=%22VP+of+Technology%22+%22Merry+Maids%22,,,https://x.com/mapbox,https://www.facebook.com/MerryMaids,https://www.instagram.com/merrymaidsofficial/,,,https://www.google.com/search?q=Merry+Maids+%22VP+of+Technology%22+site%3Alinkedin.com%2Fin
859,Molly Maid,Pest Control / Cleaning Services,Residential Cleaning,Waco,TX,5000,$100M-$200M,Scheduling AI,$5K-$15K,Director of Technology,www.mollymaid.com,3,Neighborly brand,info@mollymaid.com,contact@mollymaid.com,,,pattern,,,[first].[last]@mollymaid.com; [f][last]@mollymaid.com; [first]@mollymaid.com; [first][last]@mollymaid.com,https://www.linkedin.com/search/results/people/?keywords=%22Director+of+Technology%22+%22Molly+Maid%22,,,,,,,,https://www.google.com/search?q=Molly+Maid+%22Director+of+Technology%22+site%3Alinkedin.com%2Fin
860,The Maids,Pest Control / Cleaning Services,Residential Cleaning,Omaha,NE,3000,$50M-$100M,Route optimization AI,$5K-$15K,VP of Operations,www.maids.com,2,Franchise residential cleaning,info@maids.com,contact@maids.com,,(471) 518-4695; (746) 931-6026,pattern,,,[first].[last]@maids.com; [f][last]@maids.com; [first]@maids.com; [first][last]@maids.com,https://www.linkedin.com/search/results/people/?keywords=%22VP+of+Operations%22+%22The+Maids%22,https://www.linkedin.com/company/the-maids-international/,,https://twitter.com/themaidscorp,https://www.facebook.com/TheMaidsInternational,https://www.instagram.com/themaidscorp/,https://www.youtube.com/@TheMaidsHomeServ,,https://www.google.com/search?q=The+Maids+%22VP+of+Operations%22+site%3Alinkedin.com%2Fin
861,CleanNet USA,Pest Control / Cleaning Services,Commercial Cleaning,Columbia,MD,3000,$50M-$100M,Customer retention AI,$5K-$12K,Director of IT,www.cleannetusa.com,2,Franchise commercial cleaning,info@cleannetusa.com,info@cleannetca.ca,(177) 154-0170,(176) 779-8759; (800) 735-8838,pattern,,,[first].[last]@cleannetusa.com; [f][last]@cleannetusa.com; [first]@cleannetusa.com; [first][last]@cleannetusa.com,https://www.linkedin.com/search/results/people/?keywords=%22Director+of+IT%22+%22CleanNet+USA%22,,,,,,,,https://www.google.com/search?q=CleanNet+USA+%22Director+of+IT%22+site%3Alinkedin.com%2Fin
862,Anago Cleaning Systems,Pest Control / Cleaning Services,Commercial Cleaning,Fort Lauderdale,FL,3000,$50M-$100M,Scheduling AI,$5K-$12K,VP of Technology,www.anagocleaning.com,2,Master franchise model,info@anagocleaning.com,contact@anagocleaning.com,,(732) 955-0105; (800) 213-5857,pattern,,,[first].[last]@anagocleaning.com; [f][last]@anagocleaning.com; [first]@anagocleaning.com; [first][last]@anagocleaning.com,https://www.linkedin.com/search/results/people/?keywords=%22VP+of+Technology%22+%22Anago+Cleaning+Systems%22,https://www.linkedin.com/company/anago-cleaning-systems/,,https://x.com/AnagoCleaning,https://www.facebook.com/tr,https://www.instagram.com/anagocleaning/,,,https://www.google.com/search?q=Anago+Cleaning+Systems+%22VP+of+Technology%22+site%3Alinkedin.com%2Fin
863,Office Pride,Pest Control / Cleaning Services,Commercial Cleaning,Winter Park,FL,1500,$25M-$50M,Route optimization AI,$5K-$10K,Director of Operations,www.officepride.com,2,Faith-based cleaning,info@officepride.com,contact@officepride.com,(177) 240-3378,(593) 367-0973; (753) 557-1081,pattern,,,[first].[last]@officepride.com; [f][last]@officepride.com; [first]@officepride.com; [first][last]@officepride.com,https://www.linkedin.com/search/results/people/?keywords=%22Director+of+Operations%22+%22Office+Pride%22,https://www.linkedin.com/company/office-pride-commercial-cleaning-services/,,https://twitter.com/OfficePride,https://www.facebook.com/OfficePride/,,,,https://www.google.com/search?q=Office+Pride+%22Director+of+Operations%22+site%3Alinkedin.com%2Fin
864,OpenWorks,Pest Control / Cleaning Services,Facility Services,Phoenix,AZ,3000,$50M-$100M,Scheduling AI,$5K-$15K,VP of Technology,www.openworksweb.com,3,Facility management,customerexperience@openworksweb.com,,(705) 275-9771,(754) 818-7615; (888) 679-9383,scraped,,,[first].[last]@openworksweb.com; [f][last]@openworksweb.com; [first]@openworksweb.com; [first][last]@openworksweb.com,https://www.linkedin.com/search/results/people/?keywords=%22VP+of+Technology%22+%22OpenWorks%22,https://www.linkedin.com/company/openworks/,,,https://www.facebook.com/openworksaz/,,https://www.youtube.com/channel/UCdRbp-gWtXqxp6qoZ8Dxwhw,,https://www.google.com/search?q=OpenWorks+%22VP+of+Technology%22+site%3Alinkedin.com%2Fin
865,ABM Industries,Pest Control / Cleaning Services,Facility Services,New York,NY,100000,$5B+,Building automation AI,$30K-$50K,Chief Technology Officer,www.abm.com,5,NYSE listed; facility services,paymentinquiry@abm.com,myhr@abm.com; benefits@abm.com; payroll@abm.com,(416) 666-6666,(812) 695-1092; (208) 116-5452,scraped,,,[first].[last]@abm.com; [f][last]@abm.com; [first]@abm.com; [first][last]@abm.com,https://www.linkedin.com/search/results/people/?keywords=%22Chief+Technology+Officer%22+%22ABM+Industries%22,https://www.linkedin.com/company/162238,,https://x.com/ABM_Industries,https://www.facebook.com/ABMIndustries,,,,https://www.google.com/search?q=ABM+Industries+%22Chief+Technology+Officer%22+site%3Alinkedin.com%2Fin
866,ISS A/S (US),Pest Control / Cleaning Services,Facility Services,New York,NY,40000,$5B+,Workforce scheduling AI,$25K-$50K,CTO,www.us.issworld.com,5,Global facility services,billing@us.issworld.com,procurement.helpdesk@us.issworld.com; isspcservicedesk-70103@happyfox.com; marketing@guckeheimer.com,(771) 964-6454,(236) 669-0613; (750) 144-5606,scraped,,,[first].[last]@us.issworld.com; [f][last]@us.issworld.com; [first]@us.issworld.com; [first][last]@us.issworld.com,https://www.linkedin.com/search/results/people/?keywords=%22CTO%22+%22ISS+A%2FS+%28US%29%22,,,,,,,,https://www.google.com/search?q=ISS+A%2FS+%28US%29+%22CTO%22+site%3Alinkedin.com%2Fin
867,Cintas,Pest Control / Cleaning Services,Facility/Uniforms,Cincinnati,OH,44000,$5B+,Route optimization AI,$25K-$50K,Chief Technology Officer,www.cintas.com,5,NYSE listed; uniforms + facilities,info@cintas.com,contact@cintas.com,(311) 521-8759,(639) 075-4115; (769) 101-5640,pattern,,,[first].[last]@cintas.com; [f][last]@cintas.com; [first]@cintas.com; [first][last]@cintas.com,https://www.linkedin.com/search/results/people/?keywords=%22Chief+Technology+Officer%22+%22Cintas%22,http://linkedin.com/company/cintas,,https://x.com/CintasCorp,https://www.facebook.com/Cintas/,https://www.instagram.com/cintas_corp/,,,https://www.google.com/search?q=Cintas+%22Chief+Technology+Officer%22+site%3Alinkedin.com%2Fin
868,UniFirst,Pest Control / Cleaning Services,Uniforms/Cleaning,Wilmington,MA,14000,$1B+,Scheduling AI,$10K-$25K,VP of Technology,www.unifirst.com,4,NYSE listed; uniform services,info@unifirst.com,contact@unifirst.com,(333) 333-3333,(666) 666-6667; (408) 935-7148,pattern,,,[first].[last]@unifirst.com; [f][last]@unifirst.com; [first]@unifirst.com; [first][last]@unifirst.com,https://www.linkedin.com/search/results/people/?keywords=%22VP+of+Technology%22+%22UniFirst%22,http://www.linkedin.com/company/unifirst-corporation,,https://twitter.com/UniFirst_Corp,https://www.facebook.com/UniFirstCorp,https://www.instagram.com/unifirstcorporation/,https://www.youtube.com/c/unifirst,,https://www.google.com/search?q=UniFirst+%22VP+of+Technology%22+site%3Alinkedin.com%2Fin
869,Critter Control,Pest Control / Cleaning Services,Wildlife Control,Traverse City,MI,1000,$25M-$50M,Scheduling AI,$5K-$12K,Director of IT,www.crittercontrol.com,2,100+ locations,info@crittercontrol.com,,(666) 666-6667,(725) 866-9234; (725) 866-7344,pattern,,,[first].[last]@crittercontrol.com; [f][last]@crittercontrol.com; [first]@crittercontrol.com; [first][last]@crittercontrol.com,https://www.linkedin.com/search/results/people/?keywords=%22Director+of+IT%22+%22Critter+Control%22,https://www.linkedin.com/company/critter-control/,,https://x.com/crittercontrol,https://www.facebook.com/CritterControl/,https://www.instagram.com/crittercontrolofficial/,https://www.youtube.com/@crittercontrol,,https://www.google.com/search?q=Critter+Control+%22Director+of+IT%22+site%3Alinkedin.com%2Fin
870,Pestmaster Services,Pest Control / Cleaning Services,Pest Control,Bishop,CA,200,$10M-$25M,Route optimization AI,$5K-$10K,Director of Operations,www.pestmaster.com,2,Government + commercial pest,info@pestmaster.com,contact@pestmaster.com,(769) 101-5640,(885) 108-1709; (555) 555-5555,pattern,,,[first].[last]@pestmaster.com; [f][last]@pestmaster.com; [first]@pestmaster.com; [first][last]@pestmaster.com,https://www.linkedin.com/search/results/people/?keywords=%22Director+of+Operations%22+%22Pestmaster+Services%22,https://www.linkedin.com/company/pestmaster-franchise/,,,https://www.facebook.com/PestmasterServices/,,,,https://www.google.com/search?q=Pestmaster+Services+%22Director+of+Operations%22+site%3Alinkedin.com%2Fin
871,Anticimex (US),Pest Control / Cleaning Services,Smart Pest,Philadelphia,PA,500,$50M-$100M,IoT pest monitoring AI,$8K-$20K,VP of Technology,www.anticimex.com,3,Swedish parent; smart pest tech,info@anticimex.com,contact@anticimex.com,(160) 490-2662,(799) 815-6831; (192) 428-4376,pattern,,,[first].[last]@anticimex.com; [f][last]@anticimex.com; [first]@anticimex.com; [first][last]@anticimex.com,https://www.linkedin.com/search/results/people/?keywords=%22VP+of+Technology%22+%22Anticimex+%28US%29%22,https://www.linkedin.com/company/anticimex-group,,https://x.com/js/,,,,,https://www.google.com/search?q=Anticimex+%28US%29+%22VP+of+Technology%22+site%3Alinkedin.com%2Fin
872,Mosquito Joe,Pest Control / Cleaning Services,Specialty Pest,Virginia Beach,VA,1500,$25M-$50M,Route optimization AI,$5K-$12K,Director of Franchise,www.mosquitojoe.com,2,Neighborly brand,info@mosquitojoe.com,contact@mosquitojoe.com,(855) 275-2563,,pattern,,,[first].[last]@mosquitojoe.com; [f][last]@mosquitojoe.com; [first]@mosquitojoe.com; [first][last]@mosquitojoe.com,https://www.linkedin.com/search/results/people/?keywords=%22Director+of+Franchise%22+%22Mosquito+Joe%22,,,,,,,,https://www.google.com/search?q=Mosquito+Joe+%22Director+of+Franchise%22+site%3Alinkedin.com%2Fin
873,Servpro,Pest Control / Cleaning Services,Restoration/Cleaning,Gallatin,TN,12000,$500M-$1B,Dispatch AI,$10K-$25K,Chief Technology Officer,www.servpro.com,4,2000+ franchise locations,info@servpro.com,contact@servpro.com,(158) 825-4667,(502) 071-4485; (800) 737-8776,pattern,,,[first].[last]@servpro.com; [f][last]@servpro.com; [first]@servpro.com; [first][last]@servpro.com,https://www.linkedin.com/search/results/people/?keywords=%22Chief+Technology+Officer%22+%22Servpro%22,https://www.linkedin.com/company/servpro-industries/,,https://twitter.com/servpro,https://www.facebook.com/SERVPRO,,,,https://www.google.com/search?q=Servpro+%22Chief+Technology+Officer%22+site%3Alinkedin.com%2Fin
874,PuroClean,Pest Control / Cleaning Services,Restoration/Cleaning,Tamarac,FL,3000,$100M-$200M,Scheduling AI,$5K-$15K,VP of Technology,www.puroclean.com,3,Paramedics of property damage,apericchi@puroclean.com,,(176) 911-3308,(800) 775-7876; (800) 775-7876,scraped,,,[first].[last]@puroclean.com; [f][last]@puroclean.com; [first]@puroclean.com; [first][last]@puroclean.com,https://www.linkedin.com/search/results/people/?keywords=%22VP+of+Technology%22+%22PuroClean%22,https://www.linkedin.com/company/puroclean,https://www.linkedin.com/in/mark-davis-82110257/; https://www.linkedin.com/in/rob-drexler-30ba836/; https://www.linkedin.com/in/duane-marker/,,https://www.facebook.com/PuroClean,https://www.instagram.com/puroclean,https://www.youtube.com/@Puroclean,,https://www.google.com/search?q=PuroClean+%22VP+of+Technology%22+site%3Alinkedin.com%2Fin
875,Restoration 1,Pest Control / Cleaning Services,Restoration,Waco,TX,2000,$50M-$100M,Dispatch AI,$5K-$12K,Director of Technology,www.restoration1.com,2,Franchise restoration,info@restoration1.com,contact@restoration1.com,(105) 344-4654,(225) 646-9871; (903) 216-0238,pattern,,,[first].[last]@restoration1.com; [f][last]@restoration1.com; [first]@restoration1.com; [first][last]@restoration1.com,https://www.linkedin.com/search/results/people/?keywords=%22Director+of+Technology%22+%22Restoration+1%22,https://www.linkedin.com/company/restoration-1-headquarters,,,https://www.facebook.com/Restoration1Headquarters/,,,,https://www.google.com/search?q=Restoration+1+%22Director+of+Technology%22+site%3Alinkedin.com%2Fin
876,Presto-X (Rentokil),Pest Control / Cleaning Services,Pest Control,Omaha,NE,500,$50M-$100M,Route optimization AI,$5K-$15K,VP of Operations,www.prestox.com,3,Rentokil subsidiary; Midwest,info@prestox.com,contact@prestox.com,(800) 759-1942,(214) 905-9019; (093) 567-2514,pattern,,,[first].[last]@prestox.com; [f][last]@prestox.com; [first]@prestox.com; [first][last]@prestox.com,https://www.linkedin.com/search/results/people/?keywords=%22VP+of+Operations%22+%22Presto-X+%28Rentokil%29%22,https://www.linkedin.com/company/presto-x/,,,https://www.facebook.com/prestoxpestcontrol,,,,https://www.google.com/search?q=Presto-X+%28Rentokil%29+%22VP+of+Operations%22+site%3Alinkedin.com%2Fin
877,Bulwark Exterminating,Pest Control / Cleaning Services,Pest Control,Mesa,AZ,300,$10M-$25M,Customer retention AI,$5K-$10K,Director of IT,www.bulwarkpestcontrol.com,2,Southwest pest control,info@bulwarkpestcontrol.com,contact@bulwarkpestcontrol.com,(038) 461-5385,(730) 769-2308; (230) 461-5384,pattern,,,[first].[last]@bulwarkpestcontrol.com; [f][last]@bulwarkpestcontrol.com; [first]@bulwarkpestcontrol.com; [first][last]@bulwarkpestcontrol.com,https://www.linkedin.com/search/results/people/?keywords=%22Director+of+IT%22+%22Bulwark+Exterminating%22,,,https://twitter.com/Bulwark_Ext,https://www.facebook.com/bulwarkexterminating,https://www.instagram.com/bulwarkexterminating/,https://www.youtube.com/c/Bulwarkpestcontrol,,https://www.google.com/search?q=Bulwark+Exterminating+%22Director+of+IT%22+site%3Alinkedin.com%2Fin
878,Hulett Environmental,Pest Control / Cleaning Services,Pest Control,West Palm Beach,FL,800,$50M-$100M,Route optimization AI,$5K-$15K,VP of Technology,www.hulett.com,3,Florida pest leader,info@hulett.com,contact@hulett.com,,,pattern,,,[first].[last]@hulett.com; [f][last]@hulett.com; [first]@hulett.com; [first][last]@hulett.com,https://www.linkedin.com/search/results/people/?keywords=%22VP+of+Technology%22+%22Hulett+Environmental%22,,,,,,,,https://www.google.com/search?q=Hulett+Environmental+%22VP+of+Technology%22+site%3Alinkedin.com%2Fin
879,Turner Pest Control,Pest Control / Cleaning Services,Pest Control,Jacksonville,FL,400,$25M-$50M,Scheduling AI,$5K-$12K,Director of Operations,www.turnerpest.com,2,Jacksonville area leader,info@turnerpest.com,contact@turnerpest.com,(535) 437-5932,(800) 225-5305; (171) 524-4442,pattern,,,[first].[last]@turnerpest.com; [f][last]@turnerpest.com; [first]@turnerpest.com; [first][last]@turnerpest.com,https://www.linkedin.com/search/results/people/?keywords=%22Director+of+Operations%22+%22Turner+Pest+Control%22,https://www.linkedin.com/company/turner-pest-control/,,,https://www.facebook.com/tr,https://www.instagram.com/turner.pest.control/,https://www.youtube.com/@TurnerPestControl,,https://www.google.com/search?q=Turner+Pest+Control+%22Director+of+Operations%22+site%3Alinkedin.com%2Fin
880,Modern Pest Services,Pest Control / Cleaning Services,Pest Control,Brunswick,ME,200,$10M-$25M,Route optimization AI,$5K-$10K,VP of Operations,www.modernpest.com,2,New England pest control,info@modernpest.com,,,(020) 543-0440; (728) 389-9407,pattern,,,[first].[last]@modernpest.com; [f][last]@modernpest.com; [first]@modernpest.com; [first][last]@modernpest.com,https://www.linkedin.com/search/results/people/?keywords=%22VP+of+Operations%22+%22Modern+Pest+Services%22,https://www.linkedin.com/company/modern-pest-services,,https://x.com/modernpest100,https://www.facebook.com/ModernPestServices/,https://www.instagram.com/modernpestservices/,https://www.youtube.com/@ModernPestServices,,https://www.google.com/search?q=Modern+Pest+Services+%22VP+of+Operations%22+site%3Alinkedin.com%2Fin
881,Quad (Quad/Graphics),Printing / Signage / Packaging,Commercial Printing,Sussex,WI,13000,$1B+,Order processing AI,$15K-$30K,Chief Technology Officer,www.quad.com,5,NYSE listed; largest US printer,ir@quad.com,pr@quad.com; myquad@quad.com; existingcustomer@quad.com,(208) 797-1650,(000) 000-0032; (144) 082-4369,scraped,,,[first].[last]@quad.com; [f][last]@quad.com; [first]@quad.com; [first][last]@quad.com,https://www.linkedin.com/search/results/people/?keywords=%22Chief+Technology+Officer%22+%22Quad+%28Quad%2FGraphics%29%22,https://www.linkedin.com/company/quadgraphics/,,,https://www.facebook.com/people/,https://www.instagram.com/builtonquad/,https://www.youtube.com/@quadgraphics,,https://www.google.com/search?q=Quad+%28Quad%2FGraphics%29+%22Chief+Technology+Officer%22+site%3Alinkedin.com%2Fin
882,RR Donnelley,Printing / Signage / Packaging,Commercial Printing,Chicago,IL,20000,$1B+,Estimating AI,$15K-$30K,CTO,www.rrd.com,5,NYSE listed; global print,info@rrd.com,contact@rrd.com,(354) 253-4375,(800) 782-4892,pattern,,,[first].[last]@rrd.com; [f][last]@rrd.com; [first]@rrd.com; [first][last]@rrd.com,https://www.linkedin.com/search/results/people/?keywords=%22CTO%22+%22RR+Donnelley%22,https://www.linkedin.com/company/rr-donnelley,,https://twitter.com/rrdonnelley,,,,,https://www.google.com/search?q=RR+Donnelley+%22CTO%22+site%3Alinkedin.com%2Fin
883,Taylor Corporation,Printing / Signage / Packaging,Diversified Print,North Mankato,MN,10000,$1B+,Order processing AI,$10K-$25K,VP of Technology,www.taylor.com,4,Custom packaging + print,communications@taylor.com,,(149) 240-5650,(772) 232-6122; (681) 091-4090,scraped,,,[first].[last]@taylor.com; [f][last]@taylor.com; [first]@taylor.com; [first][last]@taylor.com,https://www.linkedin.com/search/results/people/?keywords=%22VP+of+Technology%22+%22Taylor+Corporation%22,https://www.linkedin.com/company/taylorcorporation/,,https://twitter.com/TaylorCorp,https://www.facebook.com/TaylorCorporation,https://www.instagram.com/taylorcorporation,https://www.youtube.com/@TaylorCorporation,,https://www.google.com/search?q=Taylor+Corporation+%22VP+of+Technology%22+site%3Alinkedin.com%2Fin
884,Cimpress (Vistaprint),Printing / Signage / Packaging,Online Printing,Waltham,MA,12000,$1B+,Quality control AI,$15K-$30K,Chief Technology Officer,www.cimpress.com,5,NASDAQ listed; mass customization,info@cimpress.com,contact@cimpress.com,(333) 333-3333,(666) 666-6666; (666) 666-6666,pattern,,,[first].[last]@cimpress.com; [f][last]@cimpress.com; [first]@cimpress.com; [first][last]@cimpress.com,https://www.linkedin.com/search/results/people/?keywords=%22Chief+Technology+Officer%22+%22Cimpress+%28Vistaprint%29%22,https://www.linkedin.com/company/cimpress/,,https://x.com/cimpress,,,,,https://www.google.com/search?q=Cimpress+%28Vistaprint%29+%22Chief+Technology+Officer%22+site%3Alinkedin.com%2Fin
885,International Paper,Printing / Signage / Packaging,Packaging,Memphis,TN,39000,$10B+,Quality control AI,$30K-$50K,CTO,www.internationalpaper.com,5,NYSE listed; largest packaging co,info@internationalpaper.com,contact@internationalpaper.com,(800) 000-0000,(229) 550-3353,pattern,,,[first].[last]@internationalpaper.com; [f][last]@internationalpaper.com; [first]@internationalpaper.com; [first][last]@internationalpaper.com,https://www.linkedin.com/search/results/people/?keywords=%22CTO%22+%22International+Paper%22,https://www.linkedin.com/company/international-paper,,https://twitter.com/IntlPaperCo,https://www.facebook.com/InternationalPaper,https://www.instagram.com/internationalpaper,,,https://www.google.com/search?q=International+Paper+%22CTO%22+site%3Alinkedin.com%2Fin
886,Packaging Corp of America,Printing / Signage / Packaging,Corrugated Packaging,Lake Forest,IL,15000,$5B+,Estimating AI,$20K-$40K,VP of Innovation,www.packagingcorp.com,5,NYSE listed; since 1867,info@packagingcorp.com,contact@packagingcorp.com,(333) 333-3333,(666) 666-6667; (428) 571-4286,pattern,,,[first].[last]@packagingcorp.com; [f][last]@packagingcorp.com; [first]@packagingcorp.com; [first][last]@packagingcorp.com,https://www.linkedin.com/search/results/people/?keywords=%22VP+of+Innovation%22+%22Packaging+Corp+of+America%22,https://www.linkedin.com/company/pca/,,https://x.com/packagingcorp,,https://www.instagram.com/packagingcorp/,https://www.youtube.com/@packagingcorporationofamerica,,https://www.google.com/search?q=Packaging+Corp+of+America+%22VP+of+Innovation%22+site%3Alinkedin.com%2Fin
887,Graphic Packaging,Printing / Signage / Packaging,Consumer Packaging,Atlanta,GA,24000,$5B+,Quality control AI,$20K-$40K,Chief Technology Officer,www.graphicpkg.com,5,Fortune 500,info@graphicpkg.com,contact@graphicpkg.com,,,pattern,,,[first].[last]@graphicpkg.com; [f][last]@graphicpkg.com; [first]@graphicpkg.com; [first][last]@graphicpkg.com,https://www.linkedin.com/search/results/people/?keywords=%22Chief+Technology+Officer%22+%22Graphic+Packaging%22,,,,,,,,https://www.google.com/search?q=Graphic+Packaging+%22Chief+Technology+Officer%22+site%3Alinkedin.com%2Fin
888,Sealed Air,Printing / Signage / Packaging,Protective Packaging,Charlotte,NC,17000,$5B+,Supply chain AI,$20K-$40K,CTO,www.sealedair.com,5,BUBBLE WRAP maker; NYSE,info@sealedair.com,contact@sealedair.com,,,pattern,,,[first].[last]@sealedair.com; [f][last]@sealedair.com; [first]@sealedair.com; [first][last]@sealedair.com,https://www.linkedin.com/search/results/people/?keywords=%22CTO%22+%22Sealed+Air%22,,,,,,,,https://www.google.com/search?q=Sealed+Air+%22CTO%22+site%3Alinkedin.com%2Fin
889,Avery Dennison,Printing / Signage / Packaging,Labels/Packaging,Mentor,OH,36000,$5B+,Quality control AI,$25K-$50K,VP of Digital,www.averydennison.com,5,Fortune 500; labels leader,info@averydennison.com,contact@averydennison.com,(438) 426-6309,(512) 289-4830; (202) 806-3132,pattern,,,[first].[last]@averydennison.com; [f][last]@averydennison.com; [first]@averydennison.com; [first][last]@averydennison.com,https://www.linkedin.com/search/results/people/?keywords=%22VP+of+Digital%22+%22Avery+Dennison%22,https://www.linkedin.com/company/avery-dennison/,,https://twitter.com/uwt,https://www.facebook.com/tr,https://www.instagram.com/averydennison/,,,https://www.google.com/search?q=Avery+Dennison+%22VP+of+Digital%22+site%3Alinkedin.com%2Fin
890,Oliver Inc,Printing / Signage / Packaging,Printing/Packaging,Twinsburg,OH,500,$50M-$100M,Order processing AI,$8K-$20K,VP of Technology,www.oliverinc.com,3,250+ years combined experience,info@oliverinc.com,,(175) 247-2336,(100) 321-0713; (177) 023-7062,pattern,,,[first].[last]@oliverinc.com; [f][last]@oliverinc.com; [first]@oliverinc.com; [first][last]@oliverinc.com,https://www.linkedin.com/search/results/people/?keywords=%22VP+of+Technology%22+%22Oliver+Inc%22,https://www.linkedin.com/company/oliver-inc-packaging/,,,https://www.facebook.com/realoliverinc/,https://www.instagram.com/oliverinc_/,,,https://www.google.com/search?q=Oliver+Inc+%22VP+of+Technology%22+site%3Alinkedin.com%2Fin
891,Global Printing,Printing / Signage / Packaging,Consumer Packaging,Kowloon,HK,500,$50M-$100M,Quality control AI,$8K-$15K,Director of Operations,www.gprinting.com,3,International print solutions,info@gprinting.com,,(800) 610-1089,(490) 483-1874; (743) 048-3049,pattern,,,[first].[last]@gprinting.com; [f][last]@gprinting.com; [first]@gprinting.com; [first][last]@gprinting.com,https://www.linkedin.com/search/results/people/?keywords=%22Director+of+Operations%22+%22Global+Printing%22,,,,,,,,https://www.google.com/search?q=Global+Printing+%22Director+of+Operations%22+site%3Alinkedin.com%2Fin
892,Minuteman Press,Printing / Signage / Packaging,Franchise Print,Farmingdale,NY,5000,$200M-$500M,Estimating AI,$8K-$20K,VP of Franchise,www.minutemanpress.com,4,900+ franchise locations,info@minutemanpress.com,contact@minutemanpress.com,,,pattern,,,[first].[last]@minutemanpress.com; [f][last]@minutemanpress.com; [first]@minutemanpress.com; [first][last]@minutemanpress.com,https://www.linkedin.com/search/results/people/?keywords=%22VP+of+Franchise%22+%22Minuteman+Press%22,https://linkedin.com/company/minuteman-press,,https://twitter.com/minutemanintl,https://www.facebook.com/MinutemanPressFranchise,,,,https://www.google.com/search?q=Minuteman+Press+%22VP+of+Franchise%22+site%3Alinkedin.com%2Fin
893,AlphaGraphics,Printing / Signage / Packaging,Franchise Print,Salt Lake City,UT,2000,$100M-$200M,Order processing AI,$5K-$15K,Director of Technology,www.alphagraphics.com,3,250+ franchise locations,agsupport@alphagraphics.com,,(638) 938-2440,(637) 606-7382; (638) 126-1779,scraped,,,[first].[last]@alphagraphics.com; [f][last]@alphagraphics.com; [first]@alphagraphics.com; [first][last]@alphagraphics.com,https://www.linkedin.com/search/results/people/?keywords=%22Director+of+Technology%22+%22AlphaGraphics%22,https://www.linkedin.com/company/alphagraphics,,https://x.com/alphagraphics,https://www.facebook.com/AlphaGraphics/,,,,https://www.google.com/search?q=AlphaGraphics+%22Director+of+Technology%22+site%3Alinkedin.com%2Fin
894,Sir Speedy,Printing / Signage / Packaging,Franchise Print,Mission Viejo,CA,1500,$50M-$100M,Estimating AI,$5K-$12K,VP of Operations,www.sirspeedy.com,2,Franchise Solutions brand,info@sirspeedy.com,contact@sirspeedy.com,(326) 523-4639,(105) 206-1054; (079) 314-5617,pattern,,,[first].[last]@sirspeedy.com; [f][last]@sirspeedy.com; [first]@sirspeedy.com; [first][last]@sirspeedy.com,https://www.linkedin.com/search/results/people/?keywords=%22VP+of+Operations%22+%22Sir+Speedy%22,https://www.linkedin.com/company/sir-speedy/,,https://twitter.com/sirspeedycorp,https://www.facebook.com/SirSpeedyCorporate,,,,https://www.google.com/search?q=Sir+Speedy+%22VP+of+Operations%22+site%3Alinkedin.com%2Fin
895,FASTSIGNS International,Printing / Signage / Packaging,Signage,Carrollton,TX,5000,$200M-$500M,Order processing AI,$8K-$20K,Chief Technology Officer,www.fastsigns.com,4,770+ franchise locations,mark.jameson@fastsigns.comor,media.relations@fastsigns.com,(220) 221-1709,(230) 707-1425; (260) 227-1303,scraped,,,[first].[last]@fastsigns.com; [f][last]@fastsigns.com; [first]@fastsigns.com; [first][last]@fastsigns.com,https://www.linkedin.com/search/results/people/?keywords=%22Chief+Technology+Officer%22+%22FASTSIGNS+International%22,https://www.linkedin.com/company/fastsigns,,https://twitter.com/fastsigns,https://www.facebook.com/FASTSIGNS,https://www.instagram.com/fastsigns/,,,https://www.google.com/search?q=FASTSIGNS+International+%22Chief+Technology+Officer%22+site%3Alinkedin.com%2Fin
896,Signs Now,Printing / Signage / Packaging,Signage,Daytona Beach,FL,1000,$25M-$50M,Estimating AI,$5K-$12K,Director of IT,www.signsnow.com,2,Franchise signage,info@signsnow.com,,(844) 947-4467,(062) 286-6858,pattern,,,[first].[last]@signsnow.com; [f][last]@signsnow.com; [first]@signsnow.com; [first][last]@signsnow.com,https://www.linkedin.com/search/results/people/?keywords=%22Director+of+IT%22+%22Signs+Now%22,https://www.linkedin.com/company/signs-now/,,,https://www.facebook.com/Signs-Now-106228668583849,https://www.instagram.com/signsnowhq/,,,https://www.google.com/search?q=Signs+Now+%22Director+of+IT%22+site%3Alinkedin.com%2Fin
897,YESCO,Printing / Signage / Packaging,Signage/Lighting,Salt Lake City,UT,1500,$100M-$200M,Quality control AI,$8K-$15K,VP of Technology,www.yesco.com,3,Sign manufacturing + service,info@yesco.com,contact@yesco.com,,(172) 902-1656; (730) 757-8813,pattern,,,[first].[last]@yesco.com; [f][last]@yesco.com; [first]@yesco.com; [first][last]@yesco.com,https://www.linkedin.com/search/results/people/?keywords=%22VP+of+Technology%22+%22YESCO%22,https://www.linkedin.com/company/yesco/,,https://twitter.com/yesco_signs/,https://www.facebook.com/yescosigns/,https://www.instagram.com/yescosigns/,,,https://www.google.com/search?q=YESCO+%22VP+of+Technology%22+site%3Alinkedin.com%2Fin
898,SpeedPro Imaging,Printing / Signage / Packaging,Large Format Print,Denver,CO,800,$25M-$50M,Order processing AI,$5K-$12K,Director of Franchise,www.speedpro.com,2,Large format franchise,info@speedpro.com,contact@speedpro.com,(317) 272-9102,(666) 666-6667; (782) 621-6654,pattern,,,[first].[last]@speedpro.com; [f][last]@speedpro.com; [first]@speedpro.com; [first][last]@speedpro.com,https://www.linkedin.com/search/results/people/?keywords=%22Director+of+Franchise%22+%22SpeedPro+Imaging%22,https://www.linkedin.com/company/speedpro-corporate/,,https://x.com/SpeedPro_HQ,https://www.facebook.com/SpeedProOfficial/,https://www.instagram.com/speedpro_official/,https://www.youtube.com/channel/UC7njenMKZ2QZxsNZmNH9rvA,,https://www.google.com/search?q=SpeedPro+Imaging+%22Director+of+Franchise%22+site%3Alinkedin.com%2Fin
899,Signarama,Printing / Signage / Packaging,Signage,West Palm Beach,FL,3000,$100M-$200M,Estimating AI,$5K-$15K,VP of Technology,www.signarama.com,3,800+ franchise locations,info@signarama.com,contact@signarama.com,(241) 717-6891,,pattern,,,[first].[last]@signarama.com; [f][last]@signarama.com; [first]@signarama.com; [first][last]@signarama.com,https://www.linkedin.com/search/results/people/?keywords=%22VP+of+Technology%22+%22Signarama%22,,,,,,,,https://www.google.com/search?q=Signarama+%22VP+of+Technology%22+site%3Alinkedin.com%2Fin
900,Multi-Color Corporation,Printing / Signage / Packaging,Labels,Batavia,OH,6000,$1B+,Quality control AI,$10K-$25K,CTO,www.mcclabel.com,4,Now part of Clarios,recruiting@mcclabel.com,,(237) 769-6100,(613) 263-0093; (483) 881-2056,scraped,,,[first].[last]@mcclabel.com; [f][last]@mcclabel.com; [first]@mcclabel.com; [first][last]@mcclabel.com,https://www.linkedin.com/search/results/people/?keywords=%22CTO%22+%22Multi-Color+Corporation%22,https://www.linkedin.com/company/mcclabel/,,,,,,,https://www.google.com/search?q=Multi-Color+Corporation+%22CTO%22+site%3Alinkedin.com%2Fin
901,SiO2 Materials Science,Printing / Signage / Packaging,Packaging Tech,Auburn,AL,300,$50M-$100M,Quality control AI,$8K-$15K,VP of Technology,www.sio2ms.com,3,High-tech packaging,munir.panah@sio2med.com,,(177) 240-3950,(139) 691-9469; (169) 763-5293,scraped,,,[first].[last]@sio2ms.com; [f][last]@sio2ms.com; [first]@sio2ms.com; [first][last]@sio2ms.com,https://www.linkedin.com/search/results/people/?keywords=%22VP+of+Technology%22+%22SiO2+Materials+Science%22,,,,,,,,https://www.google.com/search?q=SiO2+Materials+Science+%22VP+of+Technology%22+site%3Alinkedin.com%2Fin
902,Berlin Packaging,Printing / Signage / Packaging,Packaging Distributor,Chicago,IL,2000,$1B+,Order processing AI,$10K-$25K,Chief Technology Officer,www.berlinpackaging.com,4,Packaging supply chain,info@berlinpackaging.com,contact@berlinpackaging.com,,,pattern,,,[first].[last]@berlinpackaging.com; [f][last]@berlinpackaging.com; [first]@berlinpackaging.com; [first][last]@berlinpackaging.com,https://www.linkedin.com/search/results/people/?keywords=%22Chief+Technology+Officer%22+%22Berlin+Packaging%22,,,,,,,,https://www.google.com/search?q=Berlin+Packaging+%22Chief+Technology+Officer%22+site%3Alinkedin.com%2Fin
903,TricorBraun,Printing / Signage / Packaging,Packaging Solutions,St. Louis,MO,1500,$500M-$1B,Estimating AI,$8K-$20K,VP of Technology,www.tricorbraun.com,3,Rigid packaging distributor,info@tricorbraun.com,contact@tricorbraun.com,(177) 206-8485,(112) 000-7997; (100) 051-8981,pattern,,,[first].[last]@tricorbraun.com; [f][last]@tricorbraun.com; [first]@tricorbraun.com; [first][last]@tricorbraun.com,https://www.linkedin.com/search/results/people/?keywords=%22VP+of+Technology%22+%22TricorBraun%22,https://www.linkedin.com/company/tricorbraun/,,https://x.com/stock,https://www.facebook.com/tr,https://www.instagram.com/tricorbraun/,https://www.youtube.com/c/TricorBraunMarketing,,https://www.google.com/search?q=TricorBraun+%22VP+of+Technology%22+site%3Alinkedin.com%2Fin
904,Sonoco Products,Printing / Signage / Packaging,Industrial Packaging,Hartsville,SC,22000,$5B+,Quality control AI,$20K-$40K,CTO,www.sonoco.com,5,NYSE listed; diversified packaging,roger.schrum@sonoco.com,,(113) 463-5044,(126) 360-1336; (140) 689-3337,scraped,,,[first].[last]@sonoco.com; [f][last]@sonoco.com; [first]@sonoco.com; [first][last]@sonoco.com,https://www.linkedin.com/search/results/people/?keywords=%22CTO%22+%22Sonoco+Products%22,https://www.linkedin.com/company/sonoco-products-company/,https://www.linkedin.com/in/andrea-white-27b84215/; https://www.linkedin.com/in/james-harrell-087047255/; https://www.linkedin.com/in/shawn-munday-29b5656/,,https://www.facebook.com/sonoco.products/,http://instagram.com/sonocoproducts/,,,https://www.google.com/search?q=Sonoco+Products+%22CTO%22+site%3Alinkedin.com%2Fin
905,Pactiv Evergreen,Printing / Signage / Packaging,Food Packaging,Lake Forest,IL,14000,$5B+,Supply chain AI,$20K-$40K,Chief Technology Officer,www.pactivevergreen.com,4,NASDAQ; foodservice packaging,info@pactivevergreen.com,contact@pactivevergreen.com,,,pattern,,,[first].[last]@pactivevergreen.com; [f][last]@pactivevergreen.com; [first]@pactivevergreen.com; [first][last]@pactivevergreen.com,https://www.linkedin.com/search/results/people/?keywords=%22Chief+Technology+Officer%22+%22Pactiv+Evergreen%22,https://www.linkedin.com/company/novolex/,,https://x.com/terms,https://www.facebook.com/Novolex/,,,,https://www.google.com/search?q=Pactiv+Evergreen+%22Chief+Technology+Officer%22+site%3Alinkedin.com%2Fin
906,Berry Global,Printing / Signage / Packaging,Plastic Packaging,Evansville,IN,46000,$10B+,Quality control AI,$25K-$50K,CTO,www.berryglobal.com,5,NYSE listed; $14B revenue,amcor.digital@amcor.com,celeste.abarentos@amcor.com; agi.marx@amcor.com,(980) 646-7865,(772) 403-4198; (287) 025-9000,scraped,,,[first].[last]@berryglobal.com; [f][last]@berryglobal.com; [first]@berryglobal.com; [first][last]@berryglobal.com,https://www.linkedin.com/search/results/people/?keywords=%22CTO%22+%22Berry+Global%22,https://www.linkedin.com/company/amcor,https://www.linkedin.com/in/geoffroy-gruson-48b7047/; https://www.linkedin.com/in/geoffrey-gendebien-b871744/,https://twitter.com/AmcorPackaging,https://www.facebook.com/amcorlimited/,https://www.instagram.com/amcor_official,,,https://www.google.com/search?q=Berry+Global+%22CTO%22+site%3Alinkedin.com%2Fin
907,Westrock,Printing / Signage / Packaging,Corrugated/Consumer,Atlanta,GA,44000,$10B+,Estimating AI,$25K-$50K,VP of Innovation,www.westrock.com,5,NYSE listed; now Smurfit Westrock,info@westrock.com,contact@westrock.com,(042) 681-1004,(573) 117-5161; (770) 448-2193,pattern,,,[first].[last]@westrock.com; [f][last]@westrock.com; [first]@westrock.com; [first][last]@westrock.com,https://www.linkedin.com/search/results/people/?keywords=%22VP+of+Innovation%22+%22Westrock%22,https://www.linkedin.com/company/westrockcompany,,https://twitter.com/westrock,https://www.facebook.com/westrockco/,https://www.instagram.com/westrockcompany/,https://www.youtube.com/c/WestRockCompany,,https://www.google.com/search?q=Westrock+%22VP+of+Innovation%22+site%3Alinkedin.com%2Fin
908,GPA (Graphic Packaging Alternative),Printing / Signage / Packaging,Specialty Print,Clearwater,FL,200,$25M-$50M,Order processing AI,$5K-$12K,Director of Operations,www.askgpa.com,2,Specialty print distributor,info@askgpa.com,contact@askgpa.com,,,pattern,,,[first].[last]@askgpa.com; [f][last]@askgpa.com; [first]@askgpa.com; [first][last]@askgpa.com,https://www.linkedin.com/search/results/people/?keywords=%22Director+of+Operations%22+%22GPA+%28Graphic+Packaging+Alternative%29%22,,,,,,,,https://www.google.com/search?q=GPA+%28Graphic+Packaging+Alternative%29+%22Director+of+Operations%22+site%3Alinkedin.com%2Fin
909,ColorDynamics,Printing / Signage / Packaging,Commercial Print,Allen,TX,100,$10M-$25M,Estimating AI,$5K-$10K,VP of Production,www.colordynamics.com,2,Texas commercial printer,info@colordynamics.com,contact@colordynamics.com,,,pattern,,,[first].[last]@colordynamics.com; [f][last]@colordynamics.com; [first]@colordynamics.com; [first][last]@colordynamics.com,https://www.linkedin.com/search/results/people/?keywords=%22VP+of+Production%22+%22ColorDynamics%22,,,,,,,,https://www.google.com/search?q=ColorDynamics+%22VP+of+Production%22+site%3Alinkedin.com%2Fin
910,Worth Higgins & Associates,Printing / Signage / Packaging,Commercial Print,Richmond,VA,100,$10M-$25M,Quality control AI,$5K-$10K,Director of Operations,www.worthhiggins.com,2,Richmond printer,info@worthhiggins.com,contact@worthhiggins.com,,,pattern,,,[first].[last]@worthhiggins.com; [f][last]@worthhiggins.com; [first]@worthhiggins.com; [first][last]@worthhiggins.com,https://www.linkedin.com/search/results/people/?keywords=%22Director+of+Operations%22+%22Worth+Higgins+%26+Associates%22,,,,,,,,https://www.google.com/search?q=Worth+Higgins+%26+Associates+%22Director+of+Operations%22+site%3Alinkedin.com%2Fin
911,Cenveo (now Ennis Inc),Printing / Signage / Packaging,Print/Forms,Midlothian,TX,4000,$500M-$1B,Order processing AI,$8K-$20K,Chief Technology Officer,www.ennis.com,3,NYSE listed; business forms,hotline@ennis.com,800.645.8339hotline@ennis.comcustomer,(176) 970-7094,(174) 534-0810; (714) 222-1728,scraped,,,[first].[last]@ennis.com; [f][last]@ennis.com; [first]@ennis.com; [first][last]@ennis.com,https://www.linkedin.com/search/results/people/?keywords=%22Chief+Technology+Officer%22+%22Cenveo+%28now+Ennis+Inc%29%22,http://www.linkedin.com/company/90555,,,https://www.facebook.com/pages/,,,,https://www.google.com/search?q=Cenveo+%28now+Ennis+Inc%29+%22Chief+Technology+Officer%22+site%3Alinkedin.com%2Fin
912,Multi Packaging Solutions,Printing / Signage / Packaging,Premium Packaging,New York,NY,6000,$500M-$1B,Quality control AI,$10K-$25K,VP of Technology,www.multipkg.com,3,Premium/specialty packaging,info@multipkg.com,contact@multipkg.com,(042) 681-1004,(504) 089-2200; (504) 089-2209,pattern,,,[first].[last]@multipkg.com; [f][last]@multipkg.com; [first]@multipkg.com; [first][last]@multipkg.com,https://www.linkedin.com/search/results/people/?keywords=%22VP+of+Technology%22+%22Multi+Packaging+Solutions%22,https://www.linkedin.com/company/smurfit-westrock,,,https://www.facebook.com/westrockco/,https://www.instagram.com/smurfitwestrockcompany,https://www.youtube.com/channel/UCcISYil7zJuGXQ3MxP2IgDA,,https://www.google.com/search?q=Multi+Packaging+Solutions+%22VP+of+Technology%22+site%3Alinkedin.com%2Fin
913,Meyers Printing,Printing / Signage / Packaging,Commercial Print,Minneapolis,MN,100,$10M-$25M,Estimating AI,$5K-$10K,Director of Production,www.meyers.com,2,Minnesota commercial printer,info@meyers.com,contact@meyers.com,(166) 694-9694,(176) 255-1442; (666) 666-6667,pattern,,,[first].[last]@meyers.com; [f][last]@meyers.com; [first]@meyers.com; [first][last]@meyers.com,https://www.linkedin.com/search/results/people/?keywords=%22Director+of+Production%22+%22Meyers+Printing%22,https://www.linkedin.com/company/meyers/,,https://x.com/MeyersPrinting,https://facebook.com/MeyersPrinting,https://www.instagram.com/meyersprinting/,,,https://www.google.com/search?q=Meyers+Printing+%22Director+of+Production%22+site%3Alinkedin.com%2Fin
914,Shutterfly,Printing / Signage / Packaging,Consumer Print,San Jose,CA,5000,$1B+,Personalization AI,$10K-$25K,Chief Technology Officer,www.shutterfly.com,4,Consumer photo printing,info@shutterfly.com,contact@shutterfly.com,(761) 204-2942,(202) 601-0704; (140) 725-1724,pattern,,,[first].[last]@shutterfly.com; [f][last]@shutterfly.com; [first]@shutterfly.com; [first][last]@shutterfly.com,https://www.linkedin.com/search/results/people/?keywords=%22Chief+Technology+Officer%22+%22Shutterfly%22,,,,https://facebook.com/shutterfly/,https://instagram.com/shutterfly/,,,https://www.google.com/search?q=Shutterfly+%22Chief+Technology+Officer%22+site%3Alinkedin.com%2Fin
915,MOO,Printing / Signage / Packaging,Premium Print,London,UK,500,$100M-$200M,Order processing AI,$5K-$15K,CTO,www.moo.com,3,US operations; premium cards,support@moo.com,example@moo.com; pr@moo.com,(401) 519-7216,(066) 822-3569; (981) 246-7137,scraped,,,[first].[last]@moo.com; [f][last]@moo.com; [first]@moo.com; [first][last]@moo.com,https://www.linkedin.com/search/results/people/?keywords=%22CTO%22+%22MOO%22,https://www.linkedin.com/company/moo-com,,https://www.twitter.com/moo,https://www.facebook.com/moo/,https://www.instagram.com/moo/,,,https://www.google.com/search?q=MOO+%22CTO%22+site%3Alinkedin.com%2Fin
916,PrintingForLess,Printing / Signage / Packaging,Online Commercial,Livingston,MT,100,$10M-$25M,Estimating AI,$5K-$10K,Director of Technology,www.printingforless.com,2,Online commercial printing,info@printingforless.com,,(564) 102-5641,(717) 948-7179; (038) 461-5385,pattern,,,[first].[last]@printingforless.com; [f][last]@printingforless.com; [first]@printingforless.com; [first][last]@printingforless.com,https://www.linkedin.com/search/results/people/?keywords=%22Director+of+Technology%22+%22PrintingForLess%22,https://www.linkedin.com/company/printing-for-less-com/,,https://x.com/Printing_4_Less,https://www.facebook.com/PrintingForLess,https://www.instagram.com/pflcom/,,,https://www.google.com/search?q=PrintingForLess+%22Director+of+Technology%22+site%3Alinkedin.com%2Fin
917,4Over,Printing / Signage / Packaging,Trade Printing,Los Angeles,CA,1000,$100M-$200M,Order processing AI,$5K-$15K,VP of Technology,www.4over.com,3,Wholesale trade printer,websitesupport@4over.com,estimating@4over.com; mailing@4over.com,(177) 224-4422,(844) 944-6837; (177) 238-4831,scraped,,,[first].[last]@4over.com; [f][last]@4over.com; [first]@4over.com; [first][last]@4over.com,https://www.linkedin.com/search/results/people/?keywords=%22VP+of+Technology%22+%224Over%22,,,https://twitter.com/4over,https://www.facebook.com/4overLLC/,,,,https://www.google.com/search?q=4Over+%22VP+of+Technology%22+site%3Alinkedin.com%2Fin
918,Mimeo,Printing / Signage / Packaging,Cloud Printing,New York,NY,200,$25M-$50M,Order automation AI,$5K-$12K,CTO,www.mimeo.com,3,Cloud-based print solutions,info@mimeo.com,contact@mimeo.com,,,pattern,,,[first].[last]@mimeo.com; [f][last]@mimeo.com; [first]@mimeo.com; [first][last]@mimeo.com,https://www.linkedin.com/search/results/people/?keywords=%22CTO%22+%22Mimeo%22,,,,,,,,https://www.google.com/search?q=Mimeo+%22CTO%22+site%3Alinkedin.com%2Fin
919,StickerGiant,Printing / Signage / Packaging,Custom Labels,Longmont,CO,100,$10M-$25M,Order processing AI,$5K-$10K,Director of Operations,www.stickergiant.com,2,Custom sticker/label printing,support@stickergiant.com,%20support@stickergiant.com,(176) 948-3423,(352) 164-1713; (202) 602-2323,scraped,,,[first].[last]@stickergiant.com; [f][last]@stickergiant.com; [first]@stickergiant.com; [first][last]@stickergiant.com,https://www.linkedin.com/search/results/people/?keywords=%22Director+of+Operations%22+%22StickerGiant%22,,,https://www.twitter.com/stickergiant,https://www.facebook.com/stickergiant,https://www.instagram.com/stickergiant,,,https://www.google.com/search?q=StickerGiant+%22Director+of+Operations%22+site%3Alinkedin.com%2Fin
920,PFL (Printing for Less),Printing / Signage / Packaging,Direct Mail/Print,Livingston,MT,200,$25M-$50M,Campaign automation AI,$5K-$15K,VP of Technology,www.pfl.com,3,Tactile marketing automation,inquire@pfl.com,,(772) 962-6520,(450) 399-5367; (055) 682-3083,scraped,,,[first].[last]@pfl.com; [f][last]@pfl.com; [first]@pfl.com; [first][last]@pfl.com,https://www.linkedin.com/search/results/people/?keywords=%22VP+of+Technology%22+%22PFL+%28Printing+for+Less%29%22,https://www.linkedin.com/company/pfl,,,,https://www.instagram.com/pfldirectmail,,,https://www.google.com/search?q=PFL+%28Printing+for+Less%29+%22VP+of+Technology%22+site%3Alinkedin.com%2Fin
921,American Red Cross,Nonprofits / Associations,Humanitarian,Washington,DC,20000,$1B+,Donor management AI,$15K-$30K,Chief Information Officer,www.redcross.org,5,Disaster relief; 300+ chapters,customercare@redcross.org,hospitalsupport@redcross.org; govtrelations@redcross.org; dotcompliancecenter@redcross.org,(662) 178-2538,(177) 240-3954; (177) 240-3956,scraped,,,[first].[last]@redcross.org; [f][last]@redcross.org; [first]@redcross.org; [first][last]@redcross.org,https://www.linkedin.com/search/results/people/?keywords=%22Chief+Information+Officer%22+%22American+Red+Cross%22,https://www.linkedin.com/company/american-red-cross/,,https://x.com/redcross,https://www.facebook.com/redcross,https://www.instagram.com/americanredcross/,,,https://www.google.com/search?q=American+Red+Cross+%22Chief+Information+Officer%22+site%3Alinkedin.com%2Fin
922,United Way Worldwide,Nonprofits / Associations,Community,Alexandria,VA,8000,$1B+,Grant writing AI,$10K-$25K,VP of Technology,www.unitedway.org,5,1800+ local organizations,kimberly.torguson@uww.unitedway.org,pr@unitedway.org,(985) 491-2184,(837) 214-2315; (442) 103-5345,scraped,,,[first].[last]@unitedway.org; [f][last]@unitedway.org; [first]@unitedway.org; [first][last]@unitedway.org,https://www.linkedin.com/search/results/people/?keywords=%22VP+of+Technology%22+%22United+Way+Worldwide%22,https://www.linkedin.com/company/united-way-worldwide,,https://x.com/unitedway,https://www.facebook.com/UnitedWay,https://www.instagram.com/unitedway,,,https://www.google.com/search?q=United+Way+Worldwide+%22VP+of+Technology%22+site%3Alinkedin.com%2Fin
923,Habitat for Humanity,Nonprofits / Associations,Housing,Atlanta,GA,2000,$500M-$1B,Donor management AI,$10K-$25K,Chief Technology Officer,www.habitat.org,4,70+ countries,info@habitat.org,contact@habitat.org,(977) 411-9425,(251) 131-6760; (260) 241-6740,pattern,,,[first].[last]@habitat.org; [f][last]@habitat.org; [first]@habitat.org; [first][last]@habitat.org,https://www.linkedin.com/search/results/people/?keywords=%22Chief+Technology+Officer%22+%22Habitat+for+Humanity%22,,,https://twitter.com/habitat_org,https://www.facebook.com/habitat/,https://www.instagram.com/habitatforhumanity/,,,https://www.google.com/search?q=Habitat+for+Humanity+%22Chief+Technology+Officer%22+site%3Alinkedin.com%2Fin
924,Salvation Army,Nonprofits / Associations,Social Services,Alexandria,VA,60000,$5B+,Event automation AI,$20K-$40K,CIO,www.salvationarmyusa.org,5,7600+ centers in US,info@salvationarmyusa.org,contact@salvationarmyusa.org,,,pattern,,,[first].[last]@salvationarmyusa.org; [f][last]@salvationarmyusa.org; [first]@salvationarmyusa.org; [first][last]@salvationarmyusa.org,https://www.linkedin.com/search/results/people/?keywords=%22CIO%22+%22Salvation+Army%22,https://www.linkedin.com/company/salvationarmyus,,https://www.twitter.com/SalvationArmyUS,https://www.facebook.com/SalvationArmyUSA,https://www.instagram.com/salvationarmyus/,,,https://www.google.com/search?q=Salvation+Army+%22CIO%22+site%3Alinkedin.com%2Fin
925,Goodwill Industries,Nonprofits / Associations,Workforce Dev,Rockville,MD,120000,$5B+,Donor management AI,$20K-$40K,Chief Technology Officer,www.goodwill.org,5,3300+ stores,info@goodwill.org,contact@goodwill.org,(666) 169-0541,(669) 190-0918; (835) 189-7498,pattern,,,[first].[last]@goodwill.org; [f][last]@goodwill.org; [first]@goodwill.org; [first][last]@goodwill.org,https://www.linkedin.com/search/results/people/?keywords=%22Chief+Technology+Officer%22+%22Goodwill+Industries%22,https://www.linkedin.com/company/goodwill-industries-international,,https://twitter.com/GoodwillIntl,http://www.facebook.com/GoodwillIntl,https://www.instagram.com/goodwillintl/,,,https://www.google.com/search?q=Goodwill+Industries+%22Chief+Technology+Officer%22+site%3Alinkedin.com%2Fin
926,Boys & Girls Clubs,Nonprofits / Associations,Youth,Atlanta,GA,50000,$1B+,Event automation AI,$10K-$25K,VP of Technology,www.bgca.org,4,4700+ clubs,info@bgca.org,contact@bgca.org,,,pattern,,,[first].[last]@bgca.org; [f][last]@bgca.org; [first]@bgca.org; [first][last]@bgca.org,https://www.linkedin.com/search/results/people/?keywords=%22VP+of+Technology%22+%22Boys+%26+Girls+Clubs%22,,,,,,,,https://www.google.com/search?q=Boys+%26+Girls+Clubs+%22VP+of+Technology%22+site%3Alinkedin.com%2Fin
927,Feeding America,Nonprofits / Associations,Hunger Relief,Chicago,IL,2000,$1B+,Donor management AI,$10K-$25K,CTO,www.feedingamerica.org,4,200 food banks,info@feedingamerica.org,contact@feedingamerica.org,(204) 701-9759,(800) 771-2303; (012) 310-8549,pattern,,,[first].[last]@feedingamerica.org; [f][last]@feedingamerica.org; [first]@feedingamerica.org; [first][last]@feedingamerica.org,https://www.linkedin.com/search/results/people/?keywords=%22CTO%22+%22Feeding+America%22,https://www.linkedin.com/company/feeding-america/,,https://twitter.com/feedingamerica,https://www.facebook.com/FeedingAmerica/,https://www.instagram.com/feedingamerica/,https://www.youtube.com/channel/UCsroi4rRBMwrs9CIpJP4jiw,,https://www.google.com/search?q=Feeding+America+%22CTO%22+site%3Alinkedin.com%2Fin
928,YMCA of the USA,Nonprofits / Associations,Community,Chicago,IL,60000,$5B+,Member engagement AI,$20K-$40K,Chief Technology Officer,www.ymca.org,5,2700+ locations,info@ymca.org,contact@ymca.org,(642) 436-3242,(017) 282-9867; (048) 288-7453,pattern,,,[first].[last]@ymca.org; [f][last]@ymca.org; [first]@ymca.org; [first][last]@ymca.org,https://www.linkedin.com/search/results/people/?keywords=%22Chief+Technology+Officer%22+%22YMCA+of+the+USA%22,https://www.linkedin.com/company/ymcausa,,,https://www.facebook.com/ymca,https://www.instagram.com/ymca,,,https://www.google.com/search?q=YMCA+of+the+USA+%22Chief+Technology+Officer%22+site%3Alinkedin.com%2Fin
929,National Association of Realtors,Nonprofits / Associations,Trade Association,Chicago,IL,1000,$200M-$500M,Member engagement AI,$10K-$25K,CTO,www.nar.realtor,4,1.5M+ members; largest trade assn,info@nar.realtor,contact@nar.realtor,(216) 805-3393,(727) 277-6181; (401) 248-3738,pattern,,,[first].[last]@nar.realtor; [f][last]@nar.realtor; [first]@nar.realtor; [first][last]@nar.realtor,https://www.linkedin.com/search/results/people/?keywords=%22CTO%22+%22National+Association+of+Realtors%22,http://www.linkedin.com/company/national-association-of-realtors,,,http://www.facebook.com/NARdotRealtor/,https://instagram.com/NARdotRealtor,,,https://www.google.com/search?q=National+Association+of+Realtors+%22CTO%22+site%3Alinkedin.com%2Fin
930,American Medical Association,Nonprofits / Associations,Professional Assn,Chicago,IL,1200,$500M-$1B,Grant writing AI,$10K-$25K,VP of Technology,www.ama-assn.org,4,270K+ physician members,user@domain.com,,(000) 000-0025,(178) 114-9678; (770) 906-5566,scraped,,,[first].[last]@ama-assn.org; [f][last]@ama-assn.org; [first]@ama-assn.org; [first][last]@ama-assn.org,https://www.linkedin.com/search/results/people/?keywords=%22VP+of+Technology%22+%22American+Medical+Association%22,https://www.linkedin.com/company/american-medical-association,,https://x.com/AmerMedicalAssn,https://www.facebook.com/AmericanMedicalAssociation,https://www.instagram.com/p/,,,https://www.google.com/search?q=American+Medical+Association+%22VP+of+Technology%22+site%3Alinkedin.com%2Fin
931,American Bar Association,Nonprofits / Associations,Professional Assn,Chicago,IL,1000,$200M-$500M,Event automation AI,$8K-$20K,Director of IT,www.americanbar.org,3,400K+ members,info@americanbar.org,contact@americanbar.org,(492) 874-8645,(702) 151-3593; (623) 151-3593,pattern,,,[first].[last]@americanbar.org; [f][last]@americanbar.org; [first]@americanbar.org; [first][last]@americanbar.org,https://www.linkedin.com/search/results/people/?keywords=%22Director+of+IT%22+%22American+Bar+Association%22,http://www.linkedin.com/company/american-bar-association,,https://twitter.com/abaesq,https://www.facebook.com/AmericanBarAssociation,https://www.instagram.com/americanbarassociation,,,https://www.google.com/search?q=American+Bar+Association+%22Director+of+IT%22+site%3Alinkedin.com%2Fin
932,IEEE,Nonprofits / Associations,Professional Assn,Piscataway,NJ,2000,$500M-$1B,Member engagement AI,$10K-$25K,Chief Technology Officer,www.ieee.org,4,400K+ members; engineering,info@ieee.org,contact@ieee.org,,,pattern,,,[first].[last]@ieee.org; [f][last]@ieee.org; [first]@ieee.org; [first][last]@ieee.org,https://www.linkedin.com/search/results/people/?keywords=%22Chief+Technology+Officer%22+%22IEEE%22,,,,,,,,https://www.google.com/search?q=IEEE+%22Chief+Technology+Officer%22+site%3Alinkedin.com%2Fin
933,American Chemical Society,Nonprofits / Associations,Professional Assn,Washington,DC,2000,$500M-$1B,Content management AI,$10K-$25K,CTO,www.acs.org,4,155K+ members,info@acs.org,contact@acs.org,,,pattern,,,[first].[last]@acs.org; [f][last]@acs.org; [first]@acs.org; [first][last]@acs.org,https://www.linkedin.com/search/results/people/?keywords=%22CTO%22+%22American+Chemical+Society%22,,,,,,,,https://www.google.com/search?q=American+Chemical+Society+%22CTO%22+site%3Alinkedin.com%2Fin
934,National Association of Manufacturers,Nonprofits / Associations,Trade Association,Washington,DC,500,$50M-$100M,Event automation AI,$8K-$15K,Director of IT,www.nam.org,3,14K+ member companies,info@nam.org,contact@nam.org,(177) 240-3431,(176) 765-2306; (170) 612-3961,pattern,,,[first].[last]@nam.org; [f][last]@nam.org; [first]@nam.org; [first][last]@nam.org,https://www.linkedin.com/search/results/people/?keywords=%22Director+of+IT%22+%22National+Association+of+Manufacturers%22,https://www.linkedin.com/company/national-association-of-manufacturers---nam,,https://x.com/ShopfloorNAM,https://facebook.com/NAMPage,,,,https://www.google.com/search?q=National+Association+of+Manufacturers+%22Director+of+IT%22+site%3Alinkedin.com%2Fin
935,US Chamber of Commerce,Nonprofits / Associations,Business Association,Washington,DC,1500,$200M-$500M,Member engagement AI,$10K-$25K,VP of Technology,www.uschamber.com,4,3M+ businesses represented,membership@uschamber.com,federation@uschamber.com; smallbusiness@uschamber.com; press@uschamber.com,(078) 720-7594,(278) 594-9510; (139) 217-4542,scraped,,,[first].[last]@uschamber.com; [f][last]@uschamber.com; [first]@uschamber.com; [first][last]@uschamber.com,https://www.linkedin.com/search/results/people/?keywords=%22VP+of+Technology%22+%22US+Chamber+of+Commerce%22,https://www.linkedin.com/company/u-s--chamber-of-commerce/,,https://x.com/uschamber,https://www.facebook.com/uschamber,https://www.instagram.com/uschamber/,,,https://www.google.com/search?q=US+Chamber+of+Commerce+%22VP+of+Technology%22+site%3Alinkedin.com%2Fin
936,AARP,Nonprofits / Associations,Advocacy/Membership,Washington,DC,2500,$1B+,Member engagement AI,$15K-$30K,Chief Technology Officer,www.aarp.org,5,38M+ members,info@aarp.org,contact@aarp.org,(202) 602-2018,(015) 879-2776; (710) 312-3844,pattern,,,[first].[last]@aarp.org; [f][last]@aarp.org; [first]@aarp.org; [first][last]@aarp.org,https://www.linkedin.com/search/results/people/?keywords=%22Chief+Technology+Officer%22+%22AARP%22,https://www.linkedin.com/company/aarp/,,https://twitter.com/AARP/,https://www.facebook.com/AARP,https://www.instagram.com/aarp/,,,https://www.google.com/search?q=AARP+%22Chief+Technology+Officer%22+site%3Alinkedin.com%2Fin
937,American Cancer Society,Nonprofits / Associations,Health,Atlanta,GA,5000,$500M-$1B,Donor management AI,$10K-$25K,CTO,www.cancer.org,4,Leading cancer research nonprofit,info@cancer.org,contact@cancer.org,(784) 289-9024,(772) 051-0142; (800) 227-2345,pattern,,,[first].[last]@cancer.org; [f][last]@cancer.org; [first]@cancer.org; [first][last]@cancer.org,https://www.linkedin.com/search/results/people/?keywords=%22CTO%22+%22American+Cancer+Society%22,,,https://twitter.com/americancancer,https://www.facebook.com/AmericanCancerSociety,https://www.instagram.com/americancancersociety/,,,https://www.google.com/search?q=American+Cancer+Society+%22CTO%22+site%3Alinkedin.com%2Fin
938,American Heart Association,Nonprofits / Associations,Health,Dallas,TX,3500,$500M-$1B,Grant writing AI,$10K-$25K,VP of Technology,www.heart.org,4,Heart health research/advocacy,youremail@domain.com,,(256) 700-0027,(639) 080-0075; (065) 430-3023,scraped,,,[first].[last]@heart.org; [f][last]@heart.org; [first]@heart.org; [first][last]@heart.org,https://www.linkedin.com/search/results/people/?keywords=%22VP+of+Technology%22+%22American+Heart+Association%22,https://www.linkedin.com/company/american-heart-association,,https://x.com/American_Heart,https://www.facebook.com/AmericanHeart,https://www.instagram.com/american_heart/,,,https://www.google.com/search?q=American+Heart+Association+%22VP+of+Technology%22+site%3Alinkedin.com%2Fin
939,St. Jude Childrens Research,Nonprofits / Associations,Healthcare,Memphis,TN,5000,$1B+,Donor engagement AI,$15K-$30K,Chief Technology Officer,www.stjude.org,5,Leading pediatric research,donors@stjude.org,referringphysiciansoffice@stjude.org; tributes@stjude.org; giftplanning@stjude.org,(451) 022-2650,(762) 275-6976; (575) 997-7258,scraped,,,[first].[last]@stjude.org; [f][last]@stjude.org; [first]@stjude.org; [first][last]@stjude.org,https://www.linkedin.com/search/results/people/?keywords=%22Chief+Technology+Officer%22+%22St.+Jude+Childrens+Research%22,https://www.linkedin.com/company/st-jude-childrens-research-hospital,,https://twitter.com/stjude,https://www.facebook.com/stjude/,https://www.instagram.com/stjude/,https://www.youtube.com/channel/UC2NI99YBLdVDNVK-iQmkUbA,,https://www.google.com/search?q=St.+Jude+Childrens+Research+%22Chief+Technology+Officer%22+site%3Alinkedin.com%2Fin
940,Susan G. Komen,Nonprofits / Associations,Health,Dallas,TX,400,$100M-$200M,Donor management AI,$5K-$15K,Director of IT,www.komen.org,3,Breast cancer research,info@komen.org,contact@komen.org,,,pattern,,,[first].[last]@komen.org; [f][last]@komen.org; [first]@komen.org; [first][last]@komen.org,https://www.linkedin.com/search/results/people/?keywords=%22Director+of+IT%22+%22Susan+G.+Komen%22,,,,,,,,https://www.google.com/search?q=Susan+G.+Komen+%22Director+of+IT%22+site%3Alinkedin.com%2Fin
941,World Wildlife Fund,Nonprofits / Associations,Environment,Washington,DC,3000,$200M-$500M,Donor engagement AI,$8K-$20K,VP of Technology,www.worldwildlife.org,4,100+ countries,info@worldwildlife.org,contact@worldwildlife.org,,,pattern,,,[first].[last]@worldwildlife.org; [f][last]@worldwildlife.org; [first]@worldwildlife.org; [first][last]@worldwildlife.org,https://www.linkedin.com/search/results/people/?keywords=%22VP+of+Technology%22+%22World+Wildlife+Fund%22,https://www.linkedin.com/company/166973,,https://twitter.com/World_Wildlife,https://www.facebook.com/worldwildlifefund,https://www.instagram.com/world_wildlife,,,https://www.google.com/search?q=World+Wildlife+Fund+%22VP+of+Technology%22+site%3Alinkedin.com%2Fin
942,Nature Conservancy,Nonprofits / Associations,Environment,Arlington,VA,4000,$1B+,Grant writing AI,$10K-$25K,Chief Technology Officer,www.nature.org,5,79 countries; largest conservation,yourname@email.com,name@company.com; webmaster@tnc.org; member@tnc.org,(034) 899-1003,(301) 538-4615; (507) 692-3076,scraped,,,[first].[last]@nature.org; [f][last]@nature.org; [first]@nature.org; [first][last]@nature.org,https://www.linkedin.com/search/results/people/?keywords=%22Chief+Technology+Officer%22+%22Nature+Conservancy%22,https://www.linkedin.com/company/the-nature-conservancy/,,https://twitter.com/nature_org,https://www.facebook.com/thenatureconservancy,https://www.instagram.com/nature_org/,,,https://www.google.com/search?q=Nature+Conservancy+%22Chief+Technology+Officer%22+site%3Alinkedin.com%2Fin
943,Sierra Club,Nonprofits / Associations,Environment,Oakland,CA,700,$100M-$200M,Member engagement AI,$5K-$15K,Director of Technology,www.sierraclub.org,3,3.8M members + supporters,webmaster@sierraclub.org,information@sierraclub.org; member.care@sierraclub.org; address.changes@sierraclub.org,(034) 870-1003,(559) 808-0314; (975) 837-8218,scraped,,,[first].[last]@sierraclub.org; [f][last]@sierraclub.org; [first]@sierraclub.org; [first][last]@sierraclub.org,https://www.linkedin.com/search/results/people/?keywords=%22Director+of+Technology%22+%22Sierra+Club%22,https://www.linkedin.com/company/sierraclub/,,,https://facebook.com/sierraclub,https://instagram.com/sierraclub,,,https://www.google.com/search?q=Sierra+Club+%22Director+of+Technology%22+site%3Alinkedin.com%2Fin
944,Planned Parenthood,Nonprofits / Associations,Healthcare,New York,NY,12000,$1B+,Event automation AI,$10K-$25K,CTO,www.plannedparenthood.org,4,600+ health centers,info@plannedparenthood.org,contact@plannedparenthood.org,,,pattern,,,[first].[last]@plannedparenthood.org; [f][last]@plannedparenthood.org; [first]@plannedparenthood.org; [first][last]@plannedparenthood.org,https://www.linkedin.com/search/results/people/?keywords=%22CTO%22+%22Planned+Parenthood%22,,,,,,,,https://www.google.com/search?q=Planned+Parenthood+%22CTO%22+site%3Alinkedin.com%2Fin
945,March of Dimes,Nonprofits / Associations,Health,Arlington,VA,800,$100M-$200M,Donor management AI,$5K-$15K,VP of Technology,www.marchofdimes.org,3,Maternal/infant health,info@marchofdimes.org,contact@marchofdimes.org,(123) 452-9782,(180) 218-0002; (769) 101-5640,pattern,,,[first].[last]@marchofdimes.org; [f][last]@marchofdimes.org; [first]@marchofdimes.org; [first][last]@marchofdimes.org,https://www.linkedin.com/search/results/people/?keywords=%22VP+of+Technology%22+%22March+of+Dimes%22,,,https://x.com/MarchofDimes,,,,,https://www.google.com/search?q=March+of+Dimes+%22VP+of+Technology%22+site%3Alinkedin.com%2Fin
946,Special Olympics,Nonprofits / Associations,Sports/Disability,Washington,DC,500,$200M-$500M,Event automation AI,$8K-$15K,Director of IT,www.specialolympics.org,3,5.5M athletes; 170 countries,plannedgiving@specialolympics.org,sdeur@specialolympics.org,(232) 506-8613,(000) 176-2519; (225) 025-6547,scraped,,,[first].[last]@specialolympics.org; [f][last]@specialolympics.org; [first]@specialolympics.org; [first][last]@specialolympics.org,https://www.linkedin.com/search/results/people/?keywords=%22Director+of+IT%22+%22Special+Olympics%22,https://www.linkedin.com/company/special-olympics,,https://twitter.com/SpecialOlympics,https://www.facebook.com/SpecialOlympics,https://www.instagram.com/specialolympics/,https://www.youtube.com/@specialolympics,,https://www.google.com/search?q=Special+Olympics+%22Director+of+IT%22+site%3Alinkedin.com%2Fin
947,ASAE,Nonprofits / Associations,Association Management,Washington,DC,200,$25M-$50M,Member engagement AI,$5K-$15K,VP of Technology,www.asaecenter.org,3,21K+ association execs,info@asaecenter.org,contact@asaecenter.org,(742) 379-1119,(216) 844-9420; (647) 447-9370,pattern,,,[first].[last]@asaecenter.org; [f][last]@asaecenter.org; [first]@asaecenter.org; [first][last]@asaecenter.org,https://www.linkedin.com/search/results/people/?keywords=%22VP+of+Technology%22+%22ASAE%22,https://www.linkedin.com/company/162539,,,https://www.facebook.com/ASAEcenter,https://instagram.com/asaecenter/,,,https://www.google.com/search?q=ASAE+%22VP+of+Technology%22+site%3Alinkedin.com%2Fin
948,PhRMA,Nonprofits / Associations,Trade Association,Washington,DC,300,$200M-$500M,Content management AI,$8K-$20K,Director of IT,www.phrma.org,3,Pharmaceutical industry advocacy,newsroom@phrma.org,,(639) 068-7889,(202) 411-0402; (202) 411-0412,scraped,,,[first].[last]@phrma.org; [f][last]@phrma.org; [first]@phrma.org; [first][last]@phrma.org,https://www.linkedin.com/search/results/people/?keywords=%22Director+of+IT%22+%22PhRMA%22,https://www.linkedin.com/company/phrma,https://www.linkedin.com/in/lucy-vereshchagina-phd-416b27a; https://www.linkedin.com/in/robzirk/; https://www.linkedin.com/in/renukasiyer/,https://x.com/PhRMA,https://www.facebook.com/PhRMA,https://www.instagram.com/phrma,,,https://www.google.com/search?q=PhRMA+%22Director+of+IT%22+site%3Alinkedin.com%2Fin
949,American Hospital Association,Nonprofits / Associations,Trade Association,Chicago,IL,500,$100M-$200M,Event automation AI,$8K-$15K,VP of Technology,www.aha.org,3,5K+ member hospitals,orders@aha.org,helpebooks@aha.org; ub-04@aha.org,(400) 495-9866,(219) 428-7460; (616) 552-8923,scraped,,,[first].[last]@aha.org; [f][last]@aha.org; [first]@aha.org; [first][last]@aha.org,https://www.linkedin.com/search/results/people/?keywords=%22VP+of+Technology%22+%22American+Hospital+Association%22,,,http://twitter.com/ahahospitals,https://www.facebook.com/ahahospitals,https://www.instagram.com/ahahospitals/,,,https://www.google.com/search?q=American+Hospital+Association+%22VP+of+Technology%22+site%3Alinkedin.com%2Fin
950,National Education Association,Nonprofits / Associations,Labor/Professional,Washington,DC,600,$200M-$500M,Member engagement AI,$8K-$20K,Chief Technology Officer,www.nea.org,4,3M+ members; largest union,info@nea.org,contact@nea.org,,,pattern,,,[first].[last]@nea.org; [f][last]@nea.org; [first]@nea.org; [first][last]@nea.org,https://www.linkedin.com/search/results/people/?keywords=%22Chief+Technology+Officer%22+%22National+Education+Association%22,,,,,,,,https://www.google.com/search?q=National+Education+Association+%22Chief+Technology+Officer%22+site%3Alinkedin.com%2Fin
951,Make-A-Wish Foundation,Nonprofits / Associations,Children,Phoenix,AZ,2000,$200M-$500M,Donor management AI,$8K-$15K,Director of IT,www.wish.org,3,60+ chapters,mawfa@wish.org,media@wish.org; missionadvancement@wish.org; customerservice@wish.org,(307) 209-7319,(781) 907-5355; (391) 312-5351,scraped,,,[first].[last]@wish.org; [f][last]@wish.org; [first]@wish.org; [first][last]@wish.org,https://www.linkedin.com/search/results/people/?keywords=%22Director+of+IT%22+%22Make-A-Wish+Foundation%22,,,https://x.com/MakeAWish,https://www.facebook.com/makeawish,https://www.instagram.com/makeawishamerica,,,https://www.google.com/search?q=Make-A-Wish+Foundation+%22Director+of+IT%22+site%3Alinkedin.com%2Fin
952,Doctors Without Borders,Nonprofits / Associations,Healthcare,New York,NY,2000,$500M-$1B,Grant writing AI,$8K-$20K,VP of Technology,www.msf.org,4,70+ countries,info@msf.org,contact@msf.org,(219) 567-1183,(841) 889-7705; (595) 275-5737,pattern,,,[first].[last]@msf.org; [f][last]@msf.org; [first]@msf.org; [first][last]@msf.org,https://www.linkedin.com/search/results/people/?keywords=%22VP+of+Technology%22+%22Doctors+Without+Borders%22,https://www.linkedin.com/company/m-decins-sans-fronti-res-msf-/,,https://twitter.com/msf,https://www.facebook.com/msfinternational/,https://www.instagram.com/doctorswithoutborders/,,,https://www.google.com/search?q=Doctors+Without+Borders+%22VP+of+Technology%22+site%3Alinkedin.com%2Fin
953,Direct Relief,Nonprofits / Associations,Healthcare/Disaster,Santa Barbara,CA,150,$500M-$1B,Donor management AI,$5K-$15K,Director of IT,www.directrelief.org,3,Medical aid nonprofit,info@directrelief.org,nmeghan.k.dhaliwal@gmail.com,(959) 401-6152,,pattern,,,[first].[last]@directrelief.org; [f][last]@directrelief.org; [first]@directrelief.org; [first][last]@directrelief.org,https://www.linkedin.com/search/results/people/?keywords=%22Director+of+IT%22+%22Direct+Relief%22,https://linkedin.com/company/directrelief,,https://x.com/directrelief,https://www.facebook.com/directrelief,https://www.instagram.com/directrelief,,,https://www.google.com/search?q=Direct+Relief+%22Director+of+IT%22+site%3Alinkedin.com%2Fin
954,Big Brothers Big Sisters,Nonprofits / Associations,Youth Mentoring,Tampa,FL,1200,$100M-$200M,Match AI,$5K-$15K,VP of Technology,www.bbbs.org,3,230+ affiliates,complaints@bbbs.org,donations@bbbs.org; tributes@bbbs.org; causemarketing@bbbs.org,(177) 204-5985,(813) 720-8778; (177) 203-6680,scraped,,,[first].[last]@bbbs.org; [f][last]@bbbs.org; [first]@bbbs.org; [first][last]@bbbs.org,https://www.linkedin.com/search/results/people/?keywords=%22VP+of+Technology%22+%22Big+Brothers+Big+Sisters%22,https://www.linkedin.com/company/7171,,http://www.twitter.com/BBBSA,https://www.facebook.com/BigBrothersBigSisters/,http://www.instagram.com/bbbsamerica,,,https://www.google.com/search?q=Big+Brothers+Big+Sisters+%22VP+of+Technology%22+site%3Alinkedin.com%2Fin
955,Girl Scouts of the USA,Nonprofits / Associations,Youth,New York,NY,9000,$500M-$1B,Event automation AI,$10K-$20K,Chief Technology Officer,www.girlscouts.org,4,1.7M+ members,info@girlscouts.org,contact@girlscouts.org,,,pattern,,,[first].[last]@girlscouts.org; [f][last]@girlscouts.org; [first]@girlscouts.org; [first][last]@girlscouts.org,https://www.linkedin.com/search/results/people/?keywords=%22Chief+Technology+Officer%22+%22Girl+Scouts+of+the+USA%22,,,,,,,,https://www.google.com/search?q=Girl+Scouts+of+the+USA+%22Chief+Technology+Officer%22+site%3Alinkedin.com%2Fin
956,Boy Scouts of America,Nonprofits / Associations,Youth,Irving,TX,8000,$500M-$1B,Member engagement AI,$10K-$20K,CTO,www.scouting.org,4,Now Scouting America,info@scouting.org,contact@scouting.org,(921) 787-7095,(642) 458-1006; (078) 212-2905,pattern,,,[first].[last]@scouting.org; [f][last]@scouting.org; [first]@scouting.org; [first][last]@scouting.org,https://www.linkedin.com/search/results/people/?keywords=%22CTO%22+%22Boy+Scouts+of+America%22,,,,https://www.facebook.com/scouting.america/,,,,https://www.google.com/search?q=Boy+Scouts+of+America+%22CTO%22+site%3Alinkedin.com%2Fin
957,American Diabetes Association,Nonprofits / Associations,Health,Arlington,VA,800,$200M-$500M,Donor management AI,$5K-$15K,Director of Technology,www.diabetes.org,3,Diabetes research/advocacy,info@diabetes.org,contact@diabetes.org,(800) 342-2383,(849) 999-9999; (347) 451-6031,pattern,,,[first].[last]@diabetes.org; [f][last]@diabetes.org; [first]@diabetes.org; [first][last]@diabetes.org,https://www.linkedin.com/search/results/people/?keywords=%22Director+of+Technology%22+%22American+Diabetes+Association%22,https://www.linkedin.com/company/american-diabetes-association/,,https://twitter.com/AmDiabetesAssn,https://www.facebook.com/AmericanDiabetesAssociation,https://www.instagram.com/amdiabetesassn,,,https://www.google.com/search?q=American+Diabetes+Association+%22Director+of+Technology%22+site%3Alinkedin.com%2Fin
958,Catholic Charities USA,Nonprofits / Associations,Social Services,Alexandria,VA,50000,$1B+,Grant writing AI,$10K-$25K,VP of Technology,www.catholiccharitiesusa.org,4,160 agencies,info@catholiccharitiesusa.org,email@gmail.com,(138) 614-2310,(132) 141-6110; (177) 213-6277,pattern,,,[first].[last]@catholiccharitiesusa.org; [f][last]@catholiccharitiesusa.org; [first]@catholiccharitiesusa.org; [first][last]@catholiccharitiesusa.org,https://www.linkedin.com/search/results/people/?keywords=%22VP+of+Technology%22+%22Catholic+Charities+USA%22,https://www.linkedin.com/company/catholic-charities-usa,,https://twitter.com/CCharitiesUSA,https://www.facebook.com/catholiccharitiesusa/,https://www.instagram.com/ccharitiesusa/,,,https://www.google.com/search?q=Catholic+Charities+USA+%22VP+of+Technology%22+site%3Alinkedin.com%2Fin
959,Wounded Warrior Project,Nonprofits / Associations,Veterans,Jacksonville,FL,600,$200M-$500M,Donor engagement AI,$5K-$15K,Chief Technology Officer,www.woundedwarriorproject.org,3,Veteran services,publicrelations@woundedwarriorproject.org,donorcare@woundedwarriorproject.org; resourcecenter@woundedwarriorproject.org; events@woundedwarriorproject.org,(638) 623-5265,(887) 832-6997; (248) 588-3705,scraped,,,[first].[last]@woundedwarriorproject.org; [f][last]@woundedwarriorproject.org; [first]@woundedwarriorproject.org; [first][last]@woundedwarriorproject.org,https://www.linkedin.com/search/results/people/?keywords=%22Chief+Technology+Officer%22+%22Wounded+Warrior+Project%22,https://www.linkedin.com/company/wounded-warrior-project/,,https://twitter.com/wwp,https://www.facebook.com/wwp,https://www.instagram.com/wwp,,,https://www.google.com/search?q=Wounded+Warrior+Project+%22Chief+Technology+Officer%22+site%3Alinkedin.com%2Fin
960,Teach for America,Nonprofits / Associations,Education,New York,NY,1000,$200M-$500M,Grant writing AI,$5K-$15K,VP of Technology,www.teachforamerica.org,3,Education equity; 50+ regions,info@teachforamerica.org,contact@teachforamerica.org,,,pattern,,,[first].[last]@teachforamerica.org; [f][last]@teachforamerica.org; [first]@teachforamerica.org; [first][last]@teachforamerica.org,https://www.linkedin.com/search/results/people/?keywords=%22VP+of+Technology%22+%22Teach+for+America%22,,,,,,,,https://www.google.com/search?q=Teach+for+America+%22VP+of+Technology%22+site%3Alinkedin.com%2Fin
961,Amwell,Telehealth / Digital Health,Telehealth Platform,Boston,MA,1500,$200M-$500M,Patient triage AI,$15K-$30K,Chief Technology Officer,www.amwell.com,4,NYSE listed; $254M revenue,info@amwell.com,contact@amwell.com,(639) 077-3537,,pattern,,,[first].[last]@amwell.com; [f][last]@amwell.com; [first]@amwell.com; [first][last]@amwell.com,https://www.linkedin.com/search/results/people/?keywords=%22Chief+Technology+Officer%22+%22Amwell%22,https://www.linkedin.com/company/amwellcorp/,,,https://www.facebook.com/amwellpatient,https://www.instagram.com/amwell/,,,https://www.google.com/search?q=Amwell+%22Chief+Technology+Officer%22+site%3Alinkedin.com%2Fin
962,Doximity,Telehealth / Digital Health,Physician Platform,San Francisco,CA,900,$200M-$500M,Scheduling AI,$15K-$30K,CTO,www.doximity.com,4,NYSE listed; 80% of US MDs,bd@doximity.com,pr@doximity.com,(177) 067-6172,(152) 970-0556; (152) 970-0559,scraped,,,[first].[last]@doximity.com; [f][last]@doximity.com; [first]@doximity.com; [first][last]@doximity.com,https://www.linkedin.com/search/results/people/?keywords=%22CTO%22+%22Doximity%22,https://www.linkedin.com/company/doximity,,https://twitter.com/doximity,https://www.facebook.com/doximity,,https://www.youtube.com/channel/UCma3yFf-hHxQA90Mal3Biwg,,https://www.google.com/search?q=Doximity+%22CTO%22+site%3Alinkedin.com%2Fin
963,Zocdoc,Telehealth / Digital Health,Appointment Platform,New York,NY,600,$200M-$500M,Follow-up automation AI,$10K-$25K,Chief Technology Officer,www.zocdoc.com,4,Patient booking marketplace,info@zocdoc.com,contact@zocdoc.com,,,pattern,,,[first].[last]@zocdoc.com; [f][last]@zocdoc.com; [first]@zocdoc.com; [first][last]@zocdoc.com,https://www.linkedin.com/search/results/people/?keywords=%22Chief+Technology+Officer%22+%22Zocdoc%22,,,,,,,,https://www.google.com/search?q=Zocdoc+%22Chief+Technology+Officer%22+site%3Alinkedin.com%2Fin
964,Cerebral,Telehealth / Digital Health,Mental Health,San Francisco,CA,1500,$200M-$500M,Patient triage AI,$10K-$25K,CTO,www.cerebral.com,4,$462M raised; anxiety/depression,support@cerebral.com,,(048) 456-2807,(153) 719-3671; (127) 656-0000,scraped,,,[first].[last]@cerebral.com; [f][last]@cerebral.com; [first]@cerebral.com; [first][last]@cerebral.com,https://www.linkedin.com/search/results/people/?keywords=%22CTO%22+%22Cerebral%22,,,,,,,,https://www.google.com/search?q=Cerebral+%22CTO%22+site%3Alinkedin.com%2Fin
965,SteadyMD,Telehealth / Digital Health,B2B Telehealth,St. Louis,MO,500,$50M-$100M,Clinical workflow AI,$10K-$20K,Chief Technology Officer,www.steadymd.com,3,200K+ monthly visits; white-label,you@email.com,,(177) 196-8827,(177) 196-8905; (333) 333-3333,scraped,,,[first].[last]@steadymd.com; [f][last]@steadymd.com; [first]@steadymd.com; [first][last]@steadymd.com,https://www.linkedin.com/search/results/people/?keywords=%22Chief+Technology+Officer%22+%22SteadyMD%22,https://www.linkedin.com/company/steadymd/,https://www.linkedin.com/in/guyfriedman/; https://www.linkedin.com/in/bkapoor/; https://www.linkedin.com/in/nikhilabraham,https://x.com/steadymd,https://www.facebook.com/2008/,https://www.instagram.com/steadymd/,,,https://www.google.com/search?q=SteadyMD+%22Chief+Technology+Officer%22+site%3Alinkedin.com%2Fin
966,Maven Clinic,Telehealth / Digital Health,Womens Health,New York,NY,500,$100M-$200M,Patient engagement AI,$10K-$25K,CTO,www.mavenclinic.com,4,Fertility to menopause,support@mavenclinic.com,,(758) 545-3123,(709) 363-3525; (301) 829-1019,scraped,,,[first].[last]@mavenclinic.com; [f][last]@mavenclinic.com; [first]@mavenclinic.com; [first][last]@mavenclinic.com,https://www.linkedin.com/search/results/people/?keywords=%22CTO%22+%22Maven+Clinic%22,https://www.linkedin.com/company/mavenclinic/,,https://twitter.com/mavenclinic,https://www.facebook.com/mavenclinic,https://www.instagram.com/mavenclinic/,,,https://www.google.com/search?q=Maven+Clinic+%22CTO%22+site%3Alinkedin.com%2Fin
967,Ro (Roman/Rory),Telehealth / Digital Health,DTC Telehealth,New York,NY,1000,$200M-$500M,Patient triage AI,$10K-$25K,Chief Technology Officer,www.ro.co,4,DTC health platform,info@ro.co,contact@ro.co,(772) 212-9610,(273) 136-7740; (428) 740-0601,pattern,,,[first].[last]@ro.co; [f][last]@ro.co; [first]@ro.co; [first][last]@ro.co,https://www.linkedin.com/search/results/people/?keywords=%22Chief+Technology+Officer%22+%22Ro+%28Roman%2FRory%29%22,,,,,,,,https://www.google.com/search?q=Ro+%28Roman%2FRory%29+%22Chief+Technology+Officer%22+site%3Alinkedin.com%2Fin
968,Nurx,Telehealth / Digital Health,Reproductive Health,San Francisco,CA,300,$50M-$100M,Prescription AI,$5K-$15K,CTO,www.nurx.com,3,DTC reproductive health,info@nurx.com,contact@nurx.com,(195) 119-6028,(030) 402-9299; (121) 314-1301,pattern,,,[first].[last]@nurx.com; [f][last]@nurx.com; [first]@nurx.com; [first][last]@nurx.com,https://www.linkedin.com/search/results/people/?keywords=%22CTO%22+%22Nurx%22,https://www.linkedin.com/company/nurx,,https://x.com/wp,https://www.facebook.com/nurxapp,https://www.instagram.com/nurxapp/,https://www.youtube.com/channel/UCbPSriZYuAbZ68bknti_50w,,https://www.google.com/search?q=Nurx+%22CTO%22+site%3Alinkedin.com%2Fin
969,Ginger (Headspace Health),Telehealth / Digital Health,Mental Health,San Francisco,CA,800,$100M-$200M,Patient triage AI,$8K-$20K,Chief Technology Officer,www.headspacehealth.com,4,Merged with Headspace,press@headspacehealth.com,health@headspacehealth.com; help@headspace.com; teamsupport@headspace.com,(687) 121-5899,(167) 086-1698; (982) 182-6280,scraped,,,[first].[last]@headspacehealth.com; [f][last]@headspacehealth.com; [first]@headspacehealth.com; [first][last]@headspacehealth.com,https://www.linkedin.com/search/results/people/?keywords=%22Chief+Technology+Officer%22+%22Ginger+%28Headspace+Health%29%22,https://www.linkedin.com/company/headspace-meditation-limited,https://www.linkedin.com/in/seanbrecker/; https://www.linkedin.com/in/jaime-cole-fleischer-7080678/; https://www.linkedin.com/in/mikestraut/,https://twitter.com/Headspace,https://www.facebook.com/Headspace,https://www.instagram.com/headspace/,,,https://www.google.com/search?q=Ginger+%28Headspace+Health%29+%22Chief+Technology+Officer%22+site%3Alinkedin.com%2Fin
970,Talkspace,Telehealth / Digital Health,Mental Health,New York,NY,600,$100M-$200M,Therapist matching AI,$8K-$20K,CTO,www.talkspace.com,3,NASDAQ listed; online therapy,info@talkspace.com,contact@talkspace.com,(788) 272-8105,(663) 251-1297,pattern,,,[first].[last]@talkspace.com; [f][last]@talkspace.com; [first]@talkspace.com; [first][last]@talkspace.com,https://www.linkedin.com/search/results/people/?keywords=%22CTO%22+%22Talkspace%22,https://www.linkedin.com/company/talkspace,,https://twitter.com/Talkspace,https://www.facebook.com/talkspace,https://www.instagram.com/talkspace,,,https://www.google.com/search?q=Talkspace+%22CTO%22+site%3Alinkedin.com%2Fin
971,BetterHelp,Telehealth / Digital Health,Mental Health,Mountain View,CA,2000,$500M-$1B,Therapist matching AI,$15K-$30K,Chief Technology Officer,www.betterhelp.com,4,Largest online therapy platform,contact@betterhelp.com,,(261) 490-7008,(177) 240-3972; (172) 638-2092,pattern,,,[first].[last]@betterhelp.com; [f][last]@betterhelp.com; [first]@betterhelp.com; [first][last]@betterhelp.com,https://www.linkedin.com/search/results/people/?keywords=%22Chief+Technology+Officer%22+%22BetterHelp%22,https://www.linkedin.com/company/betterhelp-com,,https://twitter.com/betterhelp,https://www.facebook.com/BetterHelp/,https://www.instagram.com/betterhelp/,https://www.youtube.com/c/BetterHelp,,https://www.google.com/search?q=BetterHelp+%22Chief+Technology+Officer%22+site%3Alinkedin.com%2Fin
972,Teladoc Health,Telehealth / Digital Health,Telehealth Platform,Purchase,NY,5000,$1B+,Patient triage AI,$20K-$40K,CTO,www.teladochealth.com,5,NYSE listed; $2.6B revenue,help@teladochealth.com,pr@teladochealth.com,,(765) 287-3462; (765) 287-3557,scraped,,,[first].[last]@teladochealth.com; [f][last]@teladochealth.com; [first]@teladochealth.com; [first][last]@teladochealth.com,https://www.linkedin.com/search/results/people/?keywords=%22CTO%22+%22Teladoc+Health%22,https://www.linkedin.com/company/teladoc-health,,https://www.twitter.com/teladochealth,https://www.facebook.com/teladochealth,https://instagram.com/teladochealth,,,https://www.google.com/search?q=Teladoc+Health+%22CTO%22+site%3Alinkedin.com%2Fin
973,MDLive (Evernorth),Telehealth / Digital Health,Telehealth,Sunrise,FL,800,$200M-$500M,Scheduling AI,$10K-$20K,VP of Technology,www.mdlive.com,3,Cigna/Evernorth subsidiary,engage@mdlive.com,,(800) 400-6354,(000) 757-0022; (237) 671-1192,scraped,,,[first].[last]@mdlive.com; [f][last]@mdlive.com; [first]@mdlive.com; [first][last]@mdlive.com,https://www.linkedin.com/search/results/people/?keywords=%22VP+of+Technology%22+%22MDLive+%28Evernorth%29%22,https://www.linkedin.com/company/mdlive-inc-,,,https://www.facebook.com/MDLIVETelehealth,https://www.instagram.com/mdlive_inc/,,,https://www.google.com/search?q=MDLive+%28Evernorth%29+%22VP+of+Technology%22+site%3Alinkedin.com%2Fin
974,Doctor On Demand (Included Health),Telehealth / Digital Health,Telehealth,San Francisco,CA,500,$100M-$200M,Patient triage AI,$8K-$20K,Chief Technology Officer,www.includedhealth.com,3,Now Included Health,support@includedhealth.com,press@includedhealth.com; support@doctorondemand.com,(177) 213-2007,(800) 929-0926; (101) 449-7162,scraped,,,[first].[last]@includedhealth.com; [f][last]@includedhealth.com; [first]@includedhealth.com; [first][last]@includedhealth.com,https://www.linkedin.com/search/results/people/?keywords=%22Chief+Technology+Officer%22+%22Doctor+On+Demand+%28Included+Health%29%22,https://www.linkedin.com/company/includedhealth/,https://www.linkedin.com/in/owentripp/; https://www.linkedin.com/in/nupursrivastava/; https://www.linkedin.com/in/robguenthner/,https://x.com/IncludedHealth,https://www.facebook.com/IncludedHealth,https://www.instagram.com/Included.health/,,,https://www.google.com/search?q=Doctor+On+Demand+%28Included+Health%29+%22Chief+Technology+Officer%22+site%3Alinkedin.com%2Fin
975,Kaia Health,Telehealth / Digital Health,MSK Digital,New York,NY,200,$50M-$100M,AI-guided therapy,$8K-$15K,CTO,www.kaiahealth.com,3,560K+ participants; MSK/COPD,info@kaiahealth.com,contact@kaiahealth.com,(262) 409-3838,(555) 929-9599; (308) 599-8222,pattern,,,[first].[last]@kaiahealth.com; [f][last]@kaiahealth.com; [first]@kaiahealth.com; [first][last]@kaiahealth.com,https://www.linkedin.com/search/results/people/?keywords=%22CTO%22+%22Kaia+Health%22,https://www.linkedin.com/company/kaiahealth,,https://twitter.com/kaiahealth,https://www.facebook.com/kaiahealth/,https://www.instagram.com/kaiahealth/,,,https://www.google.com/search?q=Kaia+Health+%22CTO%22+site%3Alinkedin.com%2Fin
976,DocGo,Telehealth / Digital Health,Mobile Health,New York,NY,5000,$200M-$500M,Patient scheduling AI,$10K-$25K,Chief Technology Officer,www.docgo.com,4,NASDAQ listed; 1K vehicles,info@docgo.com,contact@docgo.com,(176) 368-0435,(916) 121-9151; (119) 781-5191,pattern,,,[first].[last]@docgo.com; [f][last]@docgo.com; [first]@docgo.com; [first][last]@docgo.com,https://www.linkedin.com/search/results/people/?keywords=%22Chief+Technology+Officer%22+%22DocGo%22,https://www.linkedin.com/company/docgo,,https://x.com/docgocares,https://www.facebook.com/DocGo/,https://www.instagram.com/docgocares/,https://www.youtube.com/c/docgo,,https://www.google.com/search?q=DocGo+%22Chief+Technology+Officer%22+site%3Alinkedin.com%2Fin
977,Isaac Health,Telehealth / Digital Health,Brain Health,New York,NY,100,$10M-$25M,Follow-up automation AI,$5K-$12K,CTO,www.isaachealth.com,3,Virtual dementia care,info@isaachealth.com,contact@isaachealth.com,,,pattern,,,[first].[last]@isaachealth.com; [f][last]@isaachealth.com; [first]@isaachealth.com; [first][last]@isaachealth.com,https://www.linkedin.com/search/results/people/?keywords=%22CTO%22+%22Isaac+Health%22,,,,,,,,https://www.google.com/search?q=Isaac+Health+%22CTO%22+site%3Alinkedin.com%2Fin
978,Boulder Care,Telehealth / Digital Health,Addiction,Portland,OR,100,$10M-$25M,Patient triage AI,$5K-$12K,Chief Technology Officer,www.boulder.care,3,Telehealth addiction medicine,press@boulder.care,,(503) 563-2550,(628) 283-4965; (628) 282-6569,scraped,,,[first].[last]@boulder.care; [f][last]@boulder.care; [first]@boulder.care; [first][last]@boulder.care,https://www.linkedin.com/search/results/people/?keywords=%22Chief+Technology+Officer%22+%22Boulder+Care%22,https://www.linkedin.com/company/boulder,,https://www.twitter.com/bouldercare,https://www.facebook.com/bouldercare,https://www.instagram.com/bouldercare/,,,https://www.google.com/search?q=Boulder+Care+%22Chief+Technology+Officer%22+site%3Alinkedin.com%2Fin
979,Virta Health,Telehealth / Digital Health,Diabetes Reversal,San Francisco,CA,500,$100M-$200M,Patient monitoring AI,$8K-$20K,CTO,www.virtahealth.com,4,Type 2 diabetes reversal,info@virtahealth.com,contact@virtahealth.com,,,pattern,,,[first].[last]@virtahealth.com; [f][last]@virtahealth.com; [first]@virtahealth.com; [first][last]@virtahealth.com,https://www.linkedin.com/search/results/people/?keywords=%22CTO%22+%22Virta+Health%22,,,,,,,,https://www.google.com/search?q=Virta+Health+%22CTO%22+site%3Alinkedin.com%2Fin
980,Omada Health,Telehealth / Digital Health,Chronic Care,San Francisco,CA,600,$100M-$200M,Patient engagement AI,$8K-$20K,Chief Technology Officer,www.omadahealth.com,4,Chronic disease management,support@omadahealth.com,support@omada.com,(643) 089-4597,(772) 215-9860; (643) 081-7364,scraped,,,[first].[last]@omadahealth.com; [f][last]@omadahealth.com; [first]@omadahealth.com; [first][last]@omadahealth.com,https://www.linkedin.com/search/results/people/?keywords=%22Chief+Technology+Officer%22+%22Omada+Health%22,https://www.linkedin.com/company/omada-health,,https://twitter.com/omadahealth,https://www.facebook.com/omadahealth,https://instagram.com/omadahealth,,,https://www.google.com/search?q=Omada+Health+%22Chief+Technology+Officer%22+site%3Alinkedin.com%2Fin
981,Lyra Health,Telehealth / Digital Health,Mental Health,Burlingame,CA,1000,$200M-$500M,Therapist matching AI,$10K-$25K,CTO,www.lyrahealth.com,4,Employer mental health benefit,info@lyrahealth.com,contact@lyrahealth.com,(177) 240-3607,(398) 916-2172,pattern,,,[first].[last]@lyrahealth.com; [f][last]@lyrahealth.com; [first]@lyrahealth.com; [first][last]@lyrahealth.com,https://www.linkedin.com/search/results/people/?keywords=%22CTO%22+%22Lyra+Health%22,https://www.linkedin.com/company/lyra-health/,https://www.linkedin.com/in/jenniferschulz/; https://www.linkedin.com/in/bryanrobertsvc/; https://www.linkedin.com/in/kerry-chandler/,https://twitter.com/lyrahealth,https://www.facebook.com/lyrahealth,,,,https://www.google.com/search?q=Lyra+Health+%22CTO%22+site%3Alinkedin.com%2Fin
982,Spring Health,Telehealth / Digital Health,Mental Health,New York,NY,700,$100M-$200M,Treatment prediction AI,$8K-$20K,Chief Technology Officer,www.springhealth.com,4,Precision mental health,hello@springhealth.com,sales@springhealth.com; press@springhealth.com,(855) 629-0554,(864) 027-2895; (136) 810-4324,scraped,,,[first].[last]@springhealth.com; [f][last]@springhealth.com; [first]@springhealth.com; [first][last]@springhealth.com,https://www.linkedin.com/search/results/people/?keywords=%22Chief+Technology+Officer%22+%22Spring+Health%22,https://www.linkedin.com/company/spring-health,,https://twitter.com/spring_health,https://www.facebook.com/springhealth/,https://www.instagram.com/spring.health,,,https://www.google.com/search?q=Spring+Health+%22Chief+Technology+Officer%22+site%3Alinkedin.com%2Fin
983,Cityblock Health,Telehealth / Digital Health,Medicaid Care,Brooklyn,NY,1000,$100M-$200M,Care coordination AI,$10K-$25K,CTO,www.cityblock.com,4,Value-based care for Medicaid,info@cityblock.com,contact@cityblock.com,(335) 803-1800,(833) 904-2273; (833) 904-2273,pattern,,,[first].[last]@cityblock.com; [f][last]@cityblock.com; [first]@cityblock.com; [first][last]@cityblock.com,https://www.linkedin.com/search/results/people/?keywords=%22CTO%22+%22Cityblock+Health%22,,,https://twitter.com/cityblockhealth,https://facebook.com/CityblockHealth,,,,https://www.google.com/search?q=Cityblock+Health+%22CTO%22+site%3Alinkedin.com%2Fin
984,Hinge Health,Telehealth / Digital Health,MSK Digital,San Francisco,CA,1200,$200M-$500M,AI exercise therapy,$10K-$25K,Chief Technology Officer,www.hingehealth.com,4,Digital MSK clinic,help@hingehealth.com,global-support@hingehealth.com,(944) 946-7369,(855) 902-2777; (211) 089-9317,scraped,,,[first].[last]@hingehealth.com; [f][last]@hingehealth.com; [first]@hingehealth.com; [first][last]@hingehealth.com,https://www.linkedin.com/search/results/people/?keywords=%22Chief+Technology+Officer%22+%22Hinge+Health%22,https://www.linkedin.com/company/hinge-health,,https://twitter.com/hingehealth,https://www.facebook.com/hingehealth/,https://www.instagram.com/hingehealth/,https://www.youtube.com/channel/UCZ0l8OzzQvaG2eOMqiOiZjw,,https://www.google.com/search?q=Hinge+Health+%22Chief+Technology+Officer%22+site%3Alinkedin.com%2Fin
985,Noom,Telehealth / Digital Health,Weight/Wellness,New York,NY,3000,$500M-$1B,Behavior change AI,$10K-$25K,CTO,www.noom.com,4,AI-powered weight management,info@noom.com,contact@noom.com,(176) 163-0577,(177) 187-7208; (177) 187-6572,pattern,,,[first].[last]@noom.com; [f][last]@noom.com; [first]@noom.com; [first][last]@noom.com,https://www.linkedin.com/search/results/people/?keywords=%22CTO%22+%22Noom%22,https://www.linkedin.com/company/noom-inc/,,https://twitter.com/noom,https://www.facebook.com/noom,https://www.instagram.com/noom/,,,https://www.google.com/search?q=Noom+%22CTO%22+site%3Alinkedin.com%2Fin
986,98point6,Telehealth / Digital Health,AI Primary Care,Seattle,WA,300,$50M-$100M,AI clinical decision,$8K-$15K,Chief Technology Officer,www.98point6.com,3,AI-first text-based care,media@98point6.com,,(171) 330-1764,(666) 666-6667; (666) 666-6667,scraped,,,[first].[last]@98point6.com; [f][last]@98point6.com; [first]@98point6.com; [first][last]@98point6.com,https://www.linkedin.com/search/results/people/?keywords=%22Chief+Technology+Officer%22+%2298point6%22,https://www.linkedin.com/company/98point6-inc,,https://x.com/98point6Inc,https://www.facebook.com/98point6inc/,https://www.instagram.com/98point6/,,,https://www.google.com/search?q=98point6+%22Chief+Technology+Officer%22+site%3Alinkedin.com%2Fin
987,Akili Interactive,Telehealth / Digital Health,Digital Therapeutics,Boston,MA,100,$25M-$50M,Treatment AI,$5K-$15K,CTO,www.akiliinteractive.com,3,FDA-cleared video game therapy,user@domain.com,support@endeavorotc.com; support@endeavorrx.com,(541) 604-2545,(541) 604-2610; (314) 192-5352,scraped,,,[first].[last]@akiliinteractive.com; [f][last]@akiliinteractive.com; [first]@akiliinteractive.com; [first][last]@akiliinteractive.com,https://www.linkedin.com/search/results/people/?keywords=%22CTO%22+%22Akili+Interactive%22,https://www.linkedin.com/company/akili-interactive-labs-inc-/,,https://twitter.com/uwt,http://www.facebook.com/2008/,,,,https://www.google.com/search?q=Akili+Interactive+%22CTO%22+site%3Alinkedin.com%2Fin
988,Pear Therapeutics,Telehealth / Digital Health,Digital Therapeutics,Boston,MA,100,$10M-$25M,Treatment adherence AI,$5K-$12K,VP of Technology,www.peartherapeutics.com,2,Prescription digital therapeutics,info@peartherapeutics.com,contact@peartherapeutics.com,,,pattern,,,[first].[last]@peartherapeutics.com; [f][last]@peartherapeutics.com; [first]@peartherapeutics.com; [first][last]@peartherapeutics.com,https://www.linkedin.com/search/results/people/?keywords=%22VP+of+Technology%22+%22Pear+Therapeutics%22,,,,,,,,https://www.google.com/search?q=Pear+Therapeutics+%22VP+of+Technology%22+site%3Alinkedin.com%2Fin
989,Wheel,Telehealth / Digital Health,Clinician Network,Austin,TX,200,$25M-$50M,Clinician matching AI,$5K-$15K,Chief Technology Officer,www.wheel.com,3,Telehealth infrastructure,support@wheel.com,press@wheel.com; info@wheel.com,(176) 840-9695,(102) 837-9316; (160) 082-1268,scraped,,,[first].[last]@wheel.com; [f][last]@wheel.com; [first]@wheel.com; [first][last]@wheel.com,https://www.linkedin.com/search/results/people/?keywords=%22Chief+Technology+Officer%22+%22Wheel%22,https://www.linkedin.com/company/wheel-health/,https://www.linkedin.com/in/griffinmulcahey/; https://www.linkedin.com/in/daveymichelle/,https://twitter.com/Wheel_Health,https://www.facebook.com/WheelCareTeam/,,,,https://www.google.com/search?q=Wheel+%22Chief+Technology+Officer%22+site%3Alinkedin.com%2Fin
990,Truepill,Telehealth / Digital Health,Digital Pharmacy,Hayward,CA,400,$50M-$100M,Rx fulfillment AI,$8K-$15K,CTO,www.truepill.com,3,Digital pharmacy infrastructure,rx.support@fuzehealth.com,,(202) 669-3568,(129) 518-2590; (833) 860-1057,scraped,,,[first].[last]@truepill.com; [f][last]@truepill.com; [first]@truepill.com; [first][last]@truepill.com,https://www.linkedin.com/search/results/people/?keywords=%22CTO%22+%22Truepill%22,https://www.linkedin.com/company/fuze-health-inc,,,,,,,https://www.google.com/search?q=Truepill+%22CTO%22+site%3Alinkedin.com%2Fin
991,Alto Pharmacy,Telehealth / Digital Health,Digital Pharmacy,San Francisco,CA,500,$100M-$200M,Rx delivery AI,$8K-$20K,Chief Technology Officer,www.alto.com,3,Pharmacy delivery platform,care@alto.com,,(800) 874-5881,(163) 306-0802; (179) 382-8061,scraped,,,[first].[last]@alto.com; [f][last]@alto.com; [first]@alto.com; [first][last]@alto.com,https://www.linkedin.com/search/results/people/?keywords=%22Chief+Technology+Officer%22+%22Alto+Pharmacy%22,https://www.linkedin.com/company/altopharmacy/,,https://twitter.com/altopharmacy,https://www.facebook.com/altopharmacy/,https://www.instagram.com/altopharmacy/,,,https://www.google.com/search?q=Alto+Pharmacy+%22Chief+Technology+Officer%22+site%3Alinkedin.com%2Fin
992,Capsule Pharmacy,Telehealth / Digital Health,Digital Pharmacy,New York,NY,400,$50M-$100M,Rx management AI,$5K-$15K,CTO,www.capsule.com,3,NYC pharmacy delivery,help@capsule.com,,(333) 333-3333,(888) 910-1808; (888) 910-1808,scraped,,,[first].[last]@capsule.com; [f][last]@capsule.com; [first]@capsule.com; [first][last]@capsule.com,https://www.linkedin.com/search/results/people/?keywords=%22CTO%22+%22Capsule+Pharmacy%22,,,https://www.twitter.com/capsulecares,https://www.facebook.com/capsulecares,https://www.instagram.com/capsulecares,,,https://www.google.com/search?q=Capsule+Pharmacy+%22CTO%22+site%3Alinkedin.com%2Fin
993,Bright Health,Telehealth / Digital Health,Health Plan,Minneapolis,MN,1500,$1B+,Member engagement AI,$10K-$25K,Chief Technology Officer,www.brighthealthgroup.com,4,Technology-first health plan,info@brighthealthgroup.com,contact@brighthealthgroup.com,(848) 597-2764,,pattern,,,[first].[last]@brighthealthgroup.com; [f][last]@brighthealthgroup.com; [first]@brighthealthgroup.com; [first][last]@brighthealthgroup.com,https://www.linkedin.com/search/results/people/?keywords=%22Chief+Technology+Officer%22+%22Bright+Health%22,https://www.linkedin.com/company/neuehealth,,,,,,,https://www.google.com/search?q=Bright+Health+%22Chief+Technology+Officer%22+site%3Alinkedin.com%2Fin
994,Oscar Health,Telehealth / Digital Health,Health Plan,New York,NY,3000,$5B+,Member engagement AI,$15K-$30K,CTO,www.hioscar.com,5,NYSE listed; tech-first insurance,help@hioscar.com,ir@hioscar.com; press@hioscar.com,(790) 876-4894,(720) 854-4600; (358) 322-0081,scraped,,,[first].[last]@hioscar.com; [f][last]@hioscar.com; [first]@hioscar.com; [first][last]@hioscar.com,https://www.linkedin.com/search/results/people/?keywords=%22CTO%22+%22Oscar+Health%22,,,https://twitter.com/OscarHealth,https://www.facebook.com/OscarHealth,https://www.instagram.com/oscarhealth/,,,https://www.google.com/search?q=Oscar+Health+%22CTO%22+site%3Alinkedin.com%2Fin
995,Clover Health,Telehealth / Digital Health,Medicare Advantage,Franklin,TN,700,$500M-$1B,Clinical AI assistant,$10K-$20K,Chief Technology Officer,www.cloverhealth.com,3,NASDAQ listed; Clover Assistant AI,agents@cloverhealth.com,,(704) 369-6598,(888) 778-1478; (009) 487-3555,scraped,,,[first].[last]@cloverhealth.com; [f][last]@cloverhealth.com; [first]@cloverhealth.com; [first][last]@cloverhealth.com,https://www.linkedin.com/search/results/people/?keywords=%22Chief+Technology+Officer%22+%22Clover+Health%22,https://www.linkedin.com/company/clover-health,,https://twitter.com/cloverhealth,https://www.facebook.com/CloverHealth/,http://instagram.com/cloverhealth,https://www.youtube.com/channel/UCLNsj-zSpHstE8xLxbj6F6g/,,https://www.google.com/search?q=Clover+Health+%22Chief+Technology+Officer%22+site%3Alinkedin.com%2Fin
996,Alignment Healthcare,Telehealth / Digital Health,Senior Care,Orange,CA,3000,$500M-$1B,Care coordination AI,$10K-$25K,CTO,www.alignmenthealthcare.com,4,NASDAQ listed; value-based,user@domain.com,,(747) 439-4597,(314) 192-5352; (772) 248-1366,scraped,,,[first].[last]@alignmenthealthcare.com; [f][last]@alignmenthealthcare.com; [first]@alignmenthealthcare.com; [first][last]@alignmenthealthcare.com,https://www.linkedin.com/search/results/people/?keywords=%22CTO%22+%22Alignment+Healthcare%22,https://www.linkedin.com/company/alignment-health,,https://x.com/alignmenthealth,http://www.facebook.com/2008/,https://www.instagram.com/alignmenthealth/,,,https://www.google.com/search?q=Alignment+Healthcare+%22CTO%22+site%3Alinkedin.com%2Fin
997,Dispatch Health,Telehealth / Digital Health,Mobile Health,Denver,CO,3000,$200M-$500M,Dispatch AI,$10K-$25K,Chief Technology Officer,www.dispatchhealth.com,4,In-home urgent care,info@dispatchhealth.com,,(720) 647-5329,(842) 672-1226; (528) 532-8019,pattern,,,[first].[last]@dispatchhealth.com; [f][last]@dispatchhealth.com; [first]@dispatchhealth.com; [first][last]@dispatchhealth.com,https://www.linkedin.com/search/results/people/?keywords=%22Chief+Technology+Officer%22+%22Dispatch+Health%22,https://www.linkedin.com/company/dispatchhealth,,,,,,,https://www.google.com/search?q=Dispatch+Health+%22Chief+Technology+Officer%22+site%3Alinkedin.com%2Fin
998,Babylon Health,Telehealth / Digital Health,AI Health,Austin,TX,300,$25M-$50M,AI triage,$5K-$15K,CTO,www.babylonhealth.com,3,AI-powered health platform,info@babylonhealth.com,contact@babylonhealth.com,,,pattern,,,[first].[last]@babylonhealth.com; [f][last]@babylonhealth.com; [first]@babylonhealth.com; [first][last]@babylonhealth.com,https://www.linkedin.com/search/results/people/?keywords=%22CTO%22+%22Babylon+Health%22,,,,,,,,https://www.google.com/search?q=Babylon+Health+%22CTO%22+site%3Alinkedin.com%2Fin
999,K Health,Telehealth / Digital Health,AI Primary Care,New York,NY,300,$50M-$100M,AI symptom checker,$8K-$15K,Chief Technology Officer,www.khealth.com,3,AI-powered primary care,support@khealth.com,,(100) 171-0094,(100) 172-5635; (770) 224-8292,scraped,,,[first].[last]@khealth.com; [f][last]@khealth.com; [first]@khealth.com; [first][last]@khealth.com,https://www.linkedin.com/search/results/people/?keywords=%22Chief+Technology+Officer%22+%22K+Health%22,https://www.linkedin.com/company/khealthinc/,,https://x.com/khealth,https://www.facebook.com/KHealthInc/,https://www.instagram.com/khealth/,https://www.youtube.com/channel/UCru3Lkst7dgvOI9pgFvY4SA,,https://www.google.com/search?q=K+Health+%22Chief+Technology+Officer%22+site%3Alinkedin.com%2Fin
1000,Hims & Hers Health,Telehealth / Digital Health,DTC Telehealth,San Francisco,CA,2000,$1B+,Patient engagement AI,$15K-$30K,CTO,www.hims.com,5,NYSE listed; $1B+ revenue,info@hims.com,contact@hims.com,(160) 294-1176,(227) 272-7272; (037) 735-8490,pattern,,,[first].[last]@hims.com; [f][last]@hims.com; [first]@hims.com; [first][last]@hims.com,https://www.linkedin.com/search/results/people/?keywords=%22CTO%22+%22Hims+%26+Hers+Health%22,https://www.linkedin.com/company/hims-,,https://twitter.com/wearehims,https://facebook.com/wearehims,https://instagram.com/hims,https://www.youtube.com/channel/UCH5P78PeOn_5mnbDK-tl8mw,,https://www.google.com/search?q=Hims+%26+Hers+Health+%22CTO%22+site%3Alinkedin.com%2Fin
